participant_id,session,interoceptive_precision,exteroceptive_precision,interoceptive_tonic_volatility,exteroceptive_tonic_volatility,exteroceptive_mean,interoceptive_mean,interoceptive_sensitivity,exteroceptive_sensitivity,logit_interoceptive_sensitivity,logit_exteroceptive_sensitivity
sub-0019,1,0.004644657874379915,0.04440291349882785,-25.657292569624836,27.93587102849852,103.99821139692374,79.88075895314299,0.004623184762899475,0.9999999999833966,-5.372037564022435,24.821420836145418
sub-0019,2,0.6613967217676061,0.030180031903624952,-26.17785074406701,27.042043668885086,107.2977855171078,126.64591935703201,0.3980968019881671,0.9999999999402869,-0.41340143494743176,23.54146890035539
sub-0020,1,0.014534865451092643,0.02461948770989395,-28.339621130489853,29.961886623037316,107.29125689443767,55.87307504990249,0.014326629814380069,0.9999999999960515,-4.231205001904422,26.257669656711016
sub-0022,1,0.25902043097234584,0.029200453516961957,-25.6507610311974,28.406332265969056,103.36359991543965,35.33300561528122,0.2057317138005409,0.9999999999842276,-1.3508483363234274,24.872761227543812
sub-0022,2,0.007383989385421151,0.21893671786535884,-27.919821376953394,25.518792987601085,104.62007491546143,48.73982435123395,0.007329865734645459,0.9999999999622419,-4.9084412192925475,23.999820437167962
sub-0023,1,0.22023191858592572,0.010643160947049608,-26.084830703815342,28.49253573381617,105.11094754893736,65.64017210279897,0.18048365661667837,0.9999999999603011,-1.5130741124871994,23.949697976117612
sub-0023,2,0.07183979616733001,0.04245322564361313,-27.11435458841369,28.342092726406854,104.73256875351592,54.245687328776576,0.06702475166935033,0.9999999999884315,-2.6333166923049904,25.18274034418883
sub-0024,1,0.9571251247370732,0.0036430379296543457,-12.92507710165537,30.480540121657697,105.00767553320657,111.56294572496469,0.48904707422428983,0.9999999999841144,-0.043818713041676526,24.86560277230152
sub-0024,2,0.2208785413741943,0.03756738908092942,-25.045870280129726,27.9181513865471,104.00433514204182,73.02655445051833,0.18091770302390456,0.9999999999800249,-1.5101423150712658,24.636532469951764
sub-0025,1,0.018903672042617573,0.01073511316325239,-27.702137991308582,28.14807223411795,104.09815316845501,44.22116810873669,0.018552953101776796,0.9999999999444555,-3.9683990878178887,23.61383692793487
sub-0025,2,0.020372436435206722,0.01734105114508575,-26.45245241289525,28.57034676403561,105.37790053959571,42.64734050372205,0.019965686751050576,0.9999999999774586,-3.89357244689881,24.515668074239418
sub-0026,1,0.8202271485890283,0.0324076852700113,9.581592608882914,29.00758464951233,103.52182782772167,91.81163501146135,0.9999159056962145,0.9999999999922103,9.383487626884586,25.57822496489304
sub-0026,2,0.9371406722719416,0.040445427401295884,-24.660734811195777,30.41569809782887,105.10840256719791,29.99777754299495,0.48377522897305386,0.9999999999984732,-0.06492187749967132,27.207896412730175
sub-0027,1,0.22669724141583295,0.05244383508014386,-14.915585907509248,28.0053041624573,94.09286446526251,71.0931102996517,0.18480297768102483,0.9999999999868854,-1.484139557131533,25.05729167242314
sub-0027,2,0.01010819839812737,0.23848424880052785,-21.261984369575256,22.100767491974004,101.03215564112546,68.48015935789843,0.01000704520564871,0.9999999989424548,-4.594408461233167,20.667315478626467
sub-0028,1,0.23815845763521193,0.006241795668452226,-28.350848673045544,30.041693862525157,102.75924452911546,34.5319123460383,0.19234893253499236,0.9999999999856204,-1.4348190384656911,24.96520649190752
sub-0028,2,0.4325243424895251,0.019111921772498347,-28.326294612401835,29.141104115159628,104.67463651113721,61.08941946217396,0.30193158305289913,0.9999999999884421,-0.8381166709807699,25.183661153083715
sub-0029,1,0.7551698013682344,0.018378069312977766,-17.305950201998677,29.51969592406443,103.79066490809821,32.92343415997661,0.4302545622064122,0.9999999999917689,-0.28081262205793467,25.52309871367311
sub-0030,1,0.9419345301957331,0.021588357327083547,-28.731441660958453,30.46045591980404,107.62641001454608,115.04458568688342,0.4850495809974367,0.9999999999972649,-0.05981950767452409,26.624854797557532
sub-0031,1,0.007745464487117601,0.010761981859653822,-26.916916895616595,28.737590831119086,104.44370660714269,60.60665268855182,0.00768593336321814,0.9999999999692722,-4.860647834395971,24.205855277610617
sub-0031,2,0.01676996359791234,0.047306828868317434,-26.946676368244866,29.663671809353303,104.17228615611971,73.710647928221,0.016493370377113948,0.9999999999972311,-4.088165873814517,26.612571188985697
sub-0032,1,0.010753999378644578,0.07657087507615729,-26.885020217349695,28.248372450207434,105.35117042372134,45.34503465005174,0.010639581327680102,0.9999999999929559,-4.532477558371549,25.67883395473218
sub-0032,2,1.1549467576507568,0.03458959505603535,-3.721552483725045,27.025831064729157,106.80865794796013,65.30260255630098,0.5418921911807715,0.9999999999470477,0.16796252554480645,23.661628701663094
sub-0034,1,0.22159951665008992,0.02111996904483439,1.6667903634497725,27.854092564452536,106.40020584082976,56.967865180967316,0.5824636555394497,0.9999999999621184,0.3328951964674094,23.996556278627995
sub-0034,2,0.005846810780369747,0.027686308617645348,-23.302353707118442,27.419238465174107,105.96147088857589,54.81110561667937,0.005812824297046245,0.9999999999553614,-5.141858932068168,23.832421203461756
sub-0035,1,0.9999429828169741,0.007434251679748162,-11.007220262285214,29.121093991481974,103.12591914668494,108.02477978425954,0.4999898906495996,0.9999999999696868,-4.0437401607352604e-05,24.219436639027787
sub-0035,2,0.12670555257902247,0.011806637265104142,-26.95908947765341,29.163296886911002,104.16259815712128,33.46490180113277,0.11245666828322129,0.9999999999817014,-2.0658893679959727,24.72420346136164
sub-0036,1,0.8372356250672236,0.0009011698841603721,-4.262225586149229,-26.541885132441493,20.273764431245297,67.78022125932887,0.4591767797460941,0.0009003585081905188,-0.16365718369523305,-7.011816767448971
sub-0037,1,0.21943182199152458,0.06811458321293884,-23.31522630389778,26.077208374854923,102.76277598759881,60.10549897325455,0.17994595355616597,0.999999999930566,-1.516713700601224,23.390644430203427
sub-0037,2,0.03730402373650622,0.035570418484162085,-26.63461509912522,28.375072872431232,104.42309039686931,59.06698421721843,0.03596247858195864,0.9999999999866411,-3.288654083174388,25.038831944428217
sub-0038,1,0.03664319682164472,0.01877021352211027,-27.90835183309434,29.520084718094775,103.91484334447678,47.149536963209854,0.03534793546518205,0.999999999991944,-3.3065274934824287,25.544600665358296
sub-0038,2,0.023991009006889538,0.01959461353964737,-27.351431601034548,29.189881469211688,101.99388946111984,51.90422664834912,0.02342892544553495,0.9999999999892636,-3.730076143535173,25.257380899290713
sub-0039,1,0.9411132086805956,0.019771451539019425,-0.8852084501087455,28.298754864614654,103.6653222373896,77.21261431500223,0.5707128294048812,0.99999999997406,0.2847600671011688,24.375238641416217
sub-0039,2,0.7100181711090078,0.017455949013548085,-14.545776584670062,27.393352512339355,108.4067390818012,53.22271591585606,0.4152110095351409,0.9999999999273436,-0.34246423438230494,23.345277741589534
sub-0040,1,0.003735830864837122,0.01459030712254086,-28.02782958626853,28.249159213564532,106.41551988268571,40.18632968184792,0.003721926377402274,0.9999999999630613,-5.589785031364203,24.021761347104498
sub-0041,1,0.46048158996891003,0.018133228790085155,-26.307986145985517,28.341148341317727,107.66725848406274,38.91355424053964,0.31529434751717506,0.9999999999728905,-0.7754824024341632,24.33113916226059
sub-0042,1,0.016041811969253864,0.050910093029707996,-26.8665594697291,28.722901924321892,104.7081732098037,51.27174704151166,0.015788535255449914,0.9999999999934083,-4.132556717257555,25.7452078405893
sub-0042,2,0.012868385478404704,0.02171969233275017,-26.115678606413915,28.798430840259442,103.66686068607804,55.112398201580056,0.012704894004944626,0.9999999999856733,-4.352981713692269,24.968894891084194
sub-0043,1,0.006493892061660208,0.03685788236929109,-26.660363365404258,27.619866905096785,106.38379823673564,73.01849408813597,0.0064519935122263105,0.9999999999725644,-5.0368932266780915,24.31918112606377
sub-0044,2,0.0073538652066573885,0.052629852784061425,-24.88124577197333,28.698631531066244,103.81560405749286,56.09277428915633,0.007300180662197509,0.999999999993467,-4.912529225510583,25.75415975425948
sub-0045,2,0.03453330250059536,0.14182792199080393,-26.247737537165275,27.223950522502097,103.5362839559624,78.91868667214777,0.033380561473716895,0.9999999999894068,-3.3658311306611775,25.27080974931265
sub-0046,1,1.0992536347847435,0.0041888114310382266,3.5425126444446704,27.795608598520243,104.9215074217621,115.47623173136445,0.9750514304299093,0.9999999997974979,3.665673730071635,22.32027034522165
sub-0046,2,0.8172259991069536,0.009731255078001499,-27.229377358749606,28.52978207785908,106.8723213550349,36.930230970485056,0.44971071265172197,0.9999999999581685,-0.2018396016791442,23.897369677301562
sub-0047,1,0.12842929122227434,0.020314498100542346,-27.893141127403933,24.557447814019515,104.75034836436033,75.45950885439906,0.1138124401957449,0.999999998935784,-2.0523767889579405,20.661027358337837
sub-0047,2,0.0006707020394501211,0.044992378194685344,-24.63098004451339,28.01529740267508,105.26682116459935,34.40016377956013,0.0006702524997450586,0.9999999999848654,-7.307185574064648,24.914035225667206
sub-0048,1,1.1791343542520558,0.02746335094244332,-17.22693124102524,28.7280327939016,105.22324646992973,52.885597323960134,0.5411021903282569,0.9999999999878432,0.16478060416563575,25.13312993776517
sub-0049,1,0.09906585110524593,0.019134539297900245,-26.863583602289996,27.401432825364886,103.43851715471803,49.8031486100975,0.09013641084910172,0.9999999999342508,-2.3119704872887863,23.445172588562123
sub-0049,2,0.011304813063153672,0.022981924361524242,-28.053092154732127,27.84754050767503,105.28103973946827,52.641322653251166,0.011178442856333012,0.9999999999649587,-4.482526709155301,24.07449323831862
sub-0050,1,0.054836016507428656,0.008112126807144442,-25.94043164826584,29.187425191158447,104.55144523540885,64.57399388674747,0.05198534715307986,0.9999999999740027,-2.9034080653704146,24.3730299909476
sub-0050,2,0.013746768974883448,0.009489461040911423,-27.066788991996006,28.77120090439201,101.45608651108282,62.928067852118865,0.013560357868078078,0.9999999999663035,-4.286951466125621,24.11362744410226
sub-0051,1,0.030608744619587673,0.12448281069128851,-27.678176844930437,27.06889399141615,106.7270483169386,45.29754461831365,0.029699674856644192,0.9999999999859065,-3.486469538965905,24.985306352071802
sub-0052,1,0.008405887178703584,0.0469196500058506,-26.548541869713375,26.822171985251277,108.12946653943862,82.80229703266666,0.008335817239470907,0.9999999999521454,-4.778822964006245,23.76285327064799
sub-0052,2,0.7135774618854264,0.057539749115068414,24.546192580205016,26.085531578872818,104.39973562726502,104.03182923901797,0.9999999999693604,0.9999999999184864,24.20872829833103,23.230252297826237
sub-0054,1,0.040105472127558,0.14286667506209624,-28.529330548182756,27.342818455754824,103.50605933360708,30.040969574221013,0.03855904348386621,0.9999999999906625,-3.216242491945437,25.396975029909477
sub-0055,1,0.011540947122212177,0.03697316748756481,-24.71478851279139,28.18706593892449,103.71397044240136,46.87157833504093,0.011409273302535498,0.9999999999844895,-4.461853948269524,24.889503106461436
sub-0056,1,0.1149225218765937,0.027896568880166374,-28.428412652366926,28.327982627248225,106.32432056643282,51.32540332431703,0.10307668884758653,0.9999999999821448,-2.1634971004838652,24.748731050325837
sub-0056,2,0.010703762633949758,0.04064117698380248,-26.843547957084258,26.885420645923208,105.1717904553192,71.20188058709141,0.010590405447861833,0.9999999999481386,-4.537159951293069,23.68244713100965
sub-0057,1,0.011319039022458198,0.030244959676477386,-27.91483527161229,27.988498513358625,104.0004155612508,54.02408142465649,0.011192352349469874,0.9999999999768743,-4.481269101818871,24.490072782705795
sub-0057,2,0.14263287578880643,0.05601004692425395,-26.657214682915715,28.004151720515313,103.13218859831034,61.1019138907006,0.12482826182527931,0.9999999999877063,-1.9474812520672726,25.12192752553876
sub-0058,1,0.014589857430748573,0.037990331886809565,-26.45359539021211,28.581518059335824,105.14733494970822,57.24418195402212,0.014380054485998143,0.999999999989825,-4.227428688202113,25.31109448367785
sub-0058,2,0.007449346344829216,0.11587074592866264,-25.841648741645354,27.105123554851446,105.49306357242743,56.04366431809598,0.007394263912027709,0.9999999999853977,-4.899628989383069,24.949843586493344
sub-0059,1,0.027558850428026006,0.07923104555802186,-25.89253950733557,27.28569694106325,105.16918152256014,67.33908193872604,0.026819729513982617,0.9999999999821729,-3.5914315453110306,24.750309873464108
sub-0059,2,0.37258656614441327,0.27215939536838857,-15.12312443455347,22.928729267798644,104.15988954162556,72.38154204611294,0.2714485546862264,0.9999999995950922,-0.9872856053628306,21.627361895968278
sub-0060,1,1.1263949795235078,0.011598028910148465,-25.020447237911743,-22.999435930301896,99.96074352541089,151.6733252222861,0.5297204848476096,0.01146505685051687,0.1190222493261563,-4.456920116744367
sub-0060,2,0.029892698472262922,0.1134720891771994,-26.026756835721987,28.055565285480064,106.31102066715663,58.40512783181746,0.029025061073595298,0.9999999999942358,-3.510141026653846,25.87936690284609
sub-0061,1,0.03033150935872397,0.03775129205206511,-4.899365954414278,30.666535907953303,100.8037961569213,24.332797221705114,0.02965144415778983,0.9999999999987271,-3.488144511774494,27.389800330625306
sub-0061,2,0.017031492651623858,0.03833734608768373,-26.02326364748256,28.749841800771964,106.53500009915255,53.06000710823524,0.01674627853194852,0.9999999999914793,-4.072691139780327,25.48851103655494
sub-0062,1,0.009932391199232818,0.2736984263546184,-26.280023465480394,27.786622969399446,107.11697525282018,59.100016768340446,0.009834709021934318,0.9999999999968727,-4.611954024347982,26.490894556921848
sub-0063,1,0.9700206170717396,0.0056847991079547406,-29.029100233191453,28.835195623566108,104.94007109716179,50.966590936593164,0.4923910991925103,0.9999999999472383,-0.03043795299720603,23.665236133951268
sub-0063,2,0.08751242537173914,0.058993514552383344,-10.431232469583257,25.89104846115819,100.45493248890368,47.23307920769211,0.0804724589174856,0.9999999999034269,-2.4359449951957646,23.06072069720455
sub-0064,1,1.0027057022386436,0.03385406214690973,-4.291439602897706,27.104127828815596,104.89121029211925,87.15208861564551,0.5040735252314218,0.9999999999499718,0.016294461443938542,23.718431546333512
sub-0064,2,0.9806841473266479,0.06727808851437048,23.73759381617261,25.04487141081699,101.12710740008391,109.34964749117901,0.9999999999499545,0.999999999802632,23.718088974856055,22.345950736205104
sub-0065,1,0.006964712090748368,0.03425191991406325,-27.574213193895638,28.787342080403956,104.55948275932435,51.7608251469814,0.0069165403783564006,0.9999999999908138,-4.966899009179659,25.413329420444356
sub-0065,2,0.019378184617018675,0.025919007277792182,-26.70000526436195,27.426058175509528,106.50369366392363,48.39716860391444,0.019009809028184478,0.9999999999526417,-3.9436073499170226,23.773279467811356
sub-0066,1,0.010865219676740707,0.09674092654182237,-26.07916948756852,26.980123234667182,107.50958542677655,51.653181781775174,0.010748435563215811,0.9999999999801815,-4.522188446721398,24.644404500685535
sub-0066,2,0.011597622726755222,0.09201700581847055,-26.33537621046081,27.53762523359201,100.80562930734692,56.457902105657936,0.011464659926281545,0.9999999999880685,-4.4569551392173805,25.151843360431062
sub-0067,1,0.28649285247365847,0.013336489966394307,-23.506286972540956,-27.457151995956483,93.17793199635999,91.59797099953096,0.22269292202950533,0.013160968837559822,-1.2500416908126128,-4.317251394075809
sub-0067,2,0.9140066726108814,0.012973452534981316,-20.084286336057144,28.69053180695156,107.23593365261742,54.977504821600476,0.4775357821865928,0.9999999999732819,-0.08991740521054664,24.34568168478239
sub-0068,1,0.9856732084646189,0.02372377079407473,15.97655642574439,28.65647795566438,106.51693046651766,101.11511264971612,0.9999998831209558,0.999999999984883,15.9621261300564,24.91520020925997
sub-0068,2,1.0074540008954886,0.04233836237397861,-24.868669983950397,27.947949309717522,106.88171415827485,86.6977822539271,0.5018565807505575,0.9999999999827962,0.0074263571328244534,24.785887617706596
sub-0069,1,0.015034142243799235,0.024502624805052907,-25.918067585847965,27.673268187978444,107.8592343946537,54.77352766108659,0.014811464578568183,0.9999999999608763,-4.197431514792132,23.964293155709534
sub-0070,1,0.04247985947129052,0.027881372850668867,-27.2003555888772,28.80125479267443,106.296859816484,91.9355465429659,0.04074885388471439,0.9999999999888709,-3.158725210167017,25.221458339788278
sub-0070,2,1.183751155005337,0.028222875548650158,-8.841747529141198,26.82042700644897,104.25065742325333,75.65533185392817,0.5421082496011161,0.9999999999203043,0.16883290067145976,23.252804566245075
sub-0071,1,0.780835094688534,0.021758806284425555,-23.720798275494914,28.584035232426153,104.49784142830693,34.81040230162489,0.438465693448716,0.9999999999822795,-0.24739129775258667,24.756298515674874
sub-0071,2,0.19414117062663983,0.06682341366994214,1.5206338616511592,26.56951102989259,107.31737692437541,90.2871862892588,0.5197759049783162,0.9999999999567408,0.07914490714114941,23.8638092740848
sub-0072,1,0.03705798764585163,0.038970049784746844,-27.764775028959708,29.602656688852026,105.92709956689285,56.41993286498003,0.03573376618023596,0.9999999999964273,-3.2952713594944116,26.357694806734504
sub-0072,2,0.015384088419021912,0.038690797830477304,-25.892992270271105,28.697615490859427,104.86313571657337,47.74695718552788,0.015151004033420956,0.9999999999911044,-4.1744215232401665,25.4454620014805
sub-0073,1,0.029870136024777692,0.0593236370485816,-21.305145813459962,27.16013268165577,104.12034935204262,74.73756665037921,0.029003788920691373,0.9999999999730055,-3.510896092312849,24.3353852304151
sub-0073,2,0.04677670784690042,0.08430494714635271,-27.190026585136206,28.22128535747285,104.6983961785668,48.15546868752902,0.04468642404470787,0.9999999999934265,-3.0623698955275858,25.747970626787296
sub-0074,1,0.008359441699617257,0.19391063537074069,23.842414549555272,27.458868788007777,103.80230288026446,99.68701109792822,0.9999999947131907,0.9999999999938742,19.058050913141468,25.81851091954298
sub-0074,2,0.004334608546268875,0.06309068511878622,-24.76994007293357,27.914389165758337,104.13242709739279,48.91540874967008,0.004315900805826535,0.9999999999880609,-5.441123973554867,25.151207024488667
sub-0075,1,0.018399503873352683,0.2103451118779501,-25.051321134520368,28.203321017920643,106.40844664073663,81.56291268636167,0.018067078591074405,0.9999999999973177,-3.9954315781222682,26.644315310664
sub-0076,1,0.015596237724477885,0.02527710464071179,-28.071365860651873,27.756075807591728,104.9652390604447,46.11085652459103,0.015356730504863183,0.9999999999650889,-4.160725565320354,24.07821955971247
sub-0076,2,0.01941874582464925,0.035718297728906445,-26.14244490689921,27.2106369678493,105.81741429092686,42.01990209195268,0.019048841218850684,0.9999999999573735,-3.941516399834962,23.878544787775738
sub-0077,1,0.002099572156619327,0.05468483839115689,-25.2381606349534,25.729082205941413,106.69534517865226,56.096068272951484,0.0020951731893506026,0.9999999998775004,-6.1660216899417755,22.82291342048057
sub-0078,1,0.9880933227237954,0.010881929741496953,18.665261537767808,29.972548484096702,105.05709924342207,106.36745501932707,0.9999999920753162,0.9999999999911615,18.653283416101335,25.45189679676139
sub-0078,2,0.03448844745558478,0.04230853154746117,-27.282269308708273,27.951901616710785,105.41055327475833,81.84236214254288,0.03333864920430904,0.9999999999828519,-3.3671308673801765,24.789135094873966
sub-0079,1,0.014002460543485345,0.027337572257029593,-27.355339941013284,29.74759975843985,103.09551650592184,33.89564126122788,0.013809099177134632,0.9999999999955943,-4.268522211702233,26.148106508604172
sub-0079,2,0.012950031763684828,0.025650456409858954,-26.160789072546944,28.965254245233883,106.45970666644642,38.714771484472585,0.01278447243956611,0.9999999999897328,-4.3466570380410525,25.302060331467164
sub-0080,1,0.011491210641086212,0.024215709851934122,-26.733211643023992,28.72137208455894,103.18244935029504,63.084069117750374,0.011360662871040598,0.9999999999861207,-4.466172827910033,25.00061839555704
sub-0080,2,0.824821826444303,0.05089246539356095,-26.725314130715336,25.45978441894115,105.70244366855529,51.43673978471481,0.4520012937660882,0.999999999827693,-0.19258788391571705,22.481744024935672
sub-0081,1,0.08088606233132821,0.023005622575066043,-27.578729565990717,28.64354099835577,105.49144391488653,41.86594981719089,0.07483310697609194,0.9999999999842081,-2.5147137524372694,24.8715243652132
sub-0081,2,0.3141583310752569,0.0008241476618296881,-19.36685397468441,30.918396134681593,104.26667888889911,44.316243977103454,0.2390566833345603,0.9999999999546784,-1.1578581771842826,23.817235291821824
sub-0082,1,1.2214557750679833,0.008020981137653966,-23.891013661512808,28.618568819607702,105.83276619497093,98.26317506957331,0.5498447409126345,0.9999999999535607,0.20004340567292028,23.79287429138771
sub-0082,2,0.032159020669374,0.022362256107548106,-27.144761597075952,29.29995197877055,105.82940429410219,82.64538899845165,0.031157040751888167,0.9999999999915729,-3.437062286956359,25.49957124224974
sub-0083,1,0.010697960512268725,0.0185400396103664,-27.344839870043433,30.091360201439134,103.17209349130242,44.58014163583978,0.01058472553646056,0.9999999999953934,-4.537702162010666,26.103537619073975
sub-0083,2,0.025208992619710307,0.00881583071682812,-27.12988231700316,27.824340891162056,106.26417654780542,53.276937928201285,0.024589125535598853,0.9999999999065069,-3.6805544981304186,23.09313466259525
sub-0084,1,0.6001471328022626,0.020151466885037217,-18.840116798492687,27.811366597926398,101.3001817247886,56.894942201571446,0.3750574700071151,0.9999999999585647,-0.5105804259165494,23.906888402952998
sub-0084,2,0.019805766969829018,0.27423922344885066,-26.05040050935586,25.81029371650942,103.82084421382643,68.65787739070436,0.01942111685519554,0.9999999999774782,-3.9217821225825946,24.516539241290857
sub-0085,1,0.026437902370951945,0.06600298990525784,-16.4663540747222,29.69434427923352,100.81541308211811,39.32100056666029,0.025756944602404463,0.9999999999980753,-3.6329565319947807,26.976289042846666
sub-0085,2,0.055759889741666326,0.012899614696394472,-27.238871786801873,29.41657332912952,103.71994507799447,46.95575229429806,0.0528149348005524,0.9999999999869993,-2.886700489903616,25.06601549257255
sub-0086,1,0.00994291402913305,0.06935282785867196,-26.28640591538767,29.03258722256004,104.1579703289952,81.24477424713808,0.009845025784184084,0.99999999999645,-4.610895139388753,26.364038866128723
sub-0086,2,0.08600240867431154,0.08415552670824207,-26.513156729688195,28.126826035232472,103.6703656626869,45.71485040900853,0.07919172921498147,0.9999999999927625,-2.453379975276951,25.65173735159675
sub-0087,1,0.9359517373948172,0.007638450846611963,-24.351903109149564,27.24087890933326,104.53016417720393,43.872064872557765,0.4834581974998773,0.9999999998066113,-0.06619136641976468,22.366318444202598
sub-0087,2,1.168507361765563,0.015479927357919148,-27.60653705960026,29.66513497042493,105.58293477826969,46.31891408436233,0.5388533063658755,0.9999999999915505,0.15572717516243267,25.496923866952613
sub-0088,1,0.3188345782323364,0.16880662272175248,-17.267730482877692,26.308045048548806,102.7144706769984,67.62190912543264,0.24175479711588918,0.9999999999777581,-1.143082842557617,24.529043585096247
sub-0090,1,0.0040752841865377845,0.411773301815633,-25.256928541656567,27.329091483659564,106.34330975373823,65.93528840806684,0.004058743652756093,0.9999999999967155,-5.5028147956825455,26.441809164280084
sub-0090,2,0.18534193795157078,0.16689287200675842,-22.081509322057737,25.97282887942905,107.35787895537126,60.371620053544596,0.15636157977508908,0.9999999999685439,-1.685552846424044,24.182425722039916
sub-0091,1,0.015931724949036653,0.040294365244504235,-27.742523738850217,27.526810851631396,102.43933285725274,47.44192288616278,0.01568188546316917,0.9999999999724568,-4.139442877868324,24.315267211591618
sub-0092,1,0.02122035036452062,0.05935352627888192,7.260711299893044,27.981489885961885,93.69111116649866,102.99916158251722,0.9679728179944082,0.9999999999881328,3.408619026391556,25.157246141248077
sub-0092,2,0.02533089192764046,0.1392257472175736,-25.04208305191025,27.218322289283314,105.20306242779554,86.10412825996944,0.024705089964027992,0.9999999999891478,-3.67573060327196,25.24666370674246
sub-0093,1,0.003983671082239738,0.1488836712969571,-27.112202274211924,27.293701469207598,108.00315527102322,36.994233377663456,0.003967864415516064,0.9999999999905888,-5.525551502345123,25.38911146169366
sub-0093,2,0.007683111316861785,0.040944312599774026,-26.364171277029882,25.663133397571343,103.08468924936149,37.96697312652291,0.0076245311949789405,0.9999999998252371,-4.868730694474662,22.46759103279742
sub-0094,1,0.018017477480783684,0.014582754958373603,-28.00867473434215,30.705494071808097,105.90429381321655,19.704590266992803,0.017698593471481845,0.9999999999968309,-4.016413021018212,26.477578456177802
sub-0094,2,0.029516996203929325,0.006402388424366852,-25.393847272299855,28.222073028223097,102.76607244496175,23.060903919369586,0.028670722594220367,0.9999999999135097,-3.5227890390272902,23.170988861295903
sub-0095,1,0.6467575713306478,0.03164694050176501,-22.109191856768987,33.78355753178245,104.34676476143855,60.21135549442605,0.3927460742787196,0.9999999999999327,-0.43578375099975963,30.330443730107078
sub-0095,2,1.157620640306623,0.037834478106914794,-10.119918876447533,27.597069029826134,105.83268082105558,100.91911956329076,0.536536508693752,0.9999999999726563,0.14640699501555243,24.322534556973153
sub-0096,1,0.012732988635386612,0.03366969051221364,-28.078373736557413,26.73844572481358,105.2248029238733,40.8035047151608,0.012572898067191229,0.9999999999274894,-4.363559122922867,23.347288487168175
sub-0096,2,0.005931044035087035,0.044609174569361344,-25.466122466405096,27.61164256373521,105.06755642800903,50.68804195108866,0.00589607415966331,0.9999999999771445,-5.127555021580741,24.50182683045837
sub-0097,1,0.05170176071963388,0.009697583028664882,-26.742650686053253,29.828530334023124,105.11688026068802,53.15823658345843,0.04916009714044419,0.9999999999885456,-2.9622634415726217,25.19265173719927
sub-0097,2,0.10531767795302088,0.03811182016640049,-24.703346051672845,27.718335402791464,103.71437753900852,52.72482976220569,0.0952827228366083,0.9999999999759551,-2.2507739921190244,24.45110459841618
sub-0098,1,0.17224693156351917,0.011846466071322436,-27.14387695983018,28.722089199954418,104.31862517078739,43.715030634096834,0.14693741303636332,0.9999999999716491,-1.758826183100161,24.286363522247456
sub-0098,2,0.010923754767186168,0.2022056515777534,-25.95280138422846,27.793678451296596,105.10623428846029,65.77957660603232,0.010805715778001244,0.999999999995797,-4.516815524611614,26.195208428945065
sub-0099,1,0.014106100372747636,0.06485615911491459,-21.805925101425974,27.913894889365796,108.43683198083343,59.774648354679414,0.013909886127569838,0.9999999999883802,-4.261147924276106,25.1783114914237
sub-0099,2,0.010918691055261692,0.04751319471974846,-25.98964207999403,29.063831182076022,103.21568936759442,45.060032276505254,0.010800760884062614,0.9999999999949775,-4.517279182579085,26.017083359133657
sub-0100,1,0.9420723162900845,0.0353957611799627,23.48434385187004,28.365229247733996,103.4849806395719,104.93776744403195,0.9999999999328889,0.9999999999864423,23.42467061346635,25.02406604104356
sub-0100,2,0.01996870720289805,0.2739314824479063,-5.237107958964158,25.768023946709057,105.9109179787131,77.48404604011353,0.0196797842383879,0.9999999999764795,-3.9082873410029055,24.47314667879147
sub-0101,1,0.07148655333300746,0.00501964823654061,-26.873756220598256,30.097905440852962,106.97989628229736,128.43747236859616,0.06671717261479475,0.9999999999830966,-2.638245912239156,24.803510020717095
sub-0101,2,0.8617797531417373,0.016778851126842326,-23.355612370003012,29.71419493025058,107.94122862624666,69.6637300374035,0.46287953863542497,0.9999999999925778,-0.14875554769008548,25.62655888314855
sub-0102,1,0.03205359538402604,0.02513574836346104,-27.080117244771582,28.011891980865254,107.13568854287432,31.834931271775996,0.031058072494920007,0.999999999972817,-3.4403459214366503,24.328427772345243
sub-0102,2,0.44455566975004324,0.05327474228126401,-26.006071329216553,27.970929734475984,103.0658824933701,34.9924501463855,0.30774561275892476,0.9999999999866385,-0.8106799905826974,25.038636795950204
sub-0103,1,1.113157714166555,0.014177986068482194,-22.32477537911771,27.01700166735673,104.67857882663365,53.59322738331926,0.5267745548806735,0.9999999998696681,0.10720076431298307,22.760936873193618
sub-0103,2,0.018130598059944082,0.010437588575157069,-26.978164494646393,28.215742038026058,106.06836518839012,28.15023535268922,0.017807733206846248,0.9999999999466102,-4.010154267446765,23.65340033542804
sub-0104,1,0.052695764261830445,0.03342686798156252,-27.235215384912582,28.06167700203176,106.50146391063217,36.44452644187372,0.05005792371441339,0.999999999980552,-2.943220201201863,24.663281730237763
sub-0104,2,1.1002586768792804,0.02614513372794012,-22.387035199686085,28.358689869603264,103.01978954124203,74.65627045364096,0.5238681735210632,0.9999999999815249,0.09554531314712754,24.71459767310577
sub-0105,1,1.1860843427560888,0.02205424800237192,-17.246401345526735,30.54953389689519,104.51123888381832,71.59204930209191,0.5425611158337059,0.999999999997551,0.17065744571373848,26.735283854419517
sub-0106,1,0.022894945118000515,0.09682222893635634,-27.699065157604,28.725441050892755,105.06384023677766,48.63810173125585,0.022382499031100674,0.9999999999965428,-3.776839129992269,26.390562377603043
sub-0106,2,0.004388194990158668,0.09558888536370304,2.552375834480243,29.386140055191714,99.61210274993996,101.53435152880813,0.0572458642581104,0.9999999999981913,-2.8014501232283613,27.038441327622216
sub-0107,1,0.894780913769463,0.02463598154331853,-24.337994441942044,29.31809454183862,105.92452386264293,37.7365154337611,0.47223449807825385,0.9999999999924882,-0.11117637973049453,25.614547301505933
sub-0107,2,0.8947332682490351,0.03120576787876245,-27.13240278606912,28.013165632565908,103.42737385981799,34.7729070408788,0.4722212267253086,0.9999999999781324,-0.11122962942645714,24.546013299222977
sub-0108,1,0.036565617766044806,0.16709703553072092,-25.667059653689154,26.319129657726627,104.55192085077248,74.07884181938033,0.03527573859250768,0.9999999999777782,-3.3086468853847,24.5299490735023
sub-0108,2,0.04130213652079979,0.380141796949735,-0.8081239295756286,26.951986043509844,109.86921153833406,60.10318810947369,0.05634580666437931,0.9999999999948125,-2.818251956591771,25.984775097514735
sub-0109,1,1.2595491452950451,0.015561339026553392,-23.321966189478168,28.50719519532592,105.52388959300356,81.94294149286605,0.5574338349573863,0.9999999999732431,0.23075383581006906,24.344229487082956
sub-0109,2,0.5846993757421797,0.05551145770246527,-26.36669889200499,28.41965012155173,106.02509366772799,56.8873128019828,0.36896548625801495,0.999999999991813,-0.5366574514524419,25.528484287105044
sub-0110,1,1.1729490039766481,0.011272713589378494,-26.134599088046045,29.993994978802334,104.7901806000912,132.4578950963208,0.5397959187410658,0.9999999999916489,0.15952109386002689,25.508624778780767
sub-0111,1,0.38208549441979295,0.013923093452756425,-28.438919274163535,28.631549958084605,106.24535185508093,37.1708702897638,0.27645575904138825,0.9999999999735917,-0.9621108880345949,24.35734354012097
sub-0112,1,0.023925065198953148,0.04228119406508064,-25.713518957110516,27.377824461522216,103.0087101130912,71.90571278546297,0.023366031375023896,0.999999999969534,-3.732828616500921,24.214411584986635
sub-0112,2,0.009202926436474239,0.01609836044164606,-26.654879534467675,28.959796732410407,104.26488125974647,52.00742626348829,0.009119004905182203,0.999999999983551,-4.688233754583567,24.83075888431072
sub-0113,1,0.11421260627588728,0.02025015933878451,-27.76753810266064,28.073675612556404,105.96181051814708,102.11080304462936,0.10250521815375765,0.9999999999682803,-2.1696936001468368,24.17408299567845
sub-0113,2,0.8214953678949006,0.012344102045055528,-7.4002741351811965,29.75825185176979,104.14847744812616,112.23915855163106,0.451151787810905,0.9999999999903463,-0.19601808153320055,25.36367495458824
sub-0114,1,0.9824638597781659,0.012029599616725612,-6.90845980477873,29.737012731225867,106.08460938033534,146.4920422877246,0.49582686613014354,0.9999999999898812,-0.016692923097331027,25.31662769960888
sub-0114,2,0.6477545894294381,0.018081732173033528,13.974559843611399,29.46968121317442,102.07609010181625,99.93846583425787,0.9999986832166337,0.999999999991205,13.540317322186656,25.456828090597988
sub-0115,1,1.083595422379448,0.019743179266842208,-1.483527243931342,29.29558459947891,104.14011632913673,88.78105613372334,0.5707038072653451,0.9999999999904133,0.2847232420919964,25.370637398618204
sub-0115,2,0.022648664813020403,0.05157883306273971,-23.370936381763812,27.813971445661483,105.1016262541122,48.06139968818101,0.02214706339907051,0.9999999999838536,-3.7876543773723386,24.84932754304534
sub-0116,1,0.002054276390508427,0.19980085535792158,-8.728620113024533,25.07784054965531,103.09120456006909,73.78703368860722,0.002050396186099562,0.9999999999356965,-6.18766974186628,23.46740641796199
sub-0116,2,0.23293811698278993,0.06626946397244286,6.700956125015257,27.98616705393524,101.65311585037679,87.35211676287904,0.9947549030487206,0.999999999989421,5.245202652028397,25.272140992481056
sub-0117,1,0.011124200371537775,0.11969079207493666,-3.4091018830306092,28.15953967812391,105.3935002503833,72.23863100668575,0.011361519979984788,0.999999999995075,-4.466096518468682,26.036696083725992
sub-0117,2,0.3674311131957179,0.10462083266492678,-5.581792952661546,28.371136775665363,99.55623983324742,92.12099484750667,0.269440972784248,0.9999999999954401,-0.9974606903405643,26.11372419354046
sub-0118,1,0.010220305171804365,0.11145917309878775,-27.275321624762853,28.224193022093754,104.61630672369417,41.635761943757544,0.010116907291900724,0.9999999999950424,-4.58337883439613,26.03009610641021
sub-0118,2,0.00677328282534676,0.08165140145061989,-25.942394516957698,28.088891765183114,102.25794848935715,70.58492659716504,0.006727714114914776,0.999999999992252,-4.994769401850137,25.583595469593497
sub-0119,1,1.0377365399218335,0.017113960124910673,-20.09255227902347,28.275855338922174,105.16128946457252,42.90166692519925,0.5092594261074171,0.9999999999693379,0.037041939301935944,24.20799457196472
sub-0119,2,1.1011870643175707,0.045177791743896877,-26.929212900995857,27.19995317327392,105.20618696306667,42.50766954734547,0.5240785473216658,0.9999999999659368,0.09638874732283423,24.10280352728822
sub-0120,1,0.014817430505647107,0.055701256562943384,-26.285181698176856,27.811750648763628,106.39190818990156,66.82662958926667,0.014601080017240342,0.9999999999850154,-4.211951054328192,24.92399807593944
sub-0120,2,0.0236467722389088,0.0691866762509942,-27.225531122250874,27.310538164398288,104.69871224305281,64.60227476508342,0.02310051951536319,0.9999999999800859,-3.744528653741396,24.639591189777484
sub-0122,1,0.5705220911627259,0.0458389478551845,-16.836988052316144,27.75962457525959,103.159496520949,57.407701979546324,0.3632690759810596,0.9999999999808171,-0.561203339241769,24.677003415873074
sub-0122,2,0.056442797762952905,0.17039336517067077,-1.256296418524553,23.60725237855299,105.88999512628266,67.28907229475456,0.06760987352931667,0.9999999996718686,-2.623997287225298,21.837606776472086
sub-0123,1,0.8968522562249059,0.0024365735381124045,-15.789253219395167,-20.3225246774465,119.72334813758538,113.27872966601123,0.4728108470082952,0.0024306510816353016,-0.10886400033280842,-6.01716251277893
sub-0124,1,0.025603443425293464,0.12162075600390208,-27.052227361771525,27.01234410667424,102.66345425989937,65.87704452875293,0.02496427209704761,0.9999999999847355,-3.665028427739808,24.90549647348157
sub-0124,2,0.024835965922013575,0.050444427550698105,-27.090031066922737,26.43936410391383,105.9827941852229,67.03481085818449,0.0242340889155964,0.9999999999347295,-3.695462437599282,23.452481110742006
sub-0126,1,0.015084723049336678,0.06966995382673592,-26.92056911156049,27.503720914764692,104.66813566986663,79.30418750441304,0.014860555682536605,0.999999999983698,-4.1940727658789,24.839734782083084
sub-0126,2,0.660511057718168,0.039549949684905245,-18.9704754418461,26.02667809734235,110.44774912526636,131.62527090114267,0.3977757672515974,0.9999999998742201,-0.41474140795367986,22.79648724038854
sub-0127,1,0.10422443736149847,0.031632903615262456,-26.520138565547125,28.05797245568161,106.41577141045369,46.678570847866695,0.09438700488355918,0.9999999999793729,-2.261208653533373,24.60441500921198
sub-0127,2,0.12071890249890169,0.05126397986644359,-23.142903070322472,27.7224723735352,103.70994458139536,52.23713896322387,0.10771559419521945,0.9999999999821979,-2.114290555769633,24.7517054532572
sub-0128,1,0.01293392616647862,0.006074231908165457,-28.19947727724773,30.756484695796935,104.79449441666735,64.81753043222395,0.012768775763524108,0.9999999999927701,-4.347901484456638,25.652784963178007
sub-0128,2,0.02212961160073005,0.020424370736967533,-27.65476721786091,29.550988425779764,107.39200613197396,63.872629672567804,0.02165049456506264,0.9999999999928217,-3.8108386758751993,25.659961978597646
sub-0129,1,1.179944207233387,0.010987657055210587,-19.18813842127117,29.335676744166292,104.60202333119369,113.53552265320742,0.5412726646079725,0.9999999999834509,0.16546715999605674,24.82469402208306
sub-0130,1,0.013701873677911175,0.09941969013918586,-27.886757785550124,28.610223144452736,104.85760574613063,43.812080854755024,0.013516669973400099,0.9999999999962219,-4.290222690687703,26.301818049447732
sub-0130,2,0.021963281612600073,0.06534606728764268,-26.322921345760907,26.598079649350826,103.72564767356785,60.34306291857807,0.021491262952248888,0.9999999999570085,-3.8183832375907913,23.870021629405834
sub-0131,1,0.028661118462287534,0.30751243188707816,-4.359167743794944,9.201765216104608,83.75864134535045,53.87872953985848,0.028208829782207318,0.9996721499479118,-3.5395058941442,8.022626308569519
sub-0131,2,0.9180459626443104,0.009448450964503124,0.2785029681443089,29.339175911775236,102.80277162073774,111.75123482817044,0.6806053545257065,0.9999999999808222,0.7565551580821329,24.677271441762528
sub-0132,1,0.0008688517273534773,0.038784224778484935,-24.180300052963947,26.777197218885984,103.6722233360306,63.65838518079595,0.0008680974793863663,0.9999999999394442,-7.04833807167476,23.52745552598613
sub-0132,2,0.6732851600926899,0.008061642623675355,-7.004197324687398,28.19333401873393,105.79991638604034,72.4621028424794,0.4025915144401589,0.9999999999293085,-0.3946786737483722,23.37269607497005
sub-0133,1,0.01954358391047455,0.05983620777904847,-27.467915402144513,28.12888415479057,107.16799761421784,79.19385728125455,0.019168953852406592,0.9999999999898418,-3.935108235137819,25.3127398347908
sub-0133,2,0.02271199668515624,0.03290803955955558,-26.766505371519276,27.661426958172218,103.45337629469563,96.9063998091571,0.022207617353491242,0.9999999999705224,-3.784862005760308,24.247388670622804
sub-0134,1,1.1328648779806458,0.0375970734669961,9.643216239022113,29.24766992507153,106.06228978635622,99.19006097110211,0.9999427502949156,0.9999999999947187,9.768030815564986,25.9668408601317
sub-0134,2,1.0765354961703526,0.011568004683599366,-16.08866208027455,28.80881165502399,107.40366400970585,91.41722202278353,0.5184286767778413,0.9999999999733784,0.07374811394931756,24.349299446333955
sub-0135,1,0.006736037420530197,0.015272984112521868,-25.79081658069961,26.843264453001918,103.46345595253,58.46362313795122,0.006690966817708723,0.9999999998560557,-5.00028344674688,22.661594697376778
sub-0135,2,1.1824301009995433,0.02190067904743855,-10.60158307644878,24.93745387622102,100.1307713833908,138.55143655961612,0.5418013517576494,0.9999999993249379,0.16759660471892535,21.116216240327777
sub-0136,1,0.011167888306784167,0.08252609668252489,-26.03314615199779,27.685575875985222,106.16502734097197,64.29550035338306,0.011044544072240616,0.999999999988526,-4.494712734190556,25.190935163749508
sub-0136,2,0.7802012790069723,0.032520333094576526,-23.435138145342922,27.47112155715326,104.41376889735051,46.10927273894124,0.4382657670436506,0.9999999999639181,-0.24820334251232515,24.045231805560103
sub-0137,1,0.17937486686468412,0.013632105583640601,-23.330020881314198,28.734741760075668,106.01785313023784,40.90436727572536,0.15209317403275238,0.9999999999756726,-1.7182774346125422,24.439414196429627
sub-0137,2,0.14362296634300156,0.05095763634868066,-23.524438382784997,27.849558182383653,104.82297950449934,53.332958628106255,0.12558594097659395,0.9999999999842283,-1.9405637023444462,24.872797531107807
sub-0138,1,0.011203720357756866,0.0639853301975154,-27.503795367802006,28.339719822356344,105.65121197012148,61.01484374553988,0.011079587754884497,0.9999999999923063,-4.491509381038067,25.590618384796624
sub-0138,2,1.0508714848148917,0.008725307907099895,6.317171306058051,28.639351921039896,105.52671856500614,84.72376317246187,0.9982883673976256,0.9999999999581873,6.368594526590449,23.897824399735953
sub-0139,1,0.48567475374177843,0.007677684854517442,-20.319954968566297,4.0298946545520105,106.05993018956018,61.638024147431075,0.326905167505791,0.30535571464107963,-0.7222161086038809,-0.8219225203671039
sub-0139,2,0.9202855781971642,0.019951687353679765,20.74298616632093,27.58463126596735,103.6396654791913,108.9321577767365,0.9999999989345993,0.9999999999474991,20.659914921278673,23.670189705877338
sub-0140,1,0.9165788544332701,0.006776153199537891,-16.282827832838333,29.515919460223994,104.32804748981079,77.73810182541294,0.4782369861137658,0.9999999999775914,-0.08710709192990686,24.521573747476957
sub-0140,2,0.6977475901605306,0.014907399714994721,-12.501779474148607,28.306951141676414,105.88443799051812,55.49220519180737,0.41098519183591864,0.9999999999658771,-0.35989414028008854,24.101053577536163
sub-0141,2,0.44365542498772786,0.001484444244965153,-21.849159238956148,28.597238821842183,106.95488509892922,45.02268923371038,0.30731393198704626,0.9999999997436619,-0.8127070873711093,22.084523999252934
sub-0142,1,0.013967212871525598,0.10299638352734997,-19.204087875608497,30.108461968969767,107.32982030349773,68.3402798941317,0.013774817131315986,0.9999999999991849,-4.2710426291719115,27.83540056621598
sub-0142,2,1.10171592351445,0.06810994150971697,-24.259818497596104,26.628651565621904,105.37622099432518,75.82055077373343,0.5241983044442288,0.999999999959995,0.0968688948734126,23.942019473133303
sub-0143,1,0.1650532921607205,0.0570633894510167,-23.145079910560153,25.10626243049774,105.59642129375955,57.928889593788135,0.14167016503355448,0.9999999997811578,-1.8014868743482642,22.242669897074247
sub-0143,2,0.021675372336767168,0.04891527229892513,-23.73628248992409,27.42594833130995,106.53318330707339,61.794751493039755,0.021215518084021192,0.9999999999749032,-3.8315785782470493,24.408282717000517
sub-0144,1,0.0553730011533378,0.10172007486114917,25.853282788523035,27.10164525356231,104.19617288289379,105.93203801211482,0.9999999998931526,0.9999999999833084,22.959619640706897,24.81611465108862
sub-0144,2,1.124151892024279,0.015696869687807192,-19.769844718670544,28.367758937019925,104.5804705305916,87.64846553407895,0.529223874063964,0.9999999999695052,0.1170288801890416,24.213464967570893
sub-0145,1,1.1860179679492453,0.025241460009361668,-17.220837453456703,27.28246544052316,103.70665871136288,81.83422372609614,0.5425472266690724,0.9999999999438615,0.17060148369826125,23.603198042604365
sub-0145,2,0.8581105820093916,0.018001644994320366,-12.901844233768154,28.592724850815816,104.68584699282647,45.6657969814838,0.46181951808342053,0.9999999999787664,-0.15301981089363106,24.5754327141279
sub-0146,1,1.1893361876480475,0.0261699347047525,-17.897248579784524,28.693003411044767,103.52523912407449,130.34467064904968,0.543240550961063,0.9999999999867876,0.17339534285316988,25.04985935355998
sub-0146,2,0.9366124986486002,0.07611335431297903,-17.173865121498228,26.957624024772727,104.13516881225028,80.19321100819853,0.48363444732955896,0.9999999999742373,-0.0654856028265205,24.382092479009515
sub-0147,1,0.07350737900207796,0.017619438542558437,-23.355877183947037,27.526797195565305,103.94535012131973,67.23209268544936,0.06847403235861531,0.99999999993701,-2.61036948314456,23.488044671803596
sub-0147,2,0.2606406630124933,0.020443699843941964,-11.110802655221411,28.400478455102505,102.27980597178183,68.66938179614418,0.20675499497224725,0.9999999999773395,-1.3445976405077504,24.510397935053597
sub-0148,1,0.12050062153910437,0.01998030963096356,-27.71918523134458,27.640328695010318,105.18512319094125,36.810941604092044,0.10754177126085378,0.9999999999504144,-2.116100368062948,23.727320686174725
sub-0148,2,0.01154793431929334,0.01517134521160104,-26.775356703088047,27.708141320756184,105.49209568793158,45.74953894725966,0.011416101924118129,0.9999999999389785,-4.46124870482141,23.519794506985164
sub-0149,1,0.19285555706222385,0.013049953679402291,-25.202013474391673,29.39842509480789,108.15197105738888,102.0012344460396,0.16167553223210443,0.9999999999869136,-1.6458137792677545,25.05945440011724
sub-0149,2,0.08078987348519362,0.03343457292558683,-25.525155672862084,28.498253755199894,104.61125621539472,59.646616631693554,0.07475076836655282,0.9999999999874347,-2.5159036494546467,25.10008895836863
sub-0150,1,1.2994272455871956,0.007664195352555574,-21.41283317671077,29.569081580999896,103.44768159638609,151.2382649989109,0.5651090933033344,0.9999999999812136,0.26192358756771755,24.697885831995684
sub-0150,2,0.03760439756367899,0.0449030003786045,-27.79509809472486,26.34114895287528,104.41844722445762,43.027963399247696,0.03624155569502771,0.9999999999191074,-3.2806342789434915,23.237898289989324
sub-0151,1,0.013999508151292212,0.03844209024428254,-27.475173391149855,27.864802747934604,105.71085553650809,108.26285957206804,0.01380622775333691,0.9999999999794097,-4.26873308203341,24.606200428379342
sub-0151,2,0.1808488993715677,0.06677385448761243,-16.085364046563445,27.543897398249236,106.82368169703108,93.28368115135264,0.1531516143111595,0.9999999999836608,-1.7100933031388381,24.83745372330782
sub-0153,1,0.013444636473709673,0.06890459146567304,-26.876183441936533,26.626857975622904,103.78684806393538,51.534624263845856,0.01326627621269834,0.9999999999603855,-4.309175027653003,23.95182551200263
sub-0153,2,0.7409414685759337,0.01071405769592304,-21.95951484233676,28.918290426877714,105.65074927121279,50.652492553357,0.42559815023858205,0.9999999999742372,-0.29983364629150305,24.382091830436543
sub-0154,1,0.008028950423023484,0.03693550043059695,-27.278948533041053,27.348694457061395,103.63681897334035,57.1085435190984,0.007964999834246256,0.9999999999640939,-4.824701466535869,24.050112337922982
sub-0154,2,0.01872373952455288,0.12401013568304155,-26.757686735017742,28.39071682609106,102.99399121364098,56.131441469400784,0.01837960459558489,0.9999999999962277,-3.977963066952883,26.303324848753316
sub-0155,1,0.009374660751334694,0.018726855900595193,-26.305628152897548,29.1112579237611,106.11122382394787,55.286630362800516,0.009287592720419154,0.9999999999878472,-4.669744894300946,25.133461282787486
sub-0156,1,1.1663865798279258,0.006549416687102427,-21.090755238805972,28.313098707682148,104.61878867877705,123.04913379580067,0.538401867451283,0.9999999999228076,0.15391057726404275,23.284719418977797
sub-0156,2,0.007905526987796157,0.05002650638929543,-25.844073373428525,26.82555004518824,101.56450651027131,63.22273432191095,0.007843519830146455,0.9999999999552687,-4.840193145413897,23.830347758954304
sub-0157,1,1.1391313016048341,0.022989820273223868,-14.341800341860955,28.73369395448755,103.55750909060666,115.40425665421175,0.5325206617094775,0.9999999999855597,0.13026654658112352,24.960990196643657
sub-0157,2,0.3126085898570902,0.0801404747643066,-7.2578565747165085,24.792285145019715,109.19725352221003,73.36428857407626,0.2382860926058668,0.9999999997866977,-1.1620990140371756,22.26831089543163
sub-0158,1,0.028934556539331295,0.0285682863323711,-26.928753584910538,26.476278405971577,102.66714052774155,49.70315821926808,0.028120891028001957,0.9999999998889255,-3.5427186701705597,22.92082036007026
sub-0159,1,1.1775514115393233,0.03446811105872828,-27.963615197070858,28.158054837396925,103.09602186077636,73.47749990403987,0.5407685923278814,0.9999999999828725,0.16343720756053348,24.790334137869877
sub-0159,2,0.022133474545090664,0.05609798639673661,-26.299853149380027,27.57579271279979,102.54437255729334,49.45671834509217,0.021654192036928765,0.9999999999811618,-3.8106641311351486,24.695137352596884
sub-0160,1,0.02301180360555572,0.06748884935452334,-26.620409392011606,27.087672183430424,105.2369119262108,43.71916803776629,0.02249417213419584,0.9999999999744882,-3.7717479944508936,24.391879293934537
sub-0160,2,0.23100588544064216,0.031787129708425524,-27.982404664041375,29.514904101196226,104.03999225318866,48.348978260673555,0.18765619902628247,0.9999999999952183,-1.4653120906861832,26.0662103039265
sub-0161,1,0.002242516158171926,0.12226760020575735,-25.24576826003038,27.337292307153323,104.32424613000582,62.69504261661148,0.0022374985315852633,0.9999999999890288,-6.100156758618582,25.235749115128225
sub-0161,2,0.01749654844473031,0.030046182370280568,-25.507677437781933,28.21667025529375,103.70412856093162,84.08130959189462,0.01719568333830515,0.9999999999814704,-4.045751649226741,24.711650586636456
sub-0162,1,1.2582923015252567,0.031028895299099312,-26.261515600666208,26.07436274105306,99.15132078021922,94.43097893203641,0.5571875264674968,0.9999999998471443,0.2297554854457587,22.601526338841936
sub-0162,2,0.9760424471155755,0.01339345019079024,-22.479279992317686,28.52619758878531,104.96363090141877,71.71554057395548,0.4939379964360691,0.9999999999694973,-0.024249202444908087,24.213208105530754
sub-0163,1,0.011260092574871738,0.018781009889766363,-25.898802713939773,29.066288747232843,103.61691855335874,51.07152013260076,0.011134714657100947,0.9999999999873248,-4.48649043472931,25.091379715333193
sub-0163,2,0.0380441586856741,0.02992352269016513,-25.920556891275442,28.61862655836582,105.55422435096635,47.64244684580063,0.03664984612412508,0.9999999999875527,-3.2690077232560784,25.10951616253064
sub-0164,1,0.017752502925138407,0.7959007523587919,-22.601517498594642,26.827330675013545,105.57604048346467,68.53850084612576,0.017442848705143857,0.9999999999971934,-4.0312287629818595,26.599049891138115
sub-0164,2,0.03480395471870746,0.06537748162636481,-25.734680784926063,26.82616808168758,102.2560430818068,61.98862390975267,0.03363338008153663,0.999999999965793,-3.3580242573095664,24.09859068424022
sub-0165,1,0.06273332975484225,0.029491476531360555,-25.895551567229262,29.291812155286504,104.78075776664521,60.32609879424124,0.05903017059759361,0.9999999999935579,-2.7688623975361946,25.768158166761367
sub-0165,2,0.04590909946898839,0.031085016479379925,-26.32561972044478,27.904518855195484,105.22318789036494,64.61027152675409,0.043893966973285285,0.9999999999755279,-3.081091936048263,24.43348949407456
sub-0166,1,0.9737720178613827,0.002185059877975537,-13.894058606017868,29.183865503297334,107.15829025532011,60.51344330242123,0.4933561045225888,0.99999999990314,-0.02657714618468072,23.057753456595275
sub-0166,2,1.043590186994846,0.02792379745684627,6.927993627288463,28.36405988820473,103.77643209546193,90.5159674710833,0.9990627660781646,0.9999999999827944,6.9716399837119205,24.785783889933136
sub-0168,1,0.3909271006022246,0.019804176373002483,-26.668177550683584,27.65988552606415,108.2182097567526,54.34892963957859,0.2810550606381186,0.9999999999509422,-0.9392341798494683,23.738023090470723
sub-0168,2,1.1665571715419008,0.017480568625643983,-21.74688415939555,27.546540235313703,105.04570714718383,124.45163959891663,0.5384382129667685,0.9999999999377509,0.15405682281800082,23.499874856102117
sub-0169,1,0.011118814425392242,0.14834824835559507,-26.775768138208345,28.71046286793069,107.2926493924312,74.72562108182115,0.010996545872541008,0.9999999999977095,-4.499116612262845,26.80227012810402
sub-0169,2,0.17022578825455031,0.10129976381644246,-26.75813177343372,27.290705377518215,106.15880004300362,49.5290210499479,0.1454640548545753,0.9999999999861264,-1.7706295569587802,25.001034178263662
sub-0170,1,0.07568662887423719,0.05320636036793568,-3.0289208120316533,25.9478813314546,108.30230251670518,108.75778418816972,0.07351425810590068,0.9999999998988386,-2.5339192811529716,23.014303997467486
sub-0170,2,0.021175030308158677,0.2004143929990937,-16.44133153114183,26.73433069539206,105.1291981106246,91.0311267118836,0.02073594749241266,0.9999999999877679,-3.8549325347467343,25.126962604396816
sub-0171,1,0.005572729771295559,0.05748067948978206,-25.32198812765494,28.75244875298877,104.12987017454917,78.53128205023688,0.005541846558049342,0.9999999999943318,-5.189870260471915,25.896142356473277
sub-0171,2,0.382398631213464,0.01256192337346439,-26.153605234025875,30.077131518207842,106.86485763955999,54.08547404944751,0.27661965411453576,0.9999999999931037,-0.9612916772696142,25.70004652337187
sub-0172,1,0.004853745792697751,0.24776621243284136,-27.40642390744925,26.119816236762745,105.12129853925686,86.92672447764825,0.004830300740805647,0.9999999999817079,-5.328004543732303,24.7245465675337
sub-0172,2,0.0094601429402717,0.048315123654657316,-27.001868760710334,27.404236639616997,105.78945082162474,55.612776522303136,0.009371487330579058,0.9999999999740338,-4.660667786065333,24.374225991427117
sub-0173,1,0.10695258111408995,0.04793820731809623,-19.467788364483173,30.008862867468775,104.7325517229735,39.50057983146688,0.09661893678005,0.9999999999980652,-2.2353697063963422,26.97102042251127
sub-0173,2,0.014873338798170885,0.0458789171794107,-25.590978712006414,27.220464084364938,104.71692099282754,60.3409993796381,0.014655364595444828,0.9999999999671384,-4.208185011213032,24.13871449622073
sub-0174,1,0.01208404230350658,0.22298560033979264,-28.076707805381748,24.645994645100796,105.52214197049729,46.921622725820995,0.011939761717822272,0.9999999999112632,-4.415869514676491,23.145346563046377
sub-0174,2,0.008492988455312264,0.03755864795232333,-27.02325820558404,28.385024084637006,105.4758160355414,59.510022053583675,0.008421465049882263,0.9999999999874735,-4.768514343501348,25.103172462337998
sub-0175,1,0.02466190712958968,0.0477324000361359,-27.7052786871418,27.912158890662106,105.50790791186134,45.48005754707086,0.02406833606091401,0.9999999999841842,-3.70249544726903,24.870014025032418
sub-0175,2,1.1252034293423794,0.022963055101214217,-19.099503534750582,28.39800506143002,105.74929715682886,54.32268457937946,0.5294568117537994,0.9999999999797756,0.11796385046357048,24.624136406947336
sub-0176,1,0.05572668920266421,0.0146320666995017,-8.822336880899075,29.224865154404252,107.20811005660933,95.26575405499297,0.052792517634812144,0.9999999999861166,-2.887148694346725,25.000325344968353
sub-0176,2,0.008781924014830389,0.04835600808615516,-27.345340419619788,28.732893560948074,107.05688635465171,76.12479470952498,0.0087054732105934,0.9999999999931292,-4.735059759255121,25.70372875852734
sub-0177,1,0.0004810902657227136,0.18050764967417832,0.8103376090493735,24.95601359897835,104.06963295586199,94.37441626636074,0.0015604632329282756,0.9999999999196021,-6.461210875591335,23.244031477351996
sub-0177,2,0.2150617215501066,0.052716842165537,-28.16421162295978,26.793646924492272,105.5296850406492,60.012891800036776,0.17699654078135793,0.9999999999561755,-1.5368302150753583,23.85082663568695
sub-0179,1,0.22328014469460372,0.012600536679438381,-26.514013509338774,14.662809035739755,107.62129856128146,67.8866865917139,0.18252576538868304,0.9999659890356186,-1.499328041710183,10.288793591985261
sub-0179,2,0.01958135565104768,0.015908286657470704,-26.685678550617375,28.809520461001142,104.30702259176664,48.75665673553866,0.019205290036510673,0.9999999999806554,-3.933177407754647,24.66860532890763
sub-0180,1,0.25443646143384324,0.03620577154263268,-26.214251117692417,26.720172440847175,103.87204451846515,24.521166786447697,0.20282929367650415,0.9999999999313249,-1.3687041345356021,23.401635702870216
sub-0180,2,0.13919811886429653,0.07637051677199884,-12.605593526331246,27.863086626388082,104.79226620702617,68.12187767814889,0.1221899213893755,0.9999999999896179,-1.9718536918782381,25.29092806297261
sub-0181,1,0.006944264737339558,0.021961210626135385,-27.595578170463785,29.3476848896131,105.04560079265275,55.22679975005868,0.00689637448717989,0.999999999991819,-4.969839177732904,25.52920735444763
sub-0181,2,0.09082529058874395,0.019171561476140773,-26.247379598405217,28.400241869271394,105.08074820338882,41.11890440156609,0.08326291237715583,0.9999999999758302,-2.3988175014403383,24.445914598184512
sub-0182,1,1.1776826255692794,0.032048371613667075,-22.38858505517867,28.676953383611995,104.77150953970565,116.83732765809238,0.5407962628914744,0.9999999999890364,0.16354863109628673,25.23644447902024
sub-0183,1,0.15068705598602866,0.007707734824734745,-26.091020487520893,28.921129540247613,105.52907776839916,37.91564806779851,0.13095398544960177,0.9999999999642903,-1.8925500696283715,24.055598608622912
sub-0183,2,0.004619951707503393,0.04917678471933695,-25.57918093767098,27.556204240300293,105.05486999309989,60.722618759850675,0.004598705908325706,0.9999999999780854,-5.377371026856683,24.54387061816072
sub-0184,1,0.009211350605530634,0.20422811573506988,-25.61509925124932,26.60800435695775,105.40181360370259,70.34275017804978,0.009127276065684668,0.99999999998638,-4.6873187939071785,25.019486661474183
sub-0184,2,0.8700718840355955,0.00808017838121474,-27.355819214691248,28.9709016539594,105.50290511912328,118.45287306024282,0.4652611974244552,0.9999999999675901,-0.13917944541720462,24.152560324149853
sub-0185,1,0.008229026528694469,0.026250473568581695,-28.49112288069205,29.50026037545918,104.62986454354937,61.76697600885063,0.008161862346921553,0.9999999999941243,-4.800087554557955,25.86018912605997
sub-0185,2,0.016679084938396434,0.02189141779282966,-27.343050819812415,28.31965212922531,103.01069488047253,55.80150125318639,0.01640545692884884,0.9999999999770566,-4.0935997433634235,24.497991528654516
sub-0186,1,0.9988713483443912,0.002264329650729658,-20.14534293494314,29.77079861737927,104.96820595681586,62.6961161991003,0.49971767820995144,0.9999999999480284,-0.0011292872802082367,23.680322093584707
sub-0186,2,0.15234141122343484,0.0064773088350358774,-25.9956681177758,29.20009895126261,105.68375267352484,50.53755141147414,0.13220162856281725,0.9999999999678513,-1.8816311504318757,24.160648793147388
sub-0187,1,0.013807599490607654,0.13335552495301117,19.692471583107988,27.18633837384998,107.06335983462945,96.63476382087315,0.9999997969747819,0.9999999999883019,15.409935435244652,25.171601776607734
sub-0187,2,0.040979259353730084,0.030419709953794914,-26.09509965652787,28.386468516149392,105.31338919756499,58.26849932974443,0.03936606708125392,0.999999999984556,-3.1946892096895043,24.89380398923267
sub-0188,1,0.020729100955321628,0.009770595307464021,-23.427838905736117,28.526698865750042,104.89676597815773,37.50600494503247,0.020308131645584926,0.9999999999582081,-3.876216722664095,23.89832098315341
sub-0188,2,0.8726931261953222,0.021364155224793627,-17.380368619465482,27.199965635792555,104.68262601187197,51.242271565380925,0.4660096879603973,0.9999999999279691,-0.13617127302355583,23.353924884980817
sub-0189,1,0.05741553249934275,0.023475522016400484,-27.520332897362714,29.461618680888286,104.69121016755817,54.82946844438883,0.05429798478909623,0.9999999999931709,-2.8574404112275094,25.709821663873754
sub-0189,2,0.9348764618878641,0.03773755080784004,-26.47444802894513,25.520130437639548,101.32076917298399,39.92551596626072,0.4831711379532927,0.9999999997812367,-0.0673408847428626,22.243030800046576
sub-0190,1,0.011746443838610777,0.15236897884241105,-28.05705213498702,17.061690629670917,109.56691434508424,56.125007867338354,0.011610066840513746,0.9999997445504025,-4.444204736232811,15.180240461241818
sub-0190,2,0.010973087747987468,0.1422135903145637,-18.86792146623777,24.96078391720049,105.84849612259804,72.13676201270242,0.010853986075761999,0.9999999998984388,-4.512309565893471,23.010358722867615
sub-0191,2,1.0598261128992692,0.01756035759246682,-21.426468470681336,28.556555033673938,105.19923611155272,53.48711408720822,0.5145221271431588,0.999999999977431,0.0581048507275615,24.51444370672752
sub-0192,1,0.004762384626804123,0.031081581531726663,-25.714375179499818,28.636334777909777,105.5733344295494,57.931092016609306,0.00473981181989135,0.9999999999882268,-5.347006764158924,25.165194908967003
sub-0192,2,0.005329843787999721,0.09927532977949863,-25.076967778037798,24.85263577357025,105.65846230104856,64.79837717445474,0.005301587156694249,0.9999999998378951,-5.234433349288609,22.54277759349461
sub-0193,1,1.0973587236287046,0.006732802462747692,-20.623305883726832,28.676254205483794,105.9356792860077,51.256125418005425,0.5232098409509766,0.9999999999477766,0.0929061331634137,23.675490396966666
sub-0193,2,0.06378119175539085,0.07123610321018194,-27.57377468206824,28.002133132416567,105.562805239093,52.217395242006724,0.05995705907359226,0.9999999999903144,-2.752296932164661,25.36037761089647
sub-0194,1,0.9707035681638246,0.008318820688200891,-21.53229394908021,-20.816405341696804,58.759138882023294,58.45586290033784,0.4925670121395272,0.008250188853997163,-0.02973414195870221,-4.789234777491236
sub-0194,2,0.36129087051777464,0.03903073889380838,25.427089198175096,28.118121234929497,105.66211194681537,105.12945393322973,0.9999999999749216,0.9999999999842585,24.409017288610606,24.874715468393745
sub-0197,1,0.09876054790201942,0.028449088341168407,-27.497118012798058,27.76727488263416,104.924539238316,41.828040924592365,0.08988359482937043,0.9999999999693269,-2.3150570667063275,24.207635719464655
sub-0197,2,0.3365330102287808,0.04871510518274774,23.539404667812594,27.863851635938396,106.28305324977951,99.72869128413842,0.9999999998221971,0.9999999999837362,22.45034563191194,24.842085506977007
sub-0198,1,0.020216732873469402,0.03905657174869752,-25.623677711000614,28.30356871169423,104.05366700688968,46.21936367550964,0.019816115754812118,0.9999999999869317,-3.901244657395646,25.060824585458676
sub-0198,2,0.007787927608862215,0.06455174998535396,-26.57254896885648,28.40092816994879,102.88551517198928,41.08554141667317,0.0077277444941839975,0.9999999999928265,-4.855180486727934,25.660640118432237
sub-0199,1,0.01660878632217337,0.054524016028633486,-27.28171927323249,28.075039876650518,103.97145110785692,35.23760108385461,0.01633744125140096,0.9999999999882354,-4.097823427129746,25.165925863351486
sub-0200,1,0.016313610081790962,0.02524910466547704,-26.158345427237503,27.067585510673684,105.40024526236645,49.23627855493736,0.01605174812186966,0.9999999999304253,-4.115755545219211,23.388620927993003
sub-0200,2,0.9160672336211926,0.02770520310435913,-1.689658373233851,28.205558305063487,104.72122008163977,73.53340190882993,0.5204198695652407,0.9999999999796801,0.08172493439858451,24.619423259338408
sub-0202,1,0.005601711224351385,0.1290894628924452,-26.882847808066792,27.40761034168947,104.86396214942998,95.21638675605729,0.005570506853596041,0.9999999999903142,-5.184683152140656,25.36036073749692
sub-0202,2,1.1555370935265405,0.039001362214052995,-27.72073315272078,28.386251861149233,104.77517662201097,120.34127157581744,0.5360785008048867,0.9999999999879516,0.14456525192851366,25.142093156252685
sub-0203,1,0.10144493276945994,0.0044908295248423935,-26.157789685762147,28.458221518577563,106.20733749470378,62.75881097391276,0.09210168366274099,0.9999999999026301,-2.288239162011947,23.052503673694062
sub-0203,2,0.01216938651705489,0.049661580671145636,-26.930496072326275,26.951543839615102,106.36415430841093,52.43578813607029,0.012023073093481731,0.9999999999602742,-4.40883178269624,23.949020170074398
sub-0204,1,0.13514481436019762,0.011529769898390857,-28.434200122243354,27.973313049381865,105.73506689627008,92.88577543469411,0.11905513080850631,0.9999999999384082,-2.001408376509252,23.51049014770784
sub-0204,2,0.3299002047257994,0.03606549056414167,-28.322180231902685,28.501696043695084,103.57146017767695,85.71523375869984,0.2480638799464979,0.9999999999883913,-1.1089650801780313,25.17927723279864
sub-0205,1,0.007302694240570571,0.026684044321398686,-26.829813398778484,28.536666761881584,103.56981063372596,61.756381962871714,0.007249751521902163,0.9999999999848493,-4.9195119248658745,24.91297727871856
sub-0206,1,1.3195084148862286,0.014539139571328564,-28.142240980345175,29.98574907782778,104.52790412742311,124.22548077463985,0.5688741659302372,0.9999999999934714,0.27725925427097103,25.754838092537696
sub-0206,2,0.0028402603038796795,0.19932594672306447,22.70750825887353,19.737310718612562,102.7154264097411,102.48951017093474,0.9999999515943228,0.999999986552826,16.84364868429747,18.12449685033345
sub-0207,1,0.01908008457941159,0.09803592187051083,-28.299960353018783,25.530483706031422,106.90659627604781,52.75838580178906,0.01872285099879642,0.9999999999166574,-3.9591101800881026,23.20806238826419
sub-0207,2,0.010347996912569084,0.0780604752524461,-26.358305646270477,28.547090666273263,105.96647399215254,66.84515464580187,0.01024201259786446,0.9999999999948747,-4.570962313014986,25.996819237322235
sub-0208,1,0.015273651347522059,0.06167814793558029,-27.03181001629662,27.739980507289182,105.99614991816631,58.45469154517422,0.015043876424132052,0.9999999999854605,-4.181626069308498,24.95415493012744
sub-0208,2,1.1936547215131543,0.05046899688580868,-6.835372256212156,29.25462842625239,105.22764476286763,90.26811440497194,0.5444062616133006,0.9999999999960929,0.17809428475786063,26.268232371970544
sub-0209,1,0.690690256082186,0.018861572632523384,-27.537332376847015,28.832581580214246,105.18436197480419,45.8094885486337,0.40852560284055933,0.9999999999840562,-0.37006381029387886,24.861952959506674
sub-0209,2,1.192049768870454,0.025296547782921935,-22.442271557573942,24.998788259975964,101.69620233506821,100.3080118322146,0.5438059782658046,0.9999999994503288,0.17567432035889374,21.32170091616298
sub-0210,1,0.004327036593100516,0.043805463398040784,-27.898242386136605,29.015052043114558,102.34113205076899,66.96359194927257,0.0043083940145453815,0.9999999999942801,-5.4428723608526095,25.887055308851384
sub-0210,2,0.0018255921845138636,0.03398274001229438,-24.991682163631584,28.111931721701204,102.78513448747114,55.19053788975535,0.0018222654709375294,0.9999999999818078,-6.305850859902311,24.730029191742414
sub-0211,1,0.005183185007718946,0.02861903902246327,-26.096288853855754,26.796043911944352,104.02573155680608,65.37259526484033,0.0051564581312639746,0.9999999999194675,-5.262335545303964,23.24236082939644
sub-0211,2,0.5312727108457881,0.014835723172986072,-25.291777311696155,26.96767377081339,102.70939962557537,115.24119631031341,0.34694846129396656,0.9999999998691482,-0.632479809819519,22.756956492145587
sub-0212,1,1.0455446024218666,0.014602510023668625,11.958599381385264,28.317525393119425,105.10277992727322,90.18191785269889,0.9999938751103039,0.9999999999655311,12.003143685598229,24.09096354750499
sub-0212,2,0.5668777935634326,0.027558244502990163,-12.654791702365273,27.615732459774474,104.74515179061676,38.304870883282916,0.36178887134701937,0.9999999999631541,-0.5676083378967165,24.02427892763103
sub-0213,1,0.8113142979642289,0.027197612653986212,-19.582729361579453,27.544527797721283,105.31188845511333,95.20495806894003,0.4479146994408192,0.9999999999599103,-0.20909975308494055,23.939901718116133
sub-0213,2,1.1569104770811436,0.027493274558809185,-24.59348297930442,26.60995272534204,105.14420005360174,69.1906896782728,0.5363738965457331,0.9999999998990241,0.14575307020088532,23.016138859627315
sub-0216,1,0.004508862083555084,0.029740588836457683,-27.911652730058798,27.65542701526793,106.49267422143507,33.99347081986381,0.004488623499255327,0.9999999999671866,-5.401710466935244,24.140184476600165
sub-0216,2,0.03326541483182535,0.023087557432505675,-27.399916833741944,28.156883122096378,106.96872448445033,45.27976856087179,0.032194452997616495,0.9999999999743998,-3.4032370153454576,24.388421676238856
sub-0217,1,0.008892550361832754,0.015374204671052834,-25.990962245202596,28.510075493172668,105.21474577538571,42.98143995601116,0.00881416991203765,0.9999999999729954,-4.722541390747119,24.33501129783354
sub-0217,2,0.015689986480150207,0.0051699444612981265,-26.287226357077433,29.074169068415706,102.61381062824402,39.9862175215334,0.01544761363118554,0.9999999999543161,-4.154732573919508,23.809275735400917
sub-0218,1,0.011737858379470601,0.055044656107138844,-26.450971822254616,27.6749356098111,104.94962881030236,51.577754782137724,0.011601679508473888,0.9999999999826135,-4.444935902048375,24.775325115846876
sub-0218,2,0.011730390886981329,0.08742326965876498,-27.288787351407095,28.193879665417537,107.22048533582046,42.89777739369306,0.011594384227910414,0.9999999999934849,-4.445572293172244,25.756885876896316
sub-0219,1,0.00874979419039559,0.023154789606808085,-26.591766485208453,28.751594608511304,102.91654689672646,56.77000440579003,0.008673899356224939,0.9999999999859168,-4.738725099984059,24.98604098312458
sub-0219,2,0.06398991607088153,0.027949831947800794,-27.707022735240237,25.43722394655179,104.68003765239337,58.548418873894335,0.060141468546281183,0.9999999996790963,-2.7490297694281147,21.85987985456061
sub-0220,1,0.014104883771115784,0.012692773669435116,-28.241856582407713,28.32770126733957,104.22293151340298,43.454862191939156,0.01390870313006679,0.9999999999607464,-4.2612341748227855,23.96097881747249
sub-0220,2,0.09268887444469749,0.002998942299508856,-25.246751008466337,29.9287819539885,102.5485262230656,48.600240627356634,0.08482640998126963,0.9999999999664937,-2.378506830379871,24.119286334677895
sub-0221,1,0.015027022135606756,0.03308041234586587,2.137321272130459,33.80360425474678,128.91746002279228,34.841916150366565,0.12465490705876447,0.9999999999999368,-1.9490690246468136,30.394790310953262
sub-0222,1,0.0073191815491851775,0.234915395070634,-23.27478771877202,25.759624219281843,104.6457204460059,64.12278402217294,0.007266000373878791,0.9999999999723417,-4.917256767402787,24.311094368651226
sub-0222,2,0.05728135191795785,0.10619807141935911,-24.14558500138188,27.936538488126715,104.8458231438058,56.58589022611609,0.05417796484901108,0.9999999999930625,-2.8597801546559762,25.694089157895217
sub-0223,1,0.1343788503616851,0.01683472937024572,-26.283936275164894,29.716721132223338,105.81520820933095,21.814473815767396,0.11846029244929539,0.9999999999926212,-2.007092226652477,25.632409830301672
sub-0223,2,0.3888071814092675,0.014055651632994109,-20.821820164779616,28.932603748731186,104.22883001825628,43.404537678295675,0.2799576405332344,0.9999999999806413,-0.9446717349574394,24.667873036106304
sub-0224,1,0.033145127066383936,0.2627357041966089,-26.65163354320482,27.12481915735636,104.6003144248833,82.69442381989147,0.032081772635936416,0.9999999999936858,-3.406859569641818,25.788212478266868
sub-0224,2,0.7688927306954121,0.04604850848451652,-19.258321401712827,27.11530051103124,105.13359192417151,36.33029368657556,0.43467459571395417,0.9999999999636286,-0.2628038068226437,24.0372406051834
sub-0225,1,0.01179196407848088,0.058048892042660546,-26.40980746945585,28.91605490786446,105.71883531268628,40.953779311576874,0.01165453422953431,0.9999999999952344,-4.440336989798203,26.069585250585277
sub-0225,2,0.025273322762866115,0.07810103586662001,-27.098327121670795,27.340266256689596,105.50689120887697,43.68174623213701,0.024650327090148562,0.9999999999828756,-3.678005875806309,24.790514297803483
sub-0226,1,0.014859627200408702,0.35836861414107046,-11.622547603110267,26.896199548635533,106.60365299102706,76.84647944249507,0.014642181066414477,0.9999999999941817,-4.20909836577604,25.87000637477056
sub-0226,2,0.1584107773569437,0.1798097705779569,-24.863620708684635,24.162645164690783,101.3835215451261,58.19043638172267,0.13674836289123102,0.9999999998215637,-1.8425637630308391,22.44678934766976
sub-0227,1,0.28392839080847637,0.008671653975716672,-25.36803114668031,30.95852342267569,103.166584847121,99.8201691596315,0.22114036331248596,0.9999999999958621,-1.2590332176458006,26.210827686270616
sub-0228,1,1.2349367218381015,0.009905325013362463,-26.140194590959478,29.488739593712044,105.05951449371301,92.69934900919593,0.5525600388474954,0.999999999984248,0.21101973139364646,24.87405680740256
sub-0228,2,1.201304712036769,0.007511823458233849,-27.093599194756596,28.74252717919091,102.3664478873672,103.60236245857833,0.5457239542844522,0.9999999999561939,0.18340822618719999,23.85125014053883
sub-0229,1,0.006406873537109053,0.028183143785135353,-26.607528008635846,29.76707079145869,104.34642088503281,59.32157856045508,0.00636608682391966,0.9999999999958088,-5.050383874755284,26.19803957358832
sub-0229,2,0.0550542348983467,0.019357580321259397,-28.17261036843066,29.044066043897814,107.38537940621167,46.284921758765876,0.052181426392437044,0.999999999987426,-2.8994364905546743,25.09939485554725
sub-0230,1,0.015384099086884134,0.060516535364678874,-27.876676723271725,27.412774946778217,103.11446468770626,53.867574556997155,0.01515101438040109,0.9999999999794454,-4.174420829810513,24.607936307304122
sub-0230,2,0.022016567350042333,0.05222130940341071,-26.39004281901649,28.963413352905015,107.5847354532085,62.0468905590933,0.021542280285341147,0.9999999999949476,-3.8159600476632383,26.0111487116291
sub-0231,1,0.015349970582646158,0.07347292198622296,-27.950712262489112,28.24319446027814,104.59888581187991,81.40973517882415,0.015117911092122006,0.9999999999926207,-4.17664172139003,25.632356111285603
sub-0231,2,0.007010113928214373,0.07532892831059441,-25.249199796370753,26.649147170775496,105.25455425862816,66.89539343521146,0.006961314321803772,0.9999999999645628,-4.960401325815171,24.063256126937375
sub-0232,1,0.29565122595525306,0.09916785259107169,-1.21699338946332,26.57024109838132,104.89107700799202,86.95267003196332,0.27703833997560673,0.9999999999708714,-0.959200283667133,24.2592997145497
sub-0232,2,0.8243102016315008,0.01545662591390321,11.36086476102842,29.04267478899495,114.38882287881493,89.27402663242478,0.9999858766650155,0.9999999999842307,11.167668041645074,24.87295728316321
sub-0233,1,0.3124991379449486,0.021485287953773385,-25.717703872272363,29.56319219268515,104.7952979442957,63.746782562847834,0.23809473767415856,0.9999999999932591,-1.1631535683788747,25.722805333389683
sub-0233,2,0.03226047972185803,0.0763806282990399,-25.770129814054307,27.242056011394446,104.6809686484197,66.97801558194911,0.03125226660886169,0.9999999999806828,-3.4339123359038393,24.67002984014014
sub-0234,1,0.0016387409652208573,0.03879101339793823,15.490082318755665,28.178214207393623,105.9534693863442,92.6570805234955,0.9998856640841922,0.9999999999850849,9.076255470028677,24.928647534759556
sub-0234,2,0.5849609990538956,0.011922388494010736,-26.50126246629855,29.226068704113363,105.93020608234877,120.98297892642717,0.3690696486564756,0.9999999999829817,-0.5362101022535536,24.796731443710165
sub-0235,1,0.0371963249342285,0.022735716911516643,-25.36384865550432,26.66105148132467,102.72503550052157,40.63693199497937,0.03586237633162977,0.999999999883977,-3.2915453146642757,22.877233322510357
sub-0235,2,0.029535277147299418,0.08642790079331032,-27.19213245113844,27.395133996226324,103.80424120000527,44.861696856993454,0.028687970002525896,0.9999999999853516,-3.5221698945748967,24.94668926677463
sub-0236,1,0.011363707590064139,0.05213582061518896,-27.975194477589007,27.905846171883205,103.87210325303253,35.96118708077813,0.011236024691008739,0.9999999999854283,-4.477330546571497,24.951943141216862
sub-0236,2,0.011609427679621738,0.010471489866643086,-26.531932055684564,29.602498042066326,107.15778797617627,39.69417074957854,0.01147619561660798,0.9999999999867019,-4.455937779951948,25.043399076472042
sub-0237,1,0.009488449023250904,0.07401521797434003,-20.77261864414293,27.92028160715863,104.66110407298235,54.7769913489892,0.009399264589286062,0.9999999999898829,-4.657680111509941,25.31679704854059
sub-0237,2,0.012525252335086112,0.17607202816104436,23.18169227441488,27.648358396656494,104.06630281410416,107.17883828081668,0.999999993168242,0.999999999994418,18.801683788800162,25.911496279908203
sub-0238,1,0.006783275849392087,0.19844016612129553,-18.315464642343734,28.098286491765016,102.02642334629168,78.0720250646353,0.006737573107300931,0.9999999999968417,-4.993295118979137,26.481018837352142
sub-0238,2,0.36921636966726606,0.012984378164003203,-24.208755948669506,29.142360552913857,102.40377339281947,81.72720770491804,0.26965524065802066,0.9999999999830094,-0.9963724390953475,24.79835222910543
sub-0239,1,0.0009369779115174294,0.08167699360791005,-12.684563457583875,24.27059194902519,106.07465786951717,73.90892830033715,0.0009361037036166382,0.9999999996473726,-6.972847751039401,21.765609036295803
sub-0240,1,0.02518213598322199,0.04794308607089385,-27.821131543392784,26.735220877370953,105.21535757061315,37.0012507964124,0.02456357275391934,0.9999999999489124,-3.6816204253996236,23.697480198936244
sub-0240,2,1.0434707749090648,0.07071176663758892,-20.511946101199356,25.85240723935589,101.5339625850825,73.21152438126609,0.5106365054750013,0.9999999999162567,0.042552441582889976,23.203263949951705
sub-0241,1,0.023408207306121958,0.09380250877742671,-27.015254713824024,26.67140730666994,104.86780446289046,56.6578062396995,0.02287279615216378,0.9999999999721683,-3.754668578533516,24.30484362937293
sub-0241,2,0.6497315456675397,0.1457671769508668,-27.651614980089704,27.295675082859912,106.87857339883858,27.51663151679662,0.39384077207847845,0.9999999999904063,-0.4311960080675411,25.369930474315787
sub-0243,1,0.02836852144678548,0.027543443316611464,-26.51716420792567,29.15367173044477,107.2140135332415,80.7577292555347,0.02758594886486661,0.9999999999920803,-3.5624751483023065,25.561680966599635
sub-0243,2,0.00565240671850651,0.022419501774753634,-25.38309932072954,28.556817087415862,101.88198982228647,77.25925854187676,0.005620636594510631,0.9999999999823272,-5.175673856635622,24.758993003474107
sub-0244,1,0.3489133074531921,0.015371698840847941,-26.195011267033134,27.145398671435483,104.3090503854232,36.706995126739116,0.2586625141337239,0.9999999998942741,-1.0529317903454865,22.970171473555812
sub-0244,2,0.14440297500807525,0.09403338984071968,-27.779262093579554,27.94562992277283,103.45117613776294,116.45770745677743,0.12618192905970477,0.9999999999922361,-1.935147450185781,25.5815245740604
sub-0245,1,0.006140596737019061,0.022599974638731552,-26.4634755415956,27.245892183373638,106.40749914207406,46.72179687780551,0.006103119938657719,0.9999999999349644,-5.092833353102775,23.45608568849056
sub-0245,2,0.013975415334702123,0.05099630589717562,-26.396555062082765,28.354639533300986,102.78762765263136,52.61110702335567,0.013782795049460207,0.9999999999904896,-4.270455540543591,25.37863745103152
sub-0246,1,0.09842430572641553,0.04251121968530573,-26.373585456879233,27.210725574360538,105.64900837730832,57.162431927874465,0.08960499618737054,0.999999999964188,-2.3184674960074236,24.052738329065807
sub-0246,2,0.8925514329538204,0.06609906922162055,-27.05378199574798,27.847853236293602,105.32310224905255,102.3326069471915,0.4716127749096895,0.9999999999878203,-0.11367113902752628,25.131252622703457
sub-0247,1,0.06609657321190586,0.0965828310035544,-27.865984124378556,28.213391266499617,103.75591332352539,54.827914745620106,0.06199867335922578,0.9999999999942167,-2.7166383759500867,25.87603698005769
sub-0247,2,0.327260887266067,0.029544915325527582,-26.626374744437562,28.776450108621248,104.84489720270544,36.44850341969662,0.24656862144174418,0.9999999999892338,-1.1169976057861362,25.25460648848365
sub-0248,1,1.089989259245276,0.009334149930855018,-18.593962045013075,30.153383191195804,106.5454666193508,126.3931510262905,0.5215286436564874,0.9999999999914004,0.08616785069809611,25.479307622485198
sub-0248,2,0.773261863360446,0.02207093502868181,-20.9798997244171,28.646999301962953,104.06909787178536,103.39478064187331,0.4360674977989032,0.9999999999835962,-0.25713752455544137,24.833505608853603
sub-0249,2,1.0423184851070573,0.02218981798716576,-23.71658110484833,27.90764444227383,104.84565430192576,70.73823209118785,0.5103604030093275,0.9999999999658248,0.041447544575942394,24.09952269773219
sub-0250,1,0.0103377317809718,0.06598435804871104,-23.804860544933568,25.47104138430135,104.55116729405097,60.90001917787603,0.010231956558940422,0.9999999998685906,-4.571954797462048,22.752703820003596
sub-0250,2,0.025365381696436515,0.05254997856697747,-24.958557188393453,27.46555254563277,106.46397335697331,56.538010455253,0.02473789553420298,0.9999999999775462,-3.6743699599078243,24.51956195611508
sub-0251,1,0.8811337355104557,0.009493591770903791,4.030960601413719,27.705433711643167,104.71825751527072,87.46113189830365,0.9805833400621773,0.9999999999022194,3.922016182310277,23.04829545322577
sub-0251,2,1.1514016430317302,0.023518065316943587,-17.882954328132808,26.30790665571572,108.50226413333388,96.93861814054658,0.5351867494960973,0.9999999998403314,0.1409800373656952,22.557920239451807
sub-0252,1,1.0945082671037785,0.024348382473187328,-28.40396044748475,27.879603014948806,105.73227141184046,123.41354954203337,0.522560967791009,0.9999999999679688,0.09030519126818291,24.16431315508374
sub-0252,2,1.0682081023180525,0.02143583284497459,6.418147586412549,29.409924745036196,106.00919579812923,111.23037571632536,0.9984773215329092,0.9999999999921243,6.485760506565817,25.567233419791837
sub-0253,1,0.010008678846907437,0.14510062790909758,-15.759429035821952,26.84678969819358,104.71482285726594,70.05145812562628,0.009909499269648712,0.9999999999849021,-4.604302534549563,24.91646190651755
sub-0253,2,0.846103642559346,0.019469167840837267,14.832793491266274,29.087277773376467,103.31900274158883,105.78983975476255,0.9999995726578524,0.9999999999880268,14.665680434898118,25.148354572281665
sub-0254,1,1.231763469605407,0.019029279531168772,-21.102131321812927,29.245477159308408,102.80666719118425,70.18306403147942,0.5519238426288339,0.9999999999895424,0.20844685840707655,25.283700701284033
sub-0254,2,1.1384124652338108,0.03600279452923905,-14.461954085567477,29.23876661463443,107.5688890119967,63.02384106117771,0.532363499862725,0.9999999999944355,0.12963524142288466,25.91460789690807
sub-0255,1,0.011352706662176656,0.04384646197411084,-27.247364807246115,27.157418197363675,105.70454277835172,64.68901534974961,0.011225269470688519,0.9999999999633774,-4.478299091044818,24.03035694920523
sub-0255,2,0.07836597781251556,0.06267741634816137,-27.137623795619394,28.62816858995789,103.39408357058763,58.64460425019823,0.07267104065319396,0.9999999999941138,-2.5463654022835125,25.858414507897752
sub-0256,1,0.018722090557925522,0.010929565486355342,-26.90099070000983,28.933706355358716,106.12100351654509,43.69368607615502,0.018378015684051865,0.9999999999751316,-3.978051139062957,24.417422623553243
sub-0263,2,0.02917447415839745,0.09264811793087359,-27.34238645999141,26.991688339833512,105.31838487331841,57.181700019815764,0.028347452148278916,0.9999999999795439,-3.534461124675926,24.612741699626273
sub-0264,2,0.928695328293006,0.03598338905455776,-22.118056329798332,29.906366475092298,105.76339058252105,42.91025119288643,0.4815147912627077,0.9999999999971443,-0.07397455033749901,26.58166861293047
sub-0265,2,0.14314331297823452,0.34248671702799227,-1.733983185452822,28.65411129779918,99.9919475369971,100.66342881426425,0.14414301432812734,0.9999999999989504,-1.7812973275900423,27.582588893367603
sub-0266,2,0.026468229979219018,0.1577839912568733,-26.407608485018628,26.92706574581614,105.11439761365351,32.414811182561316,0.025785727415881653,0.9999999999871866,-3.6318101339132576,25.08053742052523
sub-0267,2,0.8255049517763369,0.01022217434763646,-26.09906445379181,28.425192749349414,104.4636918453603,55.95536286913812,0.45220636130028485,0.9999999999557867,-0.19176001711764784,23.84199678668619
sub-0268,2,0.027271361392424913,0.6323345886547036,-22.867562916586177,24.66604035020041,107.50036325461673,69.27037179720472,0.026547378249277498,0.999999999969329,-3.6019181605390687,24.207703737723538
sub-0269,2,0.13371151209021104,0.4149484138646648,-15.97710958817745,28.226597598614216,100.7971376194935,65.84731503302085,0.11794140241511841,0.9999999999986716,-2.012070579549231,27.346996528196385
sub-0270,2,0.01790706489863467,0.13193650656332187,-27.118051763047188,28.271346428710626,105.04423895749497,42.64103310062963,0.017592043042207666,0.9999999999960046,-4.022559956927649,26.245911945708613
sub-0271,2,0.010108304475179174,0.09028231106667993,-27.94114216078027,28.714448791620605,103.38843130663233,94.36831627393168,0.010007149164503182,0.9999999999962513,-4.594397967710943,26.309635063138206
sub-0272,2,0.03492974941710396,0.021470643480616024,-26.669666671475234,28.336397244467573,104.50037133342377,25.706995563913438,0.03375084099849817,0.9999999999769954,-3.354416394045547,24.49532854807868
sub-0273,2,0.0205468711928683,0.18728001922904924,-26.017956596528478,26.232153319542455,106.28588161950408,60.71394719005955,0.02013319698776116,0.9999999999783713,-3.885046603015003,24.55700296642242
sub-0274,2,0.010531902343740497,0.0970435726985383,-26.305240596073368,27.313386887429612,108.67858229410794,70.89880870433082,0.010422137410360775,0.9999999999858428,-4.553346309724888,24.98079168916845
sub-0276,2,0.8798288262921389,0.1672693299741332,-28.668817067273377,27.539448119546382,104.31351249257823,26.93720865529563,0.4680366712046435,0.9999999999934482,-0.12802790600725414,25.751298108226504
sub-0277,2,0.033672702659202976,0.010410578748222817,-26.534523912195386,28.409420775919127,104.89983872679504,53.02235447239939,0.03257578784142685,0.9999999999558968,-3.3910677799689513,23.844487973429413
sub-0278,2,0.9946979611402931,0.02497140194353711,-8.818742249855985,29.03516300713793,102.4735155929169,101.28318922542313,0.49870794758028614,0.9999999999901656,-0.005168221182643578,25.345138975987265
sub-0279,2,0.10178694877011765,0.14514111317264472,-26.475798139041267,28.011045138082505,107.29673828633085,46.481956059184014,0.09238351287790421,0.9999999999952884,-2.284873387697194,26.080996322569174
sub-0280,2,0.0038736638741655176,0.026052669728083386,-25.891635197357058,29.327772682126525,105.4032390448406,95.1716501269062,0.0038587165034673614,0.9999999999929652,-5.553554482297583,25.68013765085602
sub-0281,2,0.010028897110233727,0.11508639322162045,-26.020391764528124,26.99300713973921,103.1196642437552,80.09305464253806,0.00992931701159921,0.9999999999835539,-4.602284642148561,24.83093495248403
sub-0282,2,0.02588541863302722,0.35536466626867946,-26.17005957616649,27.13878175852408,106.32481170907602,56.21603166003349,0.025232270741919503,0.9999999999953963,-3.6540754559509074,26.10417097070625
sub-0283,2,0.01189779050337076,0.6682463769539373,-26.726641373100577,24.837861428880046,106.52678250041478,58.18948539533715,0.011757897502159012,0.9999999999755592,-4.43140256808701,24.434763083226
sub-0284,2,0.00045597062470079217,0.007464244307958318,-20.664979451775007,28.264453047014342,104.21810129620891,107.96153729311438,0.0004557628107303851,0.999999999928892,-7.693082168980702,23.36682196254778
sub-0285,2,1.0415462958430226,0.10782242793980555,-27.664078502088564,27.113064578841037,106.56134860661577,63.94622553099557,0.5101752029646857,0.9999999999844319,0.040706431853416394,24.885794988085447
sub-0287,2,0.11032096255274687,0.16551598090334302,-27.74952016957385,26.637373148697566,103.32311928866031,80.05935200521694,0.09935952420388013,0.9999999999836809,-2.2043613204368504,24.838685621223004
sub-0288,2,1.2023485831663803,0.05096474263754537,-24.48436587947614,27.56924751589221,105.94660387384836,44.10505265378283,0.5459392724517872,0.9999999999791284,0.18427679672789787,24.592626309730584
sub-0289,2,0.01187413627588459,0.06540237037523917,-25.311414036604628,26.918221200320687,103.5402636622792,61.07297205844247,0.011734795712543544,0.9999999999688133,-4.4333926663589045,24.191024423416646
sub-0290,2,0.0243829240355043,0.5824888654181878,-26.705547172428172,26.251596930530173,106.33039162573878,36.66972944669906,0.02380254830831138,0.9999999999931799,-3.7138722262894905,25.71115172164726
sub-0291,2,0.015350361856748455,0.18778784475689336,-26.599003892761832,27.574407368069405,105.9467963321936,40.19494089555336,0.015118290625041018,0.9999999999943647,-4.176616231494439,25.901964929363587
sub-0292,2,0.012185844132363084,0.06769244163444675,-27.110939066367745,28.19425150067416,104.96392037081236,42.982062520093,0.01203913708438487,0.999999999991589,-4.407480317949635,25.501470750392038
sub-0293,2,1.1464813400089247,0.05678816371503785,-26.556007992609345,27.633180965854674,104.64918546511898,99.28144120797386,0.5341212703045082,0.9999999999824287,0.13669754757263058,24.76475360558678
sub-0294,2,0.017444173805972737,1.0299723284136446,14.333337251695982,26.154944273120694,104.56415146209204,110.84074551740531,0.999965845712712,0.9999999999957515,10.284588282112141,26.184476209387906
sub-0295,2,0.009192418202948176,0.39411757034264006,-26.265991158007825,26.836998408054047,106.5489449371823,48.47337465692171,0.009108687339677629,0.9999999999943867,-4.689376243062413,25.905892395743944
sub-0296,2,0.05190839488256052,0.07135891637289814,-24.938528032121276,28.002422846822295,106.47881216280535,56.94680559712712,0.049346877670925486,0.9999999999903338,-2.9582747507667597,25.362389870639934
sub-0297,2,0.22808624280301595,0.07049280636488112,-27.46741074397785,28.081958416726895,104.25632865209401,64.53728538882143,0.18572493922140576,0.9999999999909631,-1.4780314636400411,25.429713804979876
sub-0298,2,0.2806702022627841,0.027784115639650712,-24.402120804354634,27.642027112625115,105.27070134990446,31.750055341088874,0.21915884493323037,0.9999999999644021,-1.2705749563262012,24.058736311172193
sub-0299,2,1.0758559571351336,0.0017360001516548774,-13.924926394187754,-25.766677150325833,145.16133245112496,116.14943876364582,0.5182712307148,0.001732991677850493,0.07311748030204185,-6.35617157537873
sub-0300,2,0.028539828582139642,0.04325357482105174,-25.01127466640345,27.639365102758166,104.70117040143057,60.58603963781874,0.027747908043447712,0.9999999999770726,-3.5564546731697195,24.498689708561194
sub-0301,2,0.06553570212267526,0.06535231388979455,-18.28330637095644,27.48768026417951,107.31197551740046,57.62632663187465,0.061504933807229795,0.99999999998234,-2.7251602027901676,24.759717832289887
sub-0303,2,0.015526967792787696,0.010017123649742722,-26.954502031160906,28.449088617500973,104.11314754598561,39.27043305097855,0.015289567175714785,0.999999999955947,-4.165176909254706,23.845629332062206
sub-0304,2,0.005933006623277759,0.03744361435906039,-26.92951361679627,28.402011309338917,103.29479623634482,52.65367245014666,0.005898013669126544,0.9999999999876467,-5.127224175358752,25.117092214675267
sub-0305,2,1.04229895947068,0.0005952571036062615,0.5548255438796423,-22.765254905608018,64.38998644435378,104.96951228978573,0.7407718348208526,0.0005949029834566032,1.0499840421275162,-7.4265171387188955
sub-0306,2,0.00961557290909601,0.1910101567228477,-26.592326179339693,27.485000728332313,105.7712814066032,54.65235087738424,0.009523994248045032,0.9999999999939416,-4.644371316784298,25.829572052543554
sub-0307,2,0.02191044314433247,0.022283221747747453,-27.057241069009315,28.769156200321977,106.47461279694072,37.992391014540466,0.021440668594161674,0.9999999999856207,-3.8207918999119603,24.965234928626945
sub-0309,2,0.9299937393561329,0.027202547328323487,-15.345894048848352,27.575205736707346,104.51613437326232,106.31851597688268,0.481863658255715,0.9999999999611285,-0.07257720828000008,23.970761078419763
sub-0310,2,0.3734086391672775,0.10030396581863672,-26.00515980604777,27.362303602081077,103.41595565689401,54.4032118925463,0.27188458592707254,0.9999999999869568,-0.9850819116419574,25.062753556854133
sub-0311,2,0.11624069186635876,0.012458446441325814,-27.302509578707177,27.8062904751598,106.27624824121817,140.2123383089928,0.1041358666759841,0.9999999999326376,-2.1520923076858596,23.420934018082434
sub-0312,2,0.046003949191368874,0.0251928261999009,-15.254662957425273,26.672946287568106,103.72350199747974,31.374754189103744,0.0439806748875176,0.9999999998965312,-3.079027797063197,22.99175028797134
sub-0313,2,0.00553952912215718,0.01268978206290408,-26.699226878477262,29.15827966562965,108.37645805804968,50.74378470839788,0.005509011790921053,0.9999999999828894,-5.195845777833279,24.791321494302522
sub-0314,2,0.15914226960039626,0.104203223065484,-25.983358521647993,27.233506852393432,106.88766790869673,53.73227976221863,0.13729312938952032,0.9999999999857191,-1.837956699470357,24.972094633784238
sub-0315,2,0.6278260526819508,0.018402192038052354,-12.644659131920044,31.734951549536348,107.35136604156173,41.69279400120102,0.38568451179086694,0.9999999999991029,-0.465488912325036,27.7396660605763
sub-0317,2,0.03818022862877004,0.18939472372470667,-26.70317226685869,26.489292639352414,105.61171262974855,65.55087808912407,0.036776108401998325,0.9999999999834621,-3.2654374725184256,24.825370682895255
sub-0318,2,0.01684538347009851,0.03655009573996823,-27.233413039679466,27.778673469256674,105.45153915919443,61.56948004472058,0.01656631749916237,0.9999999999763959,-4.0836786377568135,24.469601995892333
sub-0319,2,1.0030485901696293,0.0005137389892346293,2.423424505879557,13.619075715599632,95.97853851956353,87.48062939509381,0.9249355593719144,0.9976365855857017,2.511377116539225,6.045281708124701
sub-0320,2,0.03168801930140359,0.02914497175723738,-26.204309088310644,27.2863213755166,106.08308833144835,69.15417773209789,0.0307147303338743,0.9999999999515674,-3.45181660955088,23.750848498989768
sub-0321,2,0.7790572504726602,0.01076279834178845,-24.238713184670953,29.197382581260786,104.77899546279346,24.442368710242896,0.4379045420144298,0.9999999999805995,-0.24967074351935672,24.66572289213988
sub-0323,2,0.011786172544503022,0.025117019065188633,-26.08090908093411,26.32028678950198,103.44368179244175,53.97941266535266,0.01164887687179724,0.9999999998523352,-4.440828252884118,22.636077177294897
sub-0324,2,0.04235332276686351,0.02535233816630806,-26.685841163543813,28.836407077288424,105.60913266802135,59.00446701871165,0.04063240538682579,0.9999999999881835,-3.1617084012931,25.161522759447678
sub-0327,2,0.010260454141134726,0.027030693210608945,-27.550595310581716,27.829726060060608,103.5753563147792,53.53031580896216,0.010156246440298984,0.9999999999696718,-4.579458176949528,24.218943787010268
sub-0328,2,0.01867740190525933,0.025035202902348244,-25.871903772947903,28.700562308723217,104.83794885586116,62.05089053996322,0.018334952626251417,0.9999999999862926,-3.980440940149644,25.013089980237773
sub-0329,2,0.01204742329968938,0.050568111068576824,-27.972668698461305,26.432620841500576,105.62780169411862,33.817934958136284,0.011904010644499544,0.9999999999344487,-4.418904475961197,23.44818672410954
sub-0331,2,0.8519040980123319,0.037379963284058376,-1.9512511029495425,28.307068829859688,102.96952385579591,88.19567409830728,0.4931464322280671,0.9999999999863932,-0.027415988196577146,25.020448370670064
sub-0332,2,0.02850228237955509,0.11774450992547818,-26.01164431663139,27.494342237810088,105.58190964346146,52.21816195507345,0.027712415293577975,0.9999999999902631,-3.557771111415833,25.35510406580195
sub-0333,2,0.37562496760076464,0.13759600537605907,-27.186784955229662,27.84226620487318,105.13186335677068,21.39767554098555,0.2730576839240713,0.9999999999941163,-0.9791640599453135,25.858832820272454
sub-0334,2,0.016029411195540248,0.04372079070668012,-27.444447174842388,26.610147648416852,104.09133051484302,43.8512776812604,0.01577652282397789,0.9999999999365149,-4.133330044441431,23.48021611827945
sub-0335,2,0.047125075743885345,0.042566717849783636,-27.3231473132284,28.484695576905107,103.94261564891613,50.59991810757584,0.045004247186486844,0.9999999999899958,-3.0549500259165914,25.328012974715538
sub-0337,2,0.06405534499428689,0.0073443733516270525,-26.73612630780861,28.95366180556646,105.73941151367954,40.194540643405375,0.060199260589004544,0.9999999999637231,-2.748007803778578,24.03984101625044
sub-0339,2,0.01344961078939023,0.043758730261340445,-25.75759295046153,27.37539632135788,100.94777544832004,53.39523085995444,0.013271119398822938,0.9999999999704913,-4.308805110938283,24.246332184104073
sub-0340,2,0.012627177184390522,0.037919347388602205,-27.397557814307817,26.838735908616833,105.29409595208385,47.26719270151142,0.012469719822764517,0.9999999999417597,-4.371903868438531,23.566442096659443
sub-0341,2,1.1450080032620653,0.05718001846058444,-25.32069606659063,29.189331326606116,106.61958341486087,47.464299323854064,0.5338012732475357,0.9999999999963188,0.13541162674038115,26.327780557368676
sub-0342,2,0.023583597958978252,0.06181391722032194,-26.496967725297896,26.51717588476293,102.30376824803257,55.11473111223149,0.023040226519920277,0.9999999999507223,-3.7472038103113423,23.733549142634118
sub-0343,2,0.00615983427213398,0.04551962725859528,-27.05625071382716,26.942975138109137,105.11239032670697,50.82639045611783,0.006122123009015702,0.9999999999562864,-5.089705405671201,23.853363460394103
sub-0344,2,0.8899948696769857,0.02753585890666419,-25.978907135789296,27.93032080166212,107.9359874172596,61.24266632185871,0.47089803467643787,0.9999999999730774,-0.11653958067522897,24.338054638177752
sub-0345,2,0.033459793525619286,0.11929493411344734,27.190295657260766,24.81070753574145,110.75314235613041,105.04577915248657,0.9999999999535611,0.9999999998593224,23.792884903037372,22.68455112155379
sub-0346,2,0.19398954875872024,0.070764177622128,-18.00337051562755,27.985404645537486,104.37583930498053,63.71154057367885,0.1624717330453254,0.9999999999900853,-1.639950978568975,25.337002273422687
sub-0348,2,1.1244747773459658,0.0960583638429671,-26.500035881350392,27.586567164829614,104.98968967243322,128.01515608963808,0.5292954236681379,0.9999999999891165,0.11731606206291814,25.243767849283127
sub-0349,2,1.0936850291329407,0.008420968300789656,-18.87796558604146,-15.976415762793472,87.14877719366274,60.12424869862081,0.5223732401107591,0.008350648714839076,0.08955276131972535,-4.777030342025353
sub-0350,2,1.0212897272236316,0.03835581922021667,-27.56894174719347,27.950462475586285,104.32278308520547,102.22356185968331,0.5052663719945655,0.9999999999810575,0.021066267022706867,24.689613452677797
sub-0351,2,0.4844184138921746,0.004410670604098178,-25.519201723991337,28.880303900895147,106.38394994004474,31.522407090448333,0.3263354923122494,0.9999999999349961,-0.7248062542020541,23.456575364232783
sub-0352,2,0.025360832704879762,0.142722220915017,-26.178241937929926,27.47208041577696,103.66000889138161,79.5270284746916,0.0247335688043439,0.9999999999917865,-3.6745493145819843,25.525225366850627
sub-0353,2,0.015466258556104876,0.030838893841945447,-25.990001222928495,27.651974124813393,105.58827823851959,59.815616917787615,0.015230696663594714,0.9999999999682457,-4.169094495219742,24.172995526242907
sub-0354,2,0.027721173789749934,0.1040808721769057,-26.06295717426433,27.384454522647534,106.64302675400236,60.178481097359075,0.02697343841584653,0.9999999999877054,-3.585558761044567,25.121867457706163
sub-0355,2,0.670013999874098,0.027141734615557387,-28.84974568726944,28.61966556097805,105.72474726591687,45.88019920964949,0.40120262460358347,0.9999999999862912,-0.40045667148065955,25.012982847977327
sub-0356,2,0.23793489981420787,0.05221632033884431,11.267590730508614,28.496271919462966,101.83607750788426,77.71325627833497,0.999946289339151,0.9999999999919383,9.831845337998157,25.543911736674396
sub-0357,2,0.02539374783348361,0.04784331775548378,-27.052085142559708,27.75010048538981,103.5813750477219,75.04648733736362,0.024764874846546804,0.999999999981445,-3.6732522835433707,24.71027666472243
sub-0358,2,1.2275799573683648,0.010750776072058715,-10.376477829602852,29.389285133043042,103.52454955740235,94.40737230390738,0.5510900396542471,0.9999999999839693,0.20507587327188903,24.856507798778622
sub-0359,2,0.0030354076187900157,0.040861996074890154,-1.8052788486500317,25.460246185155455,106.90748073470579,89.46543602113205,0.0035220666434908647,0.9999999997854957,-5.645179063305926,22.262691345941995
sub-0360,2,1.0555415423939924,0.049154865971775465,12.768667525241016,28.010068928804642,100.05925084656324,111.91780006008209,0.9999973012639338,0.9999999999860744,12.822724319436201,24.997289493993573
sub-0361,2,1.1571950061122596,0.014586375662360629,-20.32098242054249,28.218358488571603,104.27624709055415,47.6864144896055,0.5364350481229215,0.9999999999618956,0.1459989801134223,23.99069112881565
sub-0362,2,0.07072974607522789,0.07697072550876236,-27.011352977935047,26.966768426801377,106.64387784850932,61.27467538869446,0.0660575148253902,0.9999999999747561,-2.648889057996397,24.40243830918712
sub-0363,2,0.3475108057165111,0.0073693953288445245,-19.922500733741938,30.744173241469852,104.49639862596284,82.10550372633091,0.2578909236324198,0.9999999999939668,-1.0569595166464212,25.833753620390233
sub-0364,2,1.0279980607171273,0.014610659685012899,-18.163716768584052,26.600756768519517,104.77989637385713,52.60037825517208,0.5069028847630457,0.9999999998082355,0.02761329349924095,22.374752867261723
sub-0366,2,0.017826472287848248,0.0639784703782117,-28.162963889343764,28.438009672127404,105.28733753215694,31.104192757902208,0.017514254908097035,0.9999999999930258,-4.027070719298386,25.688801019569656
sub-0367,2,1.0561171018039948,0.011342199708260193,-14.891360917405278,28.090263363712697,106.5976155409567,64.11103072809891,0.5136464630514936,0.9999999999442999,0.05459941200346038,23.611038342020258
sub-0368,2,0.9670464046570926,0.032104496411385366,-23.442778023541422,26.74103855735786,105.68135369129189,62.505443566611035,0.4916235846800347,0.9999999999241512,-0.03350879634433342,23.302279373825563
sub-0369,2,1.012507790160323,0.020134472405245886,-15.168981440757713,29.526493665659043,104.01703406971342,61.802301548173475,0.5031075780598402,0.9999999999925377,0.01243047229645721,25.621171777768826
sub-0371,2,0.6094848407397282,0.0432982163663577,-26.926195499426587,28.219720691522642,106.35980046756976,40.0874685002382,0.3786831819182415,0.9999999999871808,-0.49514120200102313,25.0800768542382
sub-0372,2,0.05048767749390802,0.0830270805999176,1.074366773979575,26.520299745683268,105.6857528092642,44.27211133551861,0.1655001551952151,0.999999999963427,-1.617860424575861,24.0317112935737
sub-0373,2,0.028578802122863203,0.12748736731139976,-26.02583957436215,28.093928848076487,104.13409985832233,47.752462846916245,0.027784747327106406,0.9999999999950627,-3.5550900204796667,26.034190848874132
sub-0374,2,0.011009165904803933,0.18905966926490392,-26.25366345049477,26.89478479395213,105.15797547526287,53.52492227569221,0.01088928397102556,0.9999999999889556,-4.509027089078492,25.229092190602
sub-0375,2,0.027572907968203383,0.12481118008647143,-26.501238321385593,26.160200931929918,105.5279159736491,42.945576360530715,0.026833042944666298,0.9999999999651248,-3.5909215836911055,24.079247688901265
sub-0376,2,0.006170339124857873,0.016954850230680742,-14.129680824070451,28.764896615810038,106.91279464472498,63.15416378306839,0.006132503974793717,0.9999999999810211,-5.0880007486707,24.687695279024478
sub-0377,2,0.012819558141744035,0.024023770371618604,-27.687992991015957,27.67131890592697,103.54264969239748,39.1122651650185,0.012657297184580921,0.9999999999600186,-4.356783294405264,23.942607399290207
sub-0378,2,0.04428480455394282,0.016861123995215596,-27.618557137137724,29.45439434894832,105.08693452827661,42.19940016343109,0.04240682652937924,0.999999999990423,-3.117113673098566,25.37164968670084
sub-0379,2,1.0738222681536478,0.00048179254198170294,-8.749292516899924,30.50943111327197,105.7222856472443,95.56099631491949,0.5178381903918203,0.9999999998833023,0.0713830574039617,22.871434165878682
sub-0380,2,0.015048967933427347,0.02577275281014389,-26.494306126648453,30.014361630925144,104.23982458868315,57.634311662007335,0.014825854130084245,0.999999999996421,-4.19644586598757,26.355924193181824
sub-0381,2,0.045932769911062155,0.030825066785628345,-27.483755279132463,29.048053847359697,104.40908760870329,35.54373488791082,0.04391560455173309,0.9999999999921353,-3.08057647523194,25.56862678403181
sub-0382,2,0.00668668876811114,0.025085878488038713,-27.074895407186457,28.76582319038835,103.71672925505828,118.24698238986157,0.0066422739495098195,0.9999999999871846,-5.007636479819407,25.080372989181562
sub-0383,2,0.12357172837509847,0.024310817608820708,-25.619984817024235,27.174631739770554,102.56539231417317,57.76240390285832,0.10998116564807901,0.9999999999350756,-2.0909334949441765,23.45779788116541
sub-0384,2,0.6773593602949006,0.04037821919755644,-26.31708005752211,27.916019935642563,106.29949258603973,74.34010720413745,0.40382483105904926,0.9999999999813757,-0.3895533340541639,24.706555167472757
sub-0385,2,0.008238070019219567,0.11039280878731236,-26.597746862268114,27.210863385221753,105.32302344866062,46.175676011802686,0.008170758736659775,0.999999999986211,-4.798989183460461,25.00715310016649
sub-0387,2,0.034674320291897855,0.09233413738006564,-24.963250711898137,28.262785664731712,105.66208020958818,36.03918661597792,0.03351230393211897,0.999999999994242,-3.3617559152113654,25.880444311318776
sub-0388,2,0.38979694407874316,0.10653782928214935,-22.693963649255906,25.180085188307675,109.60663109029595,63.22542631295016,0.28047042827268176,0.9999999998911261,-0.9421293315159452,22.940830035943648
sub-0389,2,0.27668040998540677,0.06826722452153865,-25.913493216907526,26.537704299229684,105.72270853194266,63.83267387874158,0.21671861479395355,0.9999999999562872,-1.2848921934417283,23.853378796416614
sub-0390,2,0.4899766447449581,0.00904391265544992,-20.304697850511126,29.682253611271975,105.08323077252332,123.73829032172763,0.3288485406619289,0.9999999999857832,-0.7133975512794353,24.976590228924636
sub-0391,2,0.01686037379713327,0.04449155682000027,-27.5850516404337,27.918563765245025,104.29413681068597,61.18378031919927,0.01658081505742137,0.9999999999831406,-4.082789156004671,24.80610792305197
sub-0392,2,0.031190172793466697,0.027460965293411875,-26.86990343098998,26.958224800724317,106.00082656718227,59.10274479627102,0.03024677078626351,0.9999999999286365,-3.4676522083478423,23.36323507417595
sub-0393,2,0.06326157496074958,0.016784728543810194,-25.73040892918998,28.083551291448472,106.68790684460673,65.49383060767923,0.05949765932572417,0.9999999999621075,-2.7604771647788753,23.996265470221882
sub-0394,2,0.5270899700713094,0.018224736803560588,-26.886367149302913,27.894987193549756,105.82129926908598,26.448715831975257,0.3451597354459889,0.9999999999578595,-0.6403840238119438,23.890011750853237
sub-0395,2,1.2680444247542872,0.06083028058487206,-27.01641968515945,29.045988455539735,103.19076030671664,109.76208107734601,0.5590915287705165,0.9999999999960064,0.23747589069834074,26.24632087748662
sub-0396,2,1.0837368676807866,0.03182542212428147,4.9434235008583585,28.721625816272063,106.88396512944844,99.46387425904773,0.9935097542211376,0.9999999999894419,5.0309434795883075,25.27413594556663
sub-0398,2,0.03441415571758066,0.055845294872898035,-26.70973218781875,28.27506800975056,106.39263252601974,38.85365109733093,0.033269223480213196,0.9999999999905961,-3.3692872958265405,25.38989800695011
sub-0399,2,0.5701100351725084,0.0035607323569932384,-16.337609688740173,28.84690779528843,103.54448451116893,37.410116270361854,0.3631019811064698,0.9999999999167455,-0.5619258123309872,23.209118758269955
sub-0402,2,0.03970729728248293,0.06383409329042533,-26.76641988366079,27.754751652638756,103.77443652630717,62.210253498478046,0.03819084215947879,0.9999999999861576,-3.226220297535837,25.00328379887226
sub-0403,2,0.021265903896185413,0.024581872634868177,-24.474893836145725,27.06795509052476,105.65126483616073,64.46074314168986,0.020823082231124862,0.9999999999285634,-3.8506502448697866,23.36220909808821
sub-0404,2,0.017169028598592227,0.0358249403712176,-27.034348372367422,28.372533003221847,107.1217967287629,47.71219978268827,0.016879228639391,0.9999999999867023,-4.064648181175629,25.04342203350691
sub-0405,2,1.163064423921936,0.05530613091418856,-25.950235499368198,27.324690059806134,105.86606252046776,65.08178295602771,0.5376929189265783,0.9999999999754379,0.1510582666095095,24.429818549649436
sub-0406,2,0.012048421770219241,0.10758779950995134,-26.441137773012382,27.218108059296988,103.25786589942192,76.53152995796034,0.011904985483979051,0.9999999999859537,-4.418821601045743,24.988660034161217
sub-0408,2,0.364928272341261,0.06881304744447278,-27.985379724186167,29.102678401145923,105.4531523597277,36.02626223161785,0.2673607688669876,0.9999999999966643,-1.0080544588439078,26.426316492211605
sub-0409,2,0.2294308951101211,0.04303923322761569,-27.516020742447864,28.07293338796091,104.00466093029686,27.6568354706777,0.18661552757691202,0.9999999999850646,-1.4721534054546046,24.927290209330746
sub-0410,2,0.025806998494868432,0.03652524096189916,-27.067254993607296,29.37303284984099,105.85455700590991,42.2859183906275,0.025157752416174163,0.9999999999952043,-3.6571095643459874,26.06328112565128
sub-0411,2,1.037984829525688,0.024224547419165916,-26.272279295840708,27.912120124153585,105.20836260764648,36.65946649516697,0.509319213023409,0.9999999999688352,0.037281169540293285,24.19173132038714
sub-0412,2,0.2282861451237603,0.044099371887789486,19.88120897382639,26.23682722872967,102.58993949161416,94.4712652229388,0.9999999898323383,0.9999999999085764,18.40405356171006,23.115517489195668
sub-0413,2,0.9586462637478644,0.10299927945826351,-18.137456063587052,26.364822048341512,105.44392732996806,85.45414855989245,0.48944328947401866,0.9999999999655595,-0.04223311836133874,24.09178876201725
sub-0414,2,0.02200465995993668,0.03759367852932526,-27.271507482075897,28.413562120220835,105.2757789084659,65.58297390565522,0.021530880261182102,0.9999999999878372,-3.816501031691548,25.13264275328047
sub-0415,2,0.01531221876780371,0.09730608123961394,-22.775621060919025,27.75873177453065,106.58858744844194,64.98174782138355,0.01508129074652893,0.9999999999909553,-4.1791041569016665,25.42883798268157
sub-0416,2,0.007511878683512979,0.0670758909324507,-26.41784167329161,27.57216785374093,101.44026868572526,57.05077488366933,0.0074558710844716,0.9999999999841878,-4.891269686895314,24.870237253613976
sub-0417,2,0.014096720307531176,0.04606548396906993,-26.77888963716816,26.98540799571158,104.23571088727287,24.631275320661732,0.013900765109750919,0.999999999958599,-4.2618131109545345,23.907716665458047
sub-0419,2,0.022809620695533363,0.07445601108980744,-24.870987784178084,21.97920698892635,103.24306602017826,48.442215599315304,0.02230094460822013,0.9999999961748196,-3.7805728716757554,19.38166020605686
sub-0420,2,0.6625594968069345,0.043087846698333064,-26.72316510687673,24.910358113931427,106.11683738612783,50.8528200783051,0.3985177661794454,0.9999999996474553,-0.4116449186506101,21.76584381315358
sub-0421,2,0.017463689966346257,0.06761028199619332,-24.445172470449666,27.858735654217597,104.84777251132665,47.24603837316948,0.017163944167225314,0.9999999999882215,-4.047631412596572,25.164740447254463
sub-0422,2,0.009069276045278308,0.13364514295658741,-28.380054421719628,26.8046080963833,103.86146278573638,40.70073137065521,0.008987763536738191,0.9999999999829016,-4.702862836642464,24.79204091781351
sub-0424,2,0.6131798724966139,0.020066022718135998,24.114022993896107,27.88777723766031,104.10670448886242,102.05639572085006,0.999999999945068,0.9999999999614494,23.624926037689402,23.979049931352364
sub-0425,2,0.19404742926627608,0.03501023608470739,0.43718884369164607,28.24347449325172,106.28486159793388,115.55468905849534,0.3308801009891373,0.9999999999845183,-0.7042071882182194,24.89135969256465
sub-0426,2,0.1426742665436148,0.020567391594411618,-26.680806498695087,28.125376103285664,105.75584656699262,59.89456836803057,0.12485996291445496,0.9999999999703432,-1.947191103319144,24.241327713628532
sub-0427,2,0.10686306426789051,0.046499015459089535,-23.769517861633226,27.839519292349536,104.8508773354623,73.49347582055567,0.09654587610903988,0.9999999999825415,-2.2362070372790472,24.771195152814563
sub-0428,2,0.19170093982821032,0.013920937895708979,-19.444449039155536,28.550809066264563,100.73517865243932,51.84182098248015,0.16086329547892117,0.9999999999713667,-1.651818722751263,24.27644781748463
sub-0429,2,0.01791503703766402,0.021174055711245324,-25.792324233315963,29.861007987854347,103.01473534129472,47.92871213250783,0.017599737095849402,0.9999999999949217,-4.022114860810294,26.006029353905813
sub-0430,2,0.4207926130179474,0.009951485586719091,-24.603805495543572,31.040324551210396,105.3024875159335,53.88773356536678,0.29616751183006385,0.9999999999966775,-0.8656151723072253,26.43029111745178
sub-0431,2,0.8491169581151425,0.013411725207577743,-25.175852493948224,27.29731477819776,105.77346125984634,43.19640207659277,0.45920132547268433,0.999999999895902,-0.1635583422942226,22.98568883906188
sub-0432,2,1.0172157975111633,0.016764887200148244,-2.881686992002653,26.86764153184602,97.71281688117875,99.37984057465961,0.51789122932775,0.9999999998720233,0.07159548433027474,22.779172904467416
sub-0433,2,0.08192999748718481,0.05508494049694885,-27.18816645115913,27.042350121866445,103.47130569786098,75.94348745829893,0.07572578417974142,0.9999999999672943,-2.501890085497126,24.143471209473304
sub-0434,2,0.7673214068177715,0.04241097731077003,-17.4896615535621,27.062559496383823,104.41052987069375,109.22964590441727,0.4341719705725486,0.9999999999583705,-0.264849495927433,23.90221144497176
sub-0435,2,1.2874489371713076,0.01983724348942592,-24.525033263811157,29.986010962131047,106.73405240021661,107.12116292860054,0.562831771351344,0.9999999999952164,0.25266269234211913,26.06581683832819
sub-0436,2,0.9678487738489973,0.012933667456264945,15.134700358226395,26.945253650874736,103.57921438059485,103.98646872258149,0.9999997237670961,0.9999999998465017,15.102021196305563,22.597332163769295
sub-0437,2,0.015279244858446542,0.010550979723688196,-25.175287178625403,29.44055963432721,106.76768145392853,102.00124193995151,0.015049302875045202,0.999999999984482,-4.181259916712063,24.889023075760214
sub-0438,2,0.024253601488694477,0.17884386941384464,-25.26585172871671,26.32610610478351,103.71347037954253,58.27216165222704,0.023679293344631966,0.9999999999793822,-3.719190157617549,24.604864013113502
sub-0439,2,0.13727092988945822,0.11902736886673773,-26.191955438670966,26.577646707283307,102.97189198126172,48.49605699894754,0.12070204757920773,0.9999999999759106,-1.9857987155735446,24.4492448854486
sub-0440,2,0.011842229134327031,0.11589103631839026,-26.325353353128897,27.142090981910318,104.48917590149689,50.05615307179322,0.011703632042024712,0.9999999999859301,-4.436083395763115,24.986986110495085
sub-0442,2,0.1033068685351523,0.07165316961607654,-27.502303506879652,26.25464191413093,104.96559980092046,68.97995854421993,0.09363384882432402,0.9999999999447262,-2.270051413922067,23.61872402593734
sub-0443,2,1.0210697010563166,0.034391836551197756,-25.352305195074464,26.40457436117567,99.92789781585842,56.519769503466954,0.5052125122293335,0.999999999900875,0.020850804302252036,23.034638308855722
sub-0445,2,0.0022166718605832435,0.029634469225226827,-25.25528476021903,20.63246657383995,107.71694509422265,56.176709881472455,0.0022117690942936117,0.9999999630481275,-6.11174836985421,17.113649480629935
sub-0446,2,0.01501424303365096,0.11708417043913183,-26.922188329954746,26.568218563665038,104.47707130669455,44.98490294011951,0.014792150097132422,0.9999999999752787,-4.1987559928249,24.42335636629815
sub-0447,2,0.33091201965895845,0.02297790510155079,-25.744568294330623,29.14918747425424,105.37104285336522,53.15345161208081,0.2486355332078175,0.9999999999904642,-1.1059027405645603,25.37596530172503
sub-0448,2,0.5622129801833129,0.030139098010855944,-9.006528120567216,29.36707195499959,105.91739519874909,88.61668682146961,0.3599106584043351,0.9999999999941533,-0.5757519333027515,25.865139942121054
sub-0449,2,0.0036416346494797295,0.02148431352960064,-23.465558100465785,27.26051224234444,105.86276011410975,40.742663651788895,0.0036284212651115423,0.9999999999325802,-5.615322618547699,23.42008002893298
sub-0450,2,0.009826665777086522,0.06001140365958647,-25.435661710989447,28.419413902987777,104.91290160796146,61.38194889017453,0.009731042079000832,0.9999999999924252,-4.622655590847284,25.606193229162002
sub-0451,2,0.03571448073532873,0.03771938415269775,-26.840280581715373,27.87546570863563,104.6452565515323,54.37253806052318,0.0344829404239366,0.9999999999792378,-3.332199049598703,24.597884560475478
sub-0452,2,0.0696668288210943,0.03837787606461258,-28.02076304932349,28.034383559893538,107.20970687737784,48.52585549036897,0.06512946549713981,0.9999999999825924,-2.664030988111951,24.77410943032022
sub-0453,2,1.1795026256009993,0.040779758649536015,-26.378277129510714,27.804214104728867,107.17355849924795,60.245019523768654,0.5411797222669757,0.9999999999793777,0.1650928458954401,24.604644672522667
sub-0454,2,0.09339568816830934,0.28521649469237603,-5.064504428630183,23.770559812038087,103.28227707642519,85.63024713077557,0.0859112462704929,0.9999999998335046,-2.3646129282331367,22.516053055498432
sub-0455,2,0.01526527979101304,0.19488279417127624,-23.01253250357299,26.807604712991232,105.04621627255652,72.11595009053663,0.015035754788816426,0.9999999999883096,-4.1821743239387015,25.172247756336912
sub-0457,2,0.051620191631284555,0.047570801328938116,-26.658320127399957,27.71763832215608,106.28686385185898,51.35980181599448,0.04908634509132103,0.9999999999807229,-2.963842372350224,24.672102198735487
sub-0458,2,0.06544226313034775,0.03461262014605288,-27.40816108806194,28.63163949633735,105.73593532421539,54.56925784086472,0.061422627386818994,0.9999999999893782,-2.726587003996674,25.26810257702187
sub-0459,2,0.015537881479570253,0.06549079583581234,-27.07833567100887,27.8250891985185,105.29243114890777,47.12819041062682,0.01530014956897442,0.9999999999874241,-4.164474270260238,25.09924353071366
sub-0460,2,1.0101930012165732,0.0005705219312312607,-3.4266200377503266,-15.038766323715024,69.0475878608884,99.95610450027382,0.5105287305380432,0.0005701967892499378,0.04212114862828102,-7.46895865300738
sub-0461,2,0.01885036075628897,0.1030851135709743,-27.250512836006827,27.64192163761754,105.58341713548094,86.76141573016042,0.018501598941696878,0.9999999999904045,-3.9712232270051215,25.369721350979944
sub-0462,2,0.5129100992424949,0.0552819282565403,-17.31487011793274,0.7701689728514329,127.66175960739912,79.25650083901846,0.3390221994971463,0.14871747953223055,-0.6676546640931984,-1.7446956643962757
sub-0463,2,0.01569667120220262,0.05029690544481392,-26.019259668745054,28.110442157063677,102.98669837686542,68.00928250593361,0.015454093379769688,0.9999999999876902,-4.1543066144408245,25.120630431323406
sub-0464,2,0.991862097115652,0.027372727754516102,24.118119778800683,27.47447032879109,104.11232436217352,108.93052013310412,0.9999999999661793,0.9999999999572761,24.109948582469098,23.87626223010049
sub-0466,2,0.032804247579978435,0.012710227104356698,-25.810777132735428,27.739006338916433,102.38877924818651,48.94420259816555,0.031762308934185725,0.9999999999293765,-3.4171972725806015,23.373658013140314
sub-0467,2,0.0060008420740377605,0.019813944568723343,-26.4148484461848,27.38940088602651,104.58727186383831,47.64524609596318,0.0059650467704243215,0.9999999999357366,-5.11585547392528,23.46803156801123
sub-0469,2,0.019704218575824838,0.06171727299730119,-26.317472001037867,28.318650336812766,105.0327603818941,55.09698242139014,0.019323464801799785,0.9999999999918537,-3.9269225252545517,25.533458900897305
sub-0470,2,1.1258087369665157,0.01336925079265727,-21.68533786817424,29.408644313142418,106.99485567340999,56.8739512161557,0.5295907941254291,0.999999999987356,0.11850165507353272,25.093846387253738
sub-0471,2,0.10627575387328886,0.024472187720269,-27.286697426597843,27.821954664357797,104.8139630088458,59.76815217611348,0.09606624162315057,0.9999999999662398,-2.241718111152103,24.111736663014113
sub-0472,2,0.03646880044786609,0.04470441955347249,-26.362766973448583,26.556842460083686,106.1114509879516,46.09375512122825,0.03518562298472729,0.9999999999345123,-3.3112981661750447,23.44915954927888
sub-0474,2,0.03726470198376094,0.026975728503542736,-27.185876312871972,27.979781157896795,104.29937919230481,84.12898668664045,0.035925932804373416,0.9999999999738445,-3.2897087278944896,24.366963396313714
sub-0475,2,0.041937112841358024,0.06761866089262457,-27.371646224210497,26.93390165526369,103.72962799926742,47.8742359686409,0.040249178500848165,0.9999999999703046,-3.1715840960922566,24.240030369945508
sub-0476,2,0.0472112152665528,0.019272135450377623,-27.062198575241013,29.493048788037576,105.70707762951146,59.78576370291606,0.045082801423794415,0.9999999999919387,-3.053123803034513,25.54395380269432
sub-0477,2,0.005632819212095953,0.06673957010903822,-24.92435305390034,28.636080876426487,103.71720751841885,71.09751903059342,0.005601268280596807,0.9999999999945156,-5.179145213996042,25.92912362946818
sub-0478,2,0.028082861727054948,0.037145261623592524,-27.472046012771184,26.73661811992721,100.16975702153395,59.16636913862645,0.027315757097546748,0.9999999999341538,-3.57259579165951,23.443699056832244
sub-0479,2,0.017462316792806618,0.04493522560589485,-27.52166017172952,27.441897383097277,105.48081995779454,55.306267060621174,0.01716261772511595,0.9999999999731125,-4.047710045917165,24.339364125930558
sub-0480,2,0.04106062031116463,0.027639129514157652,-26.605500051902684,27.750440443383685,105.69845191970995,60.10153342438688,0.03944114253308509,0.999999999967892,-3.1927057600705133,24.161917669106895
sub-0481,2,0.039819546718313656,0.12445955494246302,17.686779801017718,27.236385869159243,103.6657785748978,108.1824998753357,0.9999994768423485,0.9999999999880778,14.463382458171893,25.15261139340505
sub-0482,2,0.025832871087116842,0.08431316454371127,-26.40667765586899,27.334307121837277,106.29365472629466,50.86858709300512,0.025182338970895297,0.9999999999840425,-3.6561075248495607,24.86108985870547
sub-0483,2,1.188946552112105,0.02436214157740576,-26.010957154463977,29.68378901911046,106.5179147155695,60.64095866624314,0.5431592429553114,0.9999999999947303,0.1730676647370584,25.96906409279257
sub-0484,2,0.013052625265286772,0.04071687605502302,-26.626453086346984,27.802588197213268,107.05439015691573,65.8596868386732,0.012884449375869177,0.9999999999793121,-4.338765995688849,24.601475569825567
sub-0485,2,0.009952672368311419,0.20752253041514138,-17.745593794201774,25.355085178350073,103.92271473302031,45.04539735940215,0.009854593026163254,0.9999999999530798,-4.6099141645008865,23.782569813467944
sub-0486,2,0.9338977487927376,0.24032631336987229,10.503060838793846,26.98425053815956,107.23958338183029,111.33981144311669,0.9999706062755784,0.9999999999920551,10.434699967297009,25.55849289809026
sub-0487,2,0.009435387418824137,0.05996136377739572,-25.551447120669973,24.582948835483666,108.35730971403342,53.72973301910683,0.009347193031369421,0.999999999648529,-4.663288039118086,21.768893974284794
sub-0488,2,0.010845254552677501,0.11352933910513954,-24.92593409163672,27.17448791092628,106.68783266649264,61.08457946743167,0.010728896934513715,0.9999999999860952,-4.524027663070996,24.99879392978169
sub-0489,2,0.03345659877835096,0.02659777808770058,-27.367846393371423,27.989247764520375,105.43804204226096,47.21622610213295,0.03237349185049679,0.9999999999737229,-3.3975062389669426,24.362320167300147
sub-0490,2,1.2045245421581667,0.02135193294950183,-25.52439641959728,28.934048698488155,105.67447272447109,75.46479043880021,0.5463874495964844,0.9999999999872748,0.18608491826419102,25.087435691359193
sub-0491,2,0.007010389442082797,0.04172931968245945,-26.498255464958188,26.25527241102828,105.33829680819301,50.33034169074139,0.00696158601301859,0.9999999999051497,-4.96036202425701,23.078721123680012
sub-0492,2,0.024229131529333633,0.33876467256608,-15.099595951404,27.601009536780616,102.93663899881824,50.54465275966634,0.023655974365405306,0.9999999999969582,-3.7201993106767977,26.518559942903607
sub-0494,2,0.013158630385434326,0.10171494546312337,-24.689150801345836,26.975252516582383,104.33711918375678,53.221294976895265,0.012987729651648473,0.9999999999810586,-4.330677432537238,24.68967148623255
sub-0495,2,0.31005489650737,0.028466333015800822,-24.03750035620293,28.254341979940836,105.41962848339406,59.07736964906609,0.23667320914763787,0.9999999999811651,-1.1710059116367257,24.69530879226055
sub-0496,2,0.007943093791833849,0.031550621631901095,-26.688555917742274,27.45625821402538,107.1126296964953,62.20963493638568,0.007880498255087529,0.9999999999622523,-4.835452433286261,24.0000962269089
sub-0497,2,0.5872832725070064,0.04051698771899267,15.038467792886076,27.250380946041457,102.7294915525475,94.64747248798936,0.9999994987799394,0.9999999999638863,14.506220088360632,24.04434700308045
sub-0498,2,0.015643998664065246,0.11954740303007759,-27.958397280599694,27.56840853496518,104.9518116939549,42.83799974412945,0.015403033626599276,0.9999999999910946,-4.157667907484135,25.44436622677569
sub-0499,2,0.04918285972287012,0.047381365447836915,-25.24696649145294,27.405483254698208,103.45974282554964,72.19232759039218,0.046877300050793616,0.999999999973555,-3.0122100957877627,24.35595699310904
sub-0500,2,0.014352657637935804,0.17634329912844945,-23.170530215176274,26.615654387895628,107.45677190286222,69.37151883944016,0.014149573652798788,0.9999999999843466,-4.2438201525877295,24.880331767305925
sub-0501,2,0.2872255568404578,0.02432677862042027,15.204961450811567,25.043337749359132,102.79392186206492,94.27215423464325,0.999999132347986,0.9999999994533214,13.957474240469834,21.327160214819934
sub-0503,2,1.0339454806891044,0.017460478564958578,14.431733886958835,30.15656683374579,102.45799113691305,83.85163755994608,0.9999994777487262,0.9999999999954173,14.465116475028466,26.108751514018266
sub-0504,2,0.6440189923993732,0.057003581927059774,-17.427194739100855,27.054651728153928,106.55214191932795,118.64444745435243,0.39173452737231795,0.9999999999687815,-0.44002703500294427,24.19001055585933
sub-0505,2,0.7600181197008284,0.04964769745305205,-26.26735106387832,27.830022706146934,107.49574772279898,29.575099509419125,0.43182403135241954,0.9999999999834928,-0.2744130042704426,24.827219441013487
sub-0507,2,0.02631351093521625,0.15273003173077432,-26.617423585740305,27.407362431821753,104.69770959844507,63.186911760804314,0.02563886244789764,0.9999999999918114,-3.637672747934064,25.528279017180513
sub-0508,2,0.11337370043255467,0.017346899756257465,-22.728596201074183,28.229772073334686,106.07666138918913,54.3708462628624,0.10182897296946737,0.999999999968323,-2.177065833035317,24.175430596379147
sub-0510,2,0.029707768089696805,0.09657039616179688,-26.89743551496057,27.207454920507622,107.28278663484573,60.06064541033337,0.028850678814311005,0.9999999999841835,-3.516346715528477,24.869971877825236
sub-0511,2,0.011692050784522828,0.15879218107799378,-20.099575214278325,26.96019064241904,105.46400416432638,69.06922379571397,0.01155692663297995,0.999999999987683,-4.448846086349329,25.120031673495564
sub-0512,2,0.01106266919627808,0.03537668903816876,-27.242770864079574,29.095858855086654,102.281290100774,42.29441014677371,0.010941625611682642,0.9999999999934671,-4.504178974184766,25.754156677590327
sub-0513,2,0.003751893998650028,0.055964971235290366,-25.953208846498345,28.18631843389738,103.66894964982518,62.629327093537185,0.003737869906998239,0.9999999999897453,-5.585494500190847,25.303289136280153
sub-0514,2,0.0086493635066452,0.09807914883767092,-26.979436677586317,26.77569183348691,107.08122775864229,64.55203235009198,0.008575193540589261,0.9999999999760179,-4.750269543790593,24.453711348411762
sub-0515,2,0.01552102067379756,0.07777114036203443,-26.026941013105656,23.85389069306602,105.76478004459949,64.67109384521024,0.015283800490486533,0.9999999994382173,-4.165560001320242,21.299905829990834
sub-0516,2,0.007190777926025172,0.023211726548078418,-26.147483313921057,28.256097480685447,108.59437927543298,38.07438258619566,0.007139439799939059,0.9999999999769418,-4.934955917544614,24.492999807335487
sub-0517,2,1.1907513743233784,0.03096725253867696,-15.425706516873976,26.757412478725932,105.82538467883083,75.58701449630767,0.5435356548918664,0.9999999999226429,0.17458471471277454,23.28258747615949
sub-0519,2,0.3366983727335144,0.007099033785805863,-26.31094714466873,29.26188007244616,105.10824302996116,35.79962935209701,0.25188806959188387,0.9999999999724243,-1.0885677858093388,24.314083481744664
sub-0520,2,0.28039407540028743,0.01655869909528547,-23.26402816877238,29.374424359288895,104.05036452746369,26.96785383720759,0.21899045052195054,0.9999999999894362,-1.271559253066377,25.2735806691303
sub-0521,2,0.00407909116609827,0.16510582511512883,-26.101606128709697,26.763236025303808,103.26683417090311,61.95298628682957,0.0040625197775801935,0.9999999999855752,-5.501881068781963,24.96206737897254
sub-0522,2,0.03077115398995406,0.14219677457286684,-27.623229470004983,26.39892071546927,106.14922575524109,51.481082644757784,0.029852556380602833,0.9999999999758896,-3.4811775866145127,24.44837727127381
sub-0523,2,0.44561588286387666,0.0557743180518454,22.274545849736377,27.814551916654615,101.60117790453256,106.57162762041777,0.9999999995243067,0.9999999999850768,21.466247902713988,24.92811015114612
sub-0524,2,1.159874253431423,0.027577321272957155,-10.298673560532567,28.346410315077737,103.89814530909483,113.66441852534629,0.5370184567671029,0.999999999982268,0.1483452741980072,24.755648778035653
sub-0526,2,0.21756978529758,0.038393920140318186,-26.424407603424534,27.76133550400957,106.76002456032498,87.07513529829629,0.17869184002870284,0.9999999999771365,-1.5252356279691366,24.50147934240731
sub-0527,2,1.136525797220313,0.03360991421205855,-24.025517916849495,21.956465407461117,103.62152409321192,33.81873378133486,0.5319504209677902,0.9999999913311632,0.12797606291966235,18.56353121805121
sub-0528,2,0.027222672743795102,0.07478297029711248,-25.837891414782135,26.309713940743627,105.64628769749592,56.300131887639374,0.0265012382088884,0.9999999999498773,-3.603705096132502,23.716548851000262
sub-0530,2,0.009233772817599607,0.015820535796768693,-26.72378949068167,27.947704019452033,107.17238064504511,51.77884510944866,0.009149290349096461,0.9999999999539483,-4.684887558013241,23.80125757055322
sub-0531,2,0.003269794204153007,0.14180064269485088,20.764966725035453,26.98247532959531,104.23151068473999,103.8428826003518,0.999999706661554,0.999999999986511,15.041938495431392,25.029142197106584
sub-0533,2,0.015034928510219684,0.08086411603038103,-26.708877388935395,27.14634471093427,106.04982577354623,55.26781055753285,0.014812227725329509,0.9999999999799213,-4.1973792174410445,24.631359598041534
sub-0534,2,0.008569413776383162,0.04923730036260839,-25.624514585450015,26.73354516967722,105.86679257045722,59.63970385359819,0.008496602870753265,0.9999999999501719,-4.759555952860673,23.722441364406162
sub-0535,2,1.2159100255743385,0.034494414832251394,-23.507495238167632,27.353319763238336,106.06678093700775,105.32286974974254,0.5487181390828747,0.9999999999617303,0.19549278874183304,23.98636190626916
sub-0537,2,1.007334296159597,0.026697043286011617,-25.639343882119668,27.37366111481848,104.53356748723613,112.83596010065826,0.501826874621976,0.9999999999515485,0.007307531006248723,23.75045865676027
sub-0538,2,0.0033661756503739248,0.019109277821765757,-25.183001609459687,27.95001430926336,104.73411488602433,63.319313502827235,0.0033548825265420144,0.9999999999619619,-5.693978000851677,23.992432997226945
sub-0539,2,0.03510802945265327,0.05014269463288347,-26.36374227905577,29.49388145995811,105.00517084278023,53.39413670279734,0.03391726124599595,0.9999999999969043,-3.3493254153333414,26.500999014441785
sub-0540,2,0.028785835731923927,0.027924774719598935,-27.02384674574481,28.714265548643212,103.74301132109683,53.997684660194274,0.027980396630845675,0.9999999999878783,-3.5478718276827523,25.136024547246585
sub-0541,2,0.033528520205582356,0.02304438992067398,-26.027462772885517,28.44153385980017,105.27710154724463,46.447585924722205,0.032440827273033886,0.9999999999807054,-3.395358852918141,24.6712009332482
sub-0542,2,1.0866132756650941,0.01698311704573151,-4.927912027467866,27.858160320368516,105.88649175013805,127.3723268873383,0.5225550036198217,0.9999999999530822,0.09028128592528199,23.782624777021024
sub-0543,2,0.1832813364685552,0.10692078485796708,-21.1805458169704,27.955072497410544,101.61863579716231,67.07997306077787,0.15489244266591468,0.999999999993236,-1.6967329482807028,25.7194054502824
sub-0544,2,0.6494763395618619,0.02277805191379327,-21.94356815290277,27.86204389115807,107.90333777635922,79.87937142131544,0.3937469875139818,0.9999999999651541,-0.4315888719360154,24.080086049146196
sub-0546,2,0.01136873417271726,0.01119326565624791,-26.97518727097696,29.638353572562586,105.0244154314153,23.128259398383502,0.011240938926234805,0.9999999999879975,-4.476888307871287,25.14591061034775
sub-0547,2,0.08964573801262214,0.09120485856056104,-17.858441534700557,28.427341064919602,103.46388676531247,66.5049544600788,0.08227053649532107,0.9999999999950553,-2.411889602809332,26.032693955289574
sub-0548,2,0.016539327734572274,0.15512328309745518,-21.974326098080525,28.025158212931885,104.88614770825265,60.84881189374278,0.01627022908802541,0.9999999999956534,-4.102014234752757,26.16162310954903
sub-0549,2,0.11598534127357098,0.06635989241559925,-23.989389252842987,28.02868398268806,107.04522635004102,54.205458281134085,0.103930882412105,0.999999999989875,-2.154291464154053,25.316021547803885
sub-0550,2,0.7775745589513049,0.07644821634728563,14.085417880347437,28.253591919094983,102.84043051053806,105.26308178457839,0.9999990181662909,0.9999999999929814,13.833842900028245,25.682450241245526
sub-0551,2,0.06787941986255669,0.059219457880256975,-27.020557651455288,27.43587640302316,101.9807352078765,58.22044654976309,0.06356468586257638,0.9999999999794749,-2.690022385165867,24.60937129233837
sub-0552,2,0.012243544805533798,0.09537992861138703,-27.63019617337379,28.00039919880344,104.1837878613143,52.406194782744464,0.012095453577723788,0.9999999999927535,-4.402756435530098,25.65051208422657
sub-0553,2,0.5160029839788398,0.01280664596329131,-26.07200342242922,29.127057590205375,104.49782890462306,43.53001266390752,0.34037069150495836,0.9999999999825078,-0.6616427306078128,24.76926656328524
sub-0554,2,0.006849320965624047,0.07343677079776044,-26.715748753900836,26.239391341147325,104.00007013119722,59.94568622493997,0.00680272690562294,0.99999999994524,-4.983605760725099,23.62806083689598
sub-0555,2,0.13213760229586682,0.010947241145152435,-26.418774359218073,28.783067381792897,105.7535394143276,33.2473892926086,0.1167151431312737,0.9999999999711352,-2.0239114577220247,24.26839957711441
sub-0556,2,0.011890477011109945,0.03380547728288129,-27.294384446120773,29.104699888870144,106.01529769607546,67.59201847647329,0.011750754929770773,0.9999999999932235,-4.4320174504023795,25.717567449037947
sub-0557,2,1.0224037361044616,0.0171737418004992,-25.617774842933308,27.422286387149892,105.15026928542994,55.82227715764023,0.5055388881339751,0.9999999999282557,0.022156458891221857,23.357912685981077
sub-0558,2,0.012866356957671446,0.021311172832378225,-26.678503391634106,26.798409822521712,103.72204807238884,59.2503320894688,0.012702916697076226,0.9999999998921076,-4.353139362113868,22.94988602485207
sub-0560,2,0.011448981713976463,0.028414954397605524,-26.621885135883286,29.27269400377929,102.91890779601657,38.270591417927264,0.01131938626761614,0.9999999999931848,-4.469854486211108,25.711854294674673
sub-0561,2,1.0379829666237825,0.01576472306573987,1.867026254571458,28.619644578857915,107.23931489726432,98.1652918535607,0.8857498854559456,0.9999999999763974,2.0480445820792625,24.469664026321162
sub-0562,2,0.009820270223600535,0.13434115466283109,-2.4394935369228374,25.815261928053236,102.59332985100438,79.75106207967026,0.010563860343920739,0.9999999999542527,-4.539696450619538,23.807889143957418
sub-0563,2,0.019554959974037806,0.042735326084022404,-26.753907640203252,27.761260314167536,105.17799182003664,57.63922087045423,0.019179897839525846,0.9999999999794575,-3.934526317614657,24.6085309221489
sub-0564,2,0.9685834855811636,0.05383679774186573,19.907866542165866,28.230130770137137,105.40633109461659,99.73486462176925,0.9999999976666153,0.9999999999897968,19.875945945485594,25.308332697417562
sub-0565,2,0.9432756630936932,0.03654669235625621,-25.165353640592496,28.814946409781736,105.15352905520079,35.14217792628965,0.48540496904989433,0.9999999999916251,-0.05839671339963761,25.505781816491787
sub-0566,2,0.00677067123654612,0.06756642142082407,-26.596693060226585,27.08545956960348,103.78214088895254,37.674406217344526,0.006725137541252664,0.999999999974461,-4.995155048292627,24.39081542571946
sub-0570,2,0.007407427335433197,0.0740297996516542,-26.789092750382537,28.705428395988953,106.72770139234673,50.21220651943241,0.0073529608125311495,0.9999999999953869,-4.905272088156246,26.10214082714558
sub-0571,2,1.204181654349219,0.019114077673205613,-19.528235248126684,29.014101860532076,105.63922878686333,55.52536416233803,0.5463168853519909,0.9999999999868785,0.18580021451502504,25.056771696067287
sub-0572,2,0.9977011749352572,0.04142033916529123,-9.098303098785058,27.71318681236023,106.39745918161981,44.013371226043795,0.4994525946637864,0.9999999999777617,-0.002189622219689261,24.529203577755496
sub-0574,2,0.008404726011489064,0.3850725747183769,-27.625761426103537,26.009633264650695,102.87908551343959,62.01395546660904,0.0083346753487961,0.9999999999868593,-4.778961110928026,25.05530980795844
sub-0576,2,0.9683566586129866,0.011410239793505327,-26.061003787658155,30.27018882023722,104.66337825321054,44.174588263139974,0.49196198990568574,0.9999999999937407,-0.03215481058105245,25.796944720991153
sub-0577,2,0.0605506691063544,0.001302505817065716,-23.878256075434823,27.715167111968942,102.7540523998373,50.20586652942512,0.0570936126604967,0.9999999992942089,-2.804274758524915,21.071701793700463
sub-0578,2,0.0090612618395596,0.06732146244730375,-25.567778647855533,27.34799890643887,104.723257099011,55.009714840593425,0.008979892680758786,0.9999999999802867,-4.703746892727783,24.649722720360867
sub-0579,2,1.1571245484880224,0.02159868381781656,-18.33608098452127,28.60441380516358,103.51864005270097,74.73959716260427,0.5364199091502785,0.9999999999825082,0.14593810108641825,24.769290904655023
sub-0580,2,0.00955765616880129,0.05196403067086067,-27.68251238451562,26.99398481885694,107.12026032944144,72.83769340472102,0.009467172192107284,0.999999999963612,-4.650412752604589,24.036781301242872
sub-0581,2,0.004411366440192728,0.09972544603026944,-22.685323728271477,22.748596177568295,110.25308763168022,61.11024539693666,0.004391991755773084,0.9999999986768648,-5.423570786992691,20.44326176910193
sub-0582,2,1.2150634716387307,0.06199755239090002,-25.57029918597617,28.027794688390532,104.45062745849643,130.35930280001818,0.548545667968656,0.9999999999891531,0.1947963154677777,25.24713431610877
sub-0583,2,0.3584819343552031,0.016603295110839404,-26.91835003697687,30.309250992728963,106.01382931625189,34.531969125327734,0.2638842116997993,0.9999999999958632,-1.0258770125247936,26.21109689006372
sub-0584,2,0.018666082257428395,0.04935958447384956,-24.380691954678056,26.948901329305922,106.71002004389766,75.55842014793807,0.018324044142645757,0.9999999999599254,-3.9810471850171574,23.94027801161051
sub-0585,2,0.019455165440288205,0.055959036973381455,-25.467243867730627,27.823078124254003,104.0334780634756,60.925933318538185,0.019083885294800484,0.9999999999852525,-3.93964266883171,24.939942785725705
sub-0586,2,0.013063831347644399,0.13534956487336847,-27.6685630816118,26.11424534385562,102.34036255891466,46.936162936610046,0.012895368429330312,0.9999999999663279,-4.337907833099004,24.114350866107685
sub-0587,2,1.2408713609701156,0.012926204603689439,-20.803591857230355,27.632111253228175,103.94994753555648,88.24949889486606,0.5537450221791952,0.999999999922722,0.2158138442141421,23.28361258981048
sub-0588,2,0.011872137114758041,0.16274391395216642,-26.364670590841058,27.10937624853311,105.37928639878704,44.82161489846495,0.011732843191682062,0.9999999999896476,-4.433561043196569,25.29379885487095
sub-0590,2,1.219920317447627,0.03854457687492562,-19.03016321645048,27.793087163959004,103.56114598870045,48.05452050527008,0.5495333822781897,0.9999999999779376,0.1987855484809438,24.53714729739778
sub-0591,2,0.14816477403803946,0.044228846929300604,-22.181503900933212,28.187243640388612,104.80249264217453,48.58140047862258,0.12904487005551735,0.9999999999870364,-1.9094302861917531,25.06886558306956
sub-0592,2,0.009344954116318019,0.07469072290066398,-25.03214785607836,26.464230381236668,106.49392109678337,74.66646236717996,0.00925843447112097,0.9999999999570005,-4.672918748044536,23.869830995260614
sub-0593,2,1.2631946533070473,0.05317884150718373,-25.92911196965764,28.33015151544148,104.53876601154701,68.68509785641638,0.5581467115364076,0.9999999999906538,0.23364395129832308,25.39605683766706
sub-0594,2,1.151678681628709,0.015558516835810374,-18.19874534363674,27.649258886873945,107.90189558457254,55.456576267080045,0.535246595202334,0.999999999936888,0.14122061365527486,23.486111803064563
sub-0596,2,0.09107451934292984,0.00690278227970418,-27.266085929941582,29.538380528822874,104.27003117803237,183.77334150971063,0.08347231809418228,0.9999999999784911,-2.396077213696154,24.562549809111793
sub-0597,2,0.023006993945480617,0.025128799579144028,-27.779065332397614,29.669894370451154,103.7482226866092,106.1840749581776,0.022489576397486614,0.9999999999948197,-3.771957024690358,25.98615367344534
sub-0598,2,0.02950469108204314,0.13501146497467537,-27.74566702523808,25.423620278363295,102.56698634352404,65.4840107949678,0.028659112811869072,0.9999999999326571,-3.5232060085474926,23.42122469996103
sub-0599,2,0.05524179029675237,0.6424197206118183,-27.434227236230583,24.95719635021424,103.68724731453892,73.17874677895925,0.05234988872197826,0.9999999999774364,-2.8960355415379135,24.514682931745167
sub-0600,2,0.3476110132877167,0.07646727452687233,-20.212185794415266,24.506886615181394,108.83081114533069,66.7757736948839,0.25794610632461556,0.9999999997026153,-1.0566712006290768,21.935994201566373
sub-0601,2,0.317490470093731,0.07816939501262522,-14.208221494027931,26.331858748962734,103.45861542007543,83.24334314860866,0.24098135054244574,0.9999999999530991,-1.1473068013290049,23.782981672806038
sub-0602,2,0.5816631049983904,0.02014364823116039,-14.485729980165011,27.776689712866602,104.33232631967007,49.24433040304696,0.36775422737106317,0.999999999957086,-0.5418633446482233,23.87182344832438
sub-0604,2,1.3084190405167266,0.041076063950564644,-23.48246846194759,27.87222687472416,104.22944554549233,103.514420103327,0.5668030879955603,0.9999999999808726,0.2688195691592098,24.679897161961584
sub-0605,2,0.8762494102564813,0.08333755875296586,12.156505267428729,27.143637570713697,104.51349429852839,119.11072499477048,0.9999940039641807,0.9999999999804644,12.024406007832201,24.658781624677456
sub-0606,2,0.943158962456843,0.028885339192505802,-25.635667894514818,26.006166808666606,98.86994617932034,73.27786407697654,0.4853740639252308,0.9999999998242126,-0.05852043954374462,22.461745701713646
sub-0607,2,0.011426216534116861,0.0944444935674403,-25.8906515896196,26.392498766389455,105.39199014904155,60.94731626510359,0.011297133045785378,0.9999999999634651,-4.471844867854535,24.032755779684614
sub-0608,2,0.007487893153617283,0.13625481272495327,-25.96034109886426,26.74009190486856,105.7604352681573,65.69961498957325,0.007432241324725348,0.9999999999821115,-4.89446780891812,24.74686338156033
sub-0609,2,0.02071606091338164,0.061705046926774865,-26.358369573329174,26.771086317998527,104.75159828478523,46.33517262339377,0.020295615702290857,0.9999999999617049,-3.876845990018578,23.985696764425594
sub-0610,2,0.843588126403579,0.01789446974600178,-2.1622107966163,27.765743578861898,104.07215232740819,62.995103991830604,0.4847114360245103,0.9999999999511605,-0.06117332554378656,23.742480012254283
sub-0611,2,0.14681440184538838,0.006586415533223941,-23.250363072209808,27.826041639078145,106.93349368868759,104.74787159826639,0.1280193217135838,0.9999999998750736,-1.9185860623200157,22.803295635474598
sub-0612,2,0.009652492556479483,0.08334555841109005,-25.53030527236684,27.073440040033464,105.31356008119644,61.794927466882726,0.009560212674875017,0.9999999999790459,-4.640539100967505,24.58868008042076
sub-0613,2,0.011031705541425059,0.010941387962010754,-27.694246283221503,28.827962397015575,104.23544255524864,43.799962832814025,0.010911334907670014,0.9999999999723876,-4.506981830160317,24.312759777365105
sub-0614,2,1.141457914091067,0.008157274196005104,-8.877642438642694,29.45711976331061,105.58807630891039,61.17111535301113,0.5330631267177286,0.9999999999802579,0.1324457802239037,24.648274552892104
sub-0615,2,0.4613861915567079,0.019205745750072303,-22.40654993664655,27.97211057258523,102.11496983672973,91.21781812400631,0.3157181820117485,0.9999999999629802,-0.7735198607765317,24.019564785685116
sub-0616,2,1.0046861940889094,0.0627622076162263,0.3217261533203763,28.772704944062415,103.01055075256848,131.40728279756505,0.7050719759336682,0.9999999999949127,0.8715685507694965,26.004302767856203
sub-0617,2,0.5549019231314548,0.041086676111160854,10.889149371299593,28.467900585578548,102.11569634889177,79.0858794755838,0.9999663749004842,0.99999999998946,10.300204134803375,25.275829193330424
sub-0619,2,0.006629353867116528,0.03661313559649265,-26.97470979977255,26.9773692551185,106.99327776593347,66.69976865038171,0.0065856949647470275,0.9999999999474902,-5.016247935471769,23.670021048236848
sub-0620,2,0.34180897825957635,0.05813041171506551,26.60286292204568,28.86293050052196,106.12174497492303,105.727374609082,0.9999999999918202,0.9999999999949815,25.529359680984985,26.017864185888975
sub-0621,2,0.1856513126133613,0.011995749874941562,-27.11925024087966,29.475658328742444,104.53534402175453,48.84789033528818,0.1565817122104963,0.9999999999868219,-1.6838850280168411,25.052455459724747
sub-0622,2,0.008512119184855926,0.0802411224257347,-26.07404018069641,27.89767206759952,105.47137753746838,69.78377175629707,0.008440274561872406,0.9999999999904545,-4.766264344495876,25.374952920530607
sub-0623,2,0.00824733919060345,0.08704509604021643,-25.397119596324757,28.03068816497883,104.36298813583332,62.15862406753028,0.00817987697076452,0.9999999999922966,-4.797864652998827,25.589359215647278
sub-0624,2,0.007343034192834177,0.05867613636078248,-25.59350308482967,28.463296796607903,105.19569721259744,57.89709022389799,0.0072895070930568745,0.9999999999925855,-4.914003143994768,25.627574626210812
sub-0625,2,0.20733272081992532,0.033235734997511826,-27.352865932830632,27.797628240920226,106.88332273450018,27.727281687152637,0.1717279066861934,0.9999999999745295,-1.5734304291588435,24.393498614353035
sub-0626,2,0.019569290418957243,0.26440064985091954,-26.541392255516115,26.051879660007145,105.56336837109778,42.79183002768416,0.019193683649468274,0.9999999999816537,-3.9337937568408408,24.721589946836893
sub-0627,2,0.21514817270316683,0.04858851622277899,-27.41049022169488,27.88893909612169,105.8343255685074,98.16869272991468,0.17705509298078287,0.9999999999840979,-1.5364283128619471,24.86457102841312
sub-0628,2,0.08074702131976487,0.033260903139658723,-25.872160043242214,26.444430176711904,106.56496240727051,67.8917839920567,0.07471408176688159,0.9999999999015092,-2.5164342052348627,23.041057525057568
sub-0629,2,0.009430990336297497,0.04531873269942075,-25.726525300921423,27.839249130508076,106.04452222369649,59.2984715646967,0.009342877746618674,0.9999999999820819,-4.663754168088411,24.745214323911213
sub-0630,2,0.41289972471692726,0.011325619223786677,-27.809852873800867,29.032256631438294,104.589772539036,37.18397926179445,0.2922356891249983,0.9999999999782535,-0.8845505127958789,24.551568699927792
sub-0631,2,0.39580348524163145,0.019573719486662054,-25.21063044930999,28.066512392067715,105.53310957423525,44.93633196344113,0.2835667695558899,0.9999999999669481,-0.9268374402787054,24.13294493707177
sub-0632,2,1.0640398651747183,0.001089953943271778,0.3763599302489612,26.792451226595453,105.5674637568892,88.39329971500977,0.7233224434175554,0.99999999787784,0.9610023300806912,19.970831389084857
sub-0633,2,1.162447973536946,0.010678084268589584,-20.912276508426476,29.171478521945822,105.08792312887446,53.278336185173934,0.5375611289646901,0.9999999999799324,0.15052810435895103,24.631916684805994
sub-0638,2,0.8469820515923505,0.0024999183575802864,6.0951926720339,29.172446737384018,102.82941644707616,80.03261901203186,0.9973521819798203,0.9999999999143669,5.931368037075522,23.180949532775113
sub-0639,2,0.030704041942922315,0.04317716980461067,-24.95632374165675,27.0838719641631,101.6113974815573,68.5437597086008,0.02978938734486384,0.9999999999599715,-3.483360973662236,23.941428563994577
