rank,elpd_diff,dse,p_worse,diag_diff,diag_elpd,p,elpd,se,weight,participant_id
0,0.0,0.0,,,2 k̂ > 0.70,1.3035975112851657,-21.251360625802363,3.7860364801678608,0.7662451253614367,sub-0019
1,-1.144054360640311,1.298958497658709,0.8107727309453054,N < 100,1 k̂ > 0.70,1.4715224179956534,-22.395414986442677,3.8033136071677975,0.0,sub-0019
2,-1.2516000818642539,0.7097176479824764,0.961093445793755,N < 100,,2.2357520117813383,-22.502960707666624,3.9707593020761798,0.0,sub-0019
3,-3.736845241546792,4.006696471419254,0.8244996313892115,N < 100,4 k̂ > 0.70,3.604201010786986,-24.98820586734916,5.699465341587009,0.2337548746385664,sub-0019
0,0.0,0.0,,,6 k̂ > 0.70,1.9094620040855754,-14.394048426259461,4.163673753993996,0.9999999999999878,sub-0022
1,-0.49148649652594933,0.4337704980503923,0.8714047432318222,N < 100,6 k̂ > 0.70,1.8394886559324672,-14.88553492278541,3.991577525423852,1.8596235662471372e-15,sub-0022
2,-3.7518272359621765,2.037990480922428,0.967185149145537,N < 100,6 k̂ > 0.70,1.6384803286449459,-18.145875662221634,3.879694787945363,0.0,sub-0022
3,-6.265282766743439,1.3504931999334584,0.9999982516657824,N < 100,2 k̂ > 0.70,1.5020298668745422,-20.6593311930029,3.506631656082984,2.036912305491967e-14,sub-0022
0,0.0,0.0,,,3 k̂ > 0.70,1.8752638774058337,-13.90884054741587,3.961763723163484,0.7612621440935647,sub-0023
1,-0.5243142902156492,1.440775976591509,0.6420377814126487,N < 100,3 k̂ > 0.70,1.4127648950505933,-14.43315483763152,3.9803884383031196,0.2387378559064373,sub-0023
2,-1.8795851047322465,1.5522521736102002,0.8870285588992314,N < 100,3 k̂ > 0.70,2.123263046980254,-15.788425652148117,4.535949504485831,7.117337562946404e-17,sub-0023
3,-6.229514691866122,2.1502080015167078,0.9981172621831752,N < 100,,1.8186964958168308,-20.138355239281992,4.548989921433682,0.0,sub-0023
0,0.0,0.0,,,,1.8179810830539507,-30.657986809477237,3.441025407553523,0.9999999999999982,sub-0024
1,-0.8580251730528126,1.2506617582965645,0.7536613970575115,N < 100,,2.4149183668346828,-31.51601198253005,4.468988088844342,0.0,sub-0024
2,-2.8696964065860495,0.8992376675525448,0.9992917182172232,N < 100,1 k̂ > 0.70,1.8469386191475932,-33.52768321606328,3.325658106561334,8.102914004573791e-16,sub-0024
3,-5.985138368661486,1.5799350077808672,0.9999241341824798,N < 100,,1.2811052012252229,-36.64312517813872,3.2667163489410393,1.2602766052971504e-15,sub-0024
0,0.0,0.0,,,4 k̂ > 0.70,1.0430917092622578,-21.8909929577448,2.9108881194804823,0.0,sub-0025
1,-0.40039807608845024,1.6965523525806074,0.593286345367005,N < 100,7 k̂ > 0.70,2.27705922098104,-22.291391033833246,4.279377230508242,0.6655402377922884,sub-0025
2,-1.19081403295195,2.295948443480758,0.6980006769874904,N < 100,1 k̂ > 0.70,1.5164174905870738,-23.081806990696748,2.7782487229928683,0.3344597622077078,sub-0025
3,-5.742067352828595,1.706950234613644,0.9996157999464068,N < 100,,1.324951419082463,-27.6330603105734,3.0253442314258345,6.347719116832351e-15,sub-0025
0,0.0,0.0,,,7 k̂ > 0.70,2.194677710507535,-16.145745416227925,5.270909291338992,0.7519782009308892,sub-0026
1,-0.7968983736377,2.0797712625157674,0.6492017886299357,N < 100,,1.5421143708150524,-16.942643789865627,3.887060048426376,0.24802179906909272,sub-0026
2,-4.374579085453736,2.2841909993199594,0.9722636099884259,N < 100,,2.6571054644192817,-20.520324501681664,4.2502291667273,6.50830425940792e-16,sub-0026
3,-8.73337518950206,2.8006023500799118,0.9990907952864254,N < 100,,2.0157123641878067,-24.87912060572999,4.53668593337811,1.7328749112727193e-14,sub-0026
0,0.0,0.0,,,,2.0937376895624396,-23.9206429676804,4.438358499576369,1.0,sub-0027
1,-1.3065760636928294,1.072668422313181,0.888399690791468,N < 100,1 k̂ > 0.70,2.951259358076513,-25.227219031373235,5.0599456788150965,2.858824288409778e-15,sub-0027
2,-3.4765851666216623,2.3533636437520333,0.9302001640001607,N < 100,,2.2040245474333586,-27.39722813430207,4.221774129756341,0.0,sub-0027
3,-3.803673546176718,2.242651702059652,0.9550628128682549,N < 100,,1.8871939585796638,-27.724316513857126,4.048390284922365,0.0,sub-0027
0,0.0,0.0,,,,1.1318476725312152,-19.928628304474422,3.6033930070135343,0.9999999999999991,sub-0028
1,-2.777798946618521,0.7945556266178436,0.9997638918193081,N < 100,,2.1779712614515634,-22.706427251092947,4.162300780778276,6.661338147750939e-16,sub-0028
2,-3.5823591649899145,2.175729548850072,0.9501705373190249,N < 100,1 k̂ > 0.70,3.347195168884662,-23.510987469464343,5.533625363144168,0.0,sub-0028
3,-3.8653350363580827,1.1705538351661797,0.9995202526663849,N < 100,,1.4694349057084706,-23.793963340832505,4.1098393595484985,7.216449660063518e-16,sub-0028
0,0.0,0.0,,,1 k̂ > 0.70,1.4530127018850636,-22.86170667739988,3.9298628050596323,0.6218560837260279,sub-0031
1,-0.442341310886615,2.0608154631373288,0.5849774880906506,N < 100,1 k̂ > 0.70,1.6129836825393853,-23.304047988286495,3.7053909478687155,0.3781439162739719,sub-0031
2,-0.9097466712002822,1.1846424351955862,0.7787416833676434,N < 100,3 k̂ > 0.70,2.2448195210649544,-23.77145334860016,4.27043195300047,2.6279460765717105e-16,sub-0031
3,-2.381495474875601,2.273754447147146,0.8525388926482689,N < 100,,1.756517103492649,-25.243202152275472,4.259860262311727,0.0,sub-0031
0,0.0,0.0,,,4 k̂ > 0.70,2.659058292803457,-18.430735481941046,4.985497147174427,0.9363461384702215,sub-0032
1,-6.4627448173077635,3.0041778735921834,0.9842718578725012,N < 100,,1.3235553888353202,-24.893480299248807,4.001116958465592,0.0,sub-0032
2,-7.173631316973948,3.5057812565414967,0.9796330778961491,N < 100,,2.2524789193338473,-25.604366798914988,4.136597262855663,0.06365386152978193,sub-0032
3,-7.488793554187529,3.171380338336337,0.9908961544041993,N < 100,,1.8168503040185318,-25.919529036128573,3.876568190867589,0.0,sub-0032
0,0.0,0.0,,,,1.7053517044094102,-25.5282657002779,3.6316322431063046,0.8871375171837936,sub-0034
1,-0.9427128664295292,0.9538405797801847,0.8385053967248242,N < 100,,2.2807862761116517,-26.470978566707423,3.6327294507142422,0.0,sub-0034
2,-1.4030117102974273,1.3938411378117257,0.8429315196512758,N < 100,,2.1876599944729023,-26.931277410575323,3.5246468959777033,0.0,sub-0034
3,-1.4267516952450094,2.032909263505685,0.7586066372820774,N < 100,1 k̂ > 0.70,2.6792079308551786,-26.95501739552291,4.5904054002532275,0.11286248281620641,sub-0034
0,0.0,0.0,,,,2.157771719481997,-19.888561465039494,4.149511525065021,0.5626658650281909,sub-0035
1,-0.41471927878442116,2.3811124462323034,0.5691342216384828,N < 100,,1.3283205304361243,-20.303280743823912,3.9056018387441243,0.42497593774971726,sub-0035
2,-0.5294033969385499,1.6642754893146336,0.624794857436063,N < 100,2 k̂ > 0.70,2.378009102669176,-20.417964861978042,4.562021024500526,6.972981534002693e-17,sub-0035
3,-0.7768320888746825,1.7088969884029421,0.6752946440707928,N < 100,,1.5017963474605962,-20.66539355391418,4.170851724965004,0.012358197222091766,sub-0035
0,0.0,0.0,,,1 k̂ > 0.70,1.5765784923879649,-17.805274608787066,4.280867027339844,1.0,sub-0037
1,-1.5421612279321124,0.8761609686586078,0.9608075054683898,N < 100,9 k̂ > 0.70,2.636009387272468,-19.34743583671918,4.7524507507711915,1.915134717478395e-15,sub-0037
2,-3.276165754872758,1.8903900479710678,0.9584577973356727,N < 100,2 k̂ > 0.70,3.079399785168659,-21.081440363659823,5.795402625340409,2.1094237467877974e-15,sub-0037
3,-9.86138304383071,3.8314855590995656,0.9949702215171773,N < 100,,2.0685119227868327,-27.666657652617776,4.461318567374678,0.0,sub-0037
0,0.0,0.0,,,3 k̂ > 0.70,1.866034684751432,-21.534642206871155,3.8099479428415846,0.6704361705637845,sub-0038
1,-0.9143764657694646,2.3221056647705876,0.653124718376099,N < 100,3 k̂ > 0.70,1.2381687731203963,-22.449018672640616,3.335280149399182,4.4253848729049986e-16,sub-0038
2,-1.012580585878185,2.5673993023395583,0.6533568838619795,N < 100,3 k̂ > 0.70,1.8533262268563806,-22.547222792749338,4.064636263621877,0.3295638294362151,sub-0038
3,-4.644433673983107,3.001313167931716,0.9391246856842648,N < 100,,1.4920886150296446,-26.179075880854256,3.388624146598344,0.0,sub-0038
0,0.0,0.0,,,,2.7458654922003833,-26.447758295230244,5.7757278730920865,0.568574911269296,sub-0039
1,-0.1904973571483577,0.833424518627577,0.5903991345410171,N < 100,,2.6695629414039317,-26.638255652378604,5.506796147553138,0.27340019747508104,sub-0039
2,-1.3950461221026238,2.0234142406682687,0.7547304294999351,N < 100,,3.5169695522760445,-27.842804417332875,7.0559516428730555,0.15802489125562297,sub-0039
3,-2.242255894387746,1.7274757103496199,0.9028555788410635,N < 100,1 k̂ > 0.70,2.977002845363815,-28.690014189617997,5.30587418982695,1.7780915628762273e-17,sub-0039
0,0.0,0.0,,,3 k̂ > 0.70,1.0393875767044918,-16.056395196034146,3.2708192722829126,0.7987784740724232,sub-0042
1,-0.4246211970749538,1.2186947565476722,0.6362387075337586,N < 100,4 k̂ > 0.70,1.89514507505875,-16.481016393109098,3.8028908317274794,0.2012215259275622,sub-0042
2,-3.5120485807524098,0.8356961748403302,0.9999868033085063,N < 100,,1.5357492196363498,-19.568443776786555,3.6946993462136537,1.708798594530284e-14,sub-0042
3,-4.56830929095505,2.9737515151546847,0.9377566599628442,N < 100,,1.4240368620124695,-20.624704486989195,3.8610251205208903,0.0,sub-0042
0,0.0,0.0,,,,2.1003633375886843,-25.79898054282942,4.489355950232728,0.31866992157620433,sub-0044
1,-0.29817853829158825,0.8887482661670778,0.6313775106217305,N < 100,,2.4008527484217925,-26.097159081121006,5.163977569130887,0.49522463012311024,sub-0044
2,-1.720876336977061,2.172392765531832,0.785865458135184,N < 100,,1.8898385507613917,-27.519856879806483,4.131207366697295,0.1861054483006854,sub-0044
3,-1.79698575080634,1.3798147746923004,0.9035996330137677,N < 100,,2.834916452021111,-27.595966293635758,4.143153852435972,1.9786689647860456e-17,sub-0044
0,0.0,0.0,,,2 k̂ > 0.70,1.574145473404461,-19.93788728877697,3.951698068070058,0.41657561902336127,sub-0045
1,-0.3868679323565267,2.612861110543053,0.5588534569051339,N < 100,2 k̂ > 0.70,1.6857222588298553,-20.324755221133493,4.253909529251943,0.5235884032281187,sub-0045
2,-0.7891062332865211,1.9396635051540214,0.657932235664414,N < 100,2 k̂ > 0.70,2.2984104946891692,-20.726993522063495,4.1035760616495685,1.1243962048456408e-15,sub-0045
3,-1.4928232275733926,1.9829256499275403,0.774226584918142,N < 100,6 k̂ > 0.70,2.524874974211816,-21.430710516350366,4.6783602512885105,0.05983597774851898,sub-0045
0,0.0,0.0,,,6 k̂ > 0.70,1.5345353251312621,-14.650886796640467,3.500319557239455,0.9576381951775575,sub-0046
1,-3.5251513685193316,2.4561309023933062,0.924391455485564,N < 100,2 k̂ > 0.70,0.7403394835799145,-18.176038165159802,2.737448406373229,0.04236180482240436,sub-0046
2,-5.220422544983831,1.8949374032036606,0.9970647778379623,N < 100,,0.7397341926996709,-19.871309341624297,1.99846413640549,2.163826136936721e-15,sub-0046
3,-12.116367006341925,2.1776689310362998,0.9999999868106519,N < 100,,1.131736571713452,-26.76725380298239,2.877746175394866,3.6065200534204896e-14,sub-0046
0,0.0,0.0,,,,1.1412992262066621,-34.740858519111605,2.9137609911458315,0.9999999999999999,sub-0047
1,-0.6024542720396475,0.12407015061442689,0.9999994003558885,N < 100,,1.4645264390470663,-35.343312791151256,2.921713812947329,5.551115123125783e-16,sub-0047
2,-0.9331739500037664,1.0511618695434095,0.8126636577714861,N < 100,,1.2224796028890075,-35.674032469115375,3.4564948173462255,0.0,sub-0047
3,-1.494681957312375,1.1710974618884897,0.8990768038104658,N < 100,,1.2637356282566268,-36.23554047642398,3.398508592543255,0.0,sub-0047
0,0.0,0.0,,,6 k̂ > 0.70,1.5591757904489802,-18.680342572003493,4.1238645882271685,0.9999999999999997,sub-0049
1,-1.0955235863718311,1.0379374642659243,0.8543973717329498,N < 100,3 k̂ > 0.70,1.108937413754903,-19.775866158375322,3.427853127141249,0.0,sub-0049
2,-2.2208531467545463,1.5960472823519019,0.9179586418742195,N < 100,2 k̂ > 0.70,1.0663282975373778,-20.90119571875804,3.177286457592374,0.0,sub-0049
3,-4.778646878381971,1.395553908269463,0.9996916867187865,N < 100,,1.7688339082771933,-23.45898945038546,4.123516267731907,6.661338147750939e-16,sub-0049
0,0.0,0.0,,,5 k̂ > 0.70,1.3646409785196327,-22.432289686590295,3.359595488551719,0.9615341681006558,sub-0050
1,-2.1091205799644595,1.1207772465650796,0.9700709543959158,N < 100,,1.035813980356758,-24.541410266554756,2.595168562858664,8.860652803389581e-16,sub-0050
2,-2.6201917510218795,2.315619153997616,0.8710838862535517,N < 100,1 k̂ > 0.70,1.577561974923066,-25.052481437612172,3.0582452046113864,0.03846583189934278,sub-0050
3,-2.8828366304806075,1.2644941993814525,0.9886912265833331,N < 100,,0.9996192605617918,-25.315126317070902,2.599249087855964,5.609222030319929e-16,sub-0050
0,0.0,0.0,,,5 k̂ > 0.70,1.378355566728922,-13.47927429371301,3.716399366747584,0.8364548382687045,sub-0052
1,-0.6704867033694057,0.7799760321920142,0.8050020369102648,N < 100,5 k̂ > 0.70,2.1818751227984765,-14.149760997082415,4.011458174420374,0.0,sub-0052
2,-5.078632421862206,4.265590651974493,0.8830956037680825,N < 100,2 k̂ > 0.70,1.7155670070157938,-18.55790671557522,4.2710856882456385,0.16354516173129544,sub-0052
3,-6.59782844348003,3.794857772653013,0.9589494842769196,N < 100,5 k̂ > 0.70,1.603073815902949,-20.077102737193044,5.797229718797304,7.519801432465559e-16,sub-0052
0,0.0,0.0,,,4 k̂ > 0.70,1.8332159601770392,-18.999296936202093,4.20958228411589,0.6810581698786159,sub-0056
1,-0.18824693462899056,1.0642190463373347,0.5702015800175573,N < 100,4 k̂ > 0.70,1.260239530732763,-19.187543870831085,3.4205247631561275,0.3189418301213827,sub-0056
2,-0.5360387873509325,0.8324308859069355,0.7401940919711305,N < 100,2 k̂ > 0.70,1.3436175137444446,-19.535335723553032,3.670011654552637,3.5492781283308826e-15,sub-0056
3,-4.040127288117649,1.4792709663831654,0.9968444191478161,N < 100,3 k̂ > 0.70,1.4136853399385807,-23.039424224319745,3.4516462268643586,0.0,sub-0056
0,0.0,0.0,,,2 k̂ > 0.70,0.8160343437334227,-9.159958455247347,2.509725194683118,0.9999999999999971,sub-0057
1,-0.6237570412118982,1.1176997145806686,0.7116024287033782,N < 100,4 k̂ > 0.70,1.9425044600498313,-9.783715496459244,3.014738887332462,0.0,sub-0057
2,-3.893393632018742,1.7578744556897274,0.9866141431482948,N < 100,4 k̂ > 0.70,2.5846209417950567,-13.053352087266088,3.6442481703858776,3.549724971399871e-15,sub-0057
3,-9.746838668915467,4.079529894346913,0.9915575917596446,N < 100,,1.7444387939405162,-18.906797124162814,4.333855234806016,0.0,sub-0057
0,0.0,0.0,,,,1.921437079708197,-25.532010385697312,3.823509632961376,0.9999999999999998,sub-0058
1,-0.5711100831848768,0.7251459496681587,0.7845286446656934,N < 100,,2.1231760263005897,-26.10312046888219,3.725236233243981,0.0,sub-0058
2,-1.094611190279407,0.8074446351227349,0.912394499837419,N < 100,,1.9193006660966656,-26.626621575976717,4.013807308635987,3.2581778462008423e-16,sub-0058
3,-2.4545144348184404,2.0091551667070386,0.8890828209165154,N < 100,,1.7346826801391275,-27.98652482051575,3.495720056758108,6.938893903907228e-17,sub-0058
0,0.0,0.0,,,6 k̂ > 0.70,1.7028603312764103,-12.127418018742917,3.700221345946752,0.9999999999999988,sub-0059
1,-4.0558492471668135,2.9438498584833597,0.9158576630895241,N < 100,11 k̂ > 0.70,4.5281337559014725,-16.183267265909734,5.8131906426440665,0.0,sub-0059
2,-4.320071433627098,2.593895254086373,0.9520911299026242,N < 100,2 k̂ > 0.70,2.9636088107280503,-16.447489452370014,4.186015070347708,2.3037127760972e-15,sub-0059
3,-4.346976819432008,3.023524804399599,0.9247429949660118,N < 100,2 k̂ > 0.70,1.6506813301181185,-16.47439483817493,4.088189703989767,1.1379786002407855e-15,sub-0059
0,0.0,0.0,,,2 k̂ > 0.70,1.6269653877022168,-17.71995196757672,3.597699449502255,0.8707438352497734,sub-0060
1,-1.0572500985423376,1.822663277077401,0.7190621886362725,N < 100,2 k̂ > 0.70,2.1731221635595874,-18.77720206611906,4.0813078099555335,4.313776977174991e-17,sub-0060
2,-1.1506529418790938,1.7447459211702643,0.7452113404759,N < 100,8 k̂ > 0.70,2.582054485915426,-18.870604909455814,4.022954896816027,0.0,sub-0060
3,-3.054092050630312,2.928543299679254,0.8514959132309349,N < 100,,1.9215266366495982,-20.774044018207036,4.33691794843966,0.12925616475022692,sub-0060
0,0.0,0.0,,,2 k̂ > 0.70,2.010019690124961,-22.156095385900983,4.049182624100693,0.7128670543317979,sub-0061
1,-0.6908081167664957,1.5535336043757724,0.6717204850497764,N < 100,,1.3070189288847207,-22.84690350266748,3.5264657558639567,0.23216955670985762,sub-0061
2,-1.3078283387086245,1.4912172474770187,0.8097622924806968,N < 100,,1.569987001932896,-23.463923724609614,3.9092282973940473,0.023332394083134617,sub-0061
3,-2.082568497621164,1.9555840500867494,0.8565471651150125,N < 100,1 k̂ > 0.70,1.6662078755393885,-24.23866388352215,4.0750057911111055,0.03163099487520993,sub-0061
0,0.0,0.0,,,,1.790273398336226,-26.431614539961544,4.04292537363015,1.0,sub-0063
1,-2.7679079454395854,1.3652839081157988,0.9786866698269426,N < 100,2 k̂ > 0.70,3.0491970484779545,-29.199522485401125,3.739334084945933,0.0,sub-0063
2,-2.9493067939101802,2.005585375468166,0.9292931154191084,N < 100,,2.042146414619372,-29.380921333871722,3.8299072352370924,0.0,sub-0063
3,-3.42507513432587,2.246164151182335,0.9363523936151856,N < 100,2 k̂ > 0.70,5.096322922393056,-29.856689674287413,4.9190031984979266,0.0,sub-0063
0,0.0,0.0,,,4 k̂ > 0.70,1.1127924097214719,-16.57469523377976,3.437212755988205,0.6693413672687314,sub-0064
1,-1.1687359887862971,2.4925203932526987,0.680428463386222,N < 100,6 k̂ > 0.70,0.8009061889710357,-17.743431222566056,4.594080577524352,0.3306586327312695,sub-0064
2,-1.735262198147952,1.6349874844973815,0.8557301510768749,N < 100,6 k̂ > 0.70,2.173395720945297,-18.309957431927714,4.382397768943063,0.0,sub-0064
3,-6.142577396708548,2.762876793290485,0.9869006675618379,N < 100,1 k̂ > 0.70,1.972470183132125,-22.71727263048831,4.568919200745188,1.0972125985553305e-16,sub-0064
0,0.0,0.0,,,1 k̂ > 0.70,1.3499453936964756,-16.262660143047505,3.7831209283095966,0.9530925053529811,sub-0065
1,-0.6514155610995687,1.3058313291059744,0.6910579021319954,N < 100,5 k̂ > 0.70,2.461144910684846,-16.914075704147074,4.868870191258105,0.0469074946470177,sub-0065
2,-2.483990803210169,2.04729143110053,0.8874935588725404,N < 100,2 k̂ > 0.70,1.352694395155178,-18.746650946257674,3.8068310261094083,8.555571588625958e-17,sub-0065
3,-2.597833565466874,1.605346168928593,0.9471944351630491,N < 100,1 k̂ > 0.70,2.2395576504847186,-18.86049370851438,4.8273587299004905,1.2778406804914155e-15,sub-0065
0,0.0,0.0,,,4 k̂ > 0.70,1.6400756381393313,-17.886596660525193,4.1110181871009885,0.861737071669885,sub-0066
1,-0.9927597000856085,0.5823931814349615,0.9558674423571334,N < 100,3 k̂ > 0.70,1.9253121409192298,-18.879356360610803,4.155031089473152,1.3772858979634362e-15,sub-0066
2,-1.507998061869535,2.0273480128006045,0.7715097075626518,N < 100,3 k̂ > 0.70,1.3359830269487585,-19.39459472239473,3.448492769758288,0.1382629283301113,sub-0066
3,-4.273261155192159,2.183120464651334,0.9748503400162136,N < 100,,1.8637034524670089,-22.159857815717356,4.313727450147075,2.2760512937457594e-15,sub-0066
0,0.0,0.0,,,,2.289914932628837,-27.357041327551702,4.742481403730819,0.5004248611909345,sub-0067
1,-0.47991384633528256,2.4349808748239115,0.5781220024971393,N < 100,1 k̂ > 0.70,2.5652145063210745,-27.836955173886988,6.916962214503413,0.49957513880906373,sub-0067
2,-2.3247901120000787,1.5686041482644886,0.9308399249060376,N < 100,,1.6569461668901089,-29.681831439551782,4.654955047257754,1.9812000370647593e-16,sub-0067
3,-3.45840817611748,1.582743174035936,0.9855582249423123,N < 100,,2.4873534426190713,-30.815449503669186,4.8837798228253115,1.3560116571276204e-15,sub-0067
0,0.0,0.0,,,,1.6860456334467615,-18.962887581287333,3.882446933995129,0.4371174553749767,sub-0068
1,-0.5854275122163841,1.8492377103443052,0.6242179892445081,N < 100,10 k̂ > 0.70,2.674826777347829,-19.548315093503724,5.207861291153606,0.4500239362626869,sub-0068
2,-2.52392368507582,2.3389386391600877,0.859726042143768,N < 100,1 k̂ > 0.70,0.8352384067429806,-21.486811266363162,3.7703229550596746,0.11285860836233647,sub-0068
3,-3.6700183269292577,2.405398374195546,0.9364629866928913,N < 100,,1.7518547813336356,-22.632905908216593,3.83699288571365,0.0,sub-0068
0,0.0,0.0,,,1 k̂ > 0.70,1.0377949120199685,-17.201046879256687,3.159819056406621,0.5929944848239317,sub-0070
1,-0.8412917285982378,2.5068462396201845,0.6314128550793691,N < 100,4 k̂ > 0.70,1.7441889899003071,-18.042338607854926,4.7668240316819865,0.407005515176068,sub-0070
2,-1.6852517638617872,1.4982636955520934,0.8696637759246097,N < 100,,1.2009768260802243,-18.886298643118476,3.459842531561922,1.9039204748358952e-16,sub-0070
3,-2.040322642364253,2.3032357961710432,0.8121509606393581,N < 100,,1.247527027625956,-19.241369521620943,4.271713627786595,1.691355389077387e-16,sub-0070
0,0.0,0.0,,,,1.6882626191536403,-19.596494286929108,4.40509772797778,0.8852039292994526,sub-0071
1,-0.7226790953433309,1.3968507427115926,0.6975486595071937,N < 100,,1.9737521950443835,-20.31917338227244,4.680563397224057,0.11479607070054719,sub-0071
2,-1.8521770936756923,1.6018241772058965,0.8762192083843517,N < 100,,2.0567418370292225,-21.448671380604793,4.427178772952499,0.0,sub-0071
3,-4.82819244776017,3.1102108231547003,0.939712928782519,N < 100,1 k̂ > 0.70,4.6422956935913025,-24.424686734689274,6.251935352495466,1.0234868508263162e-16,sub-0071
0,0.0,0.0,,,4 k̂ > 0.70,1.0798355187466546,-15.671596540838774,3.4273449436674284,0.5912642370654914,sub-0072
1,-0.18997423946770908,1.133266430663776,0.5665644776119706,N < 100,5 k̂ > 0.70,1.7248270885748531,-15.861570780306483,4.008392234121114,0.3952980461813833,sub-0072
2,-2.1616548384750285,2.328308240314018,0.8234058945468041,N < 100,2 k̂ > 0.70,1.5188123109577534,-17.833251379313804,4.264018125404911,6.737837804191424e-16,sub-0072
3,-2.6014280652948845,2.093749271705961,0.8929690510266648,N < 100,4 k̂ > 0.70,1.7242433717687944,-18.27302460613366,3.840649640625798,0.013437716753124643,sub-0072
0,0.0,0.0,,,4 k̂ > 0.70,0.911153982719679,-13.339842630597772,2.843882491829434,1.0,sub-0073
1,-0.9056210672023823,0.8931590448619805,0.8446973498454782,N < 100,7 k̂ > 0.70,1.6189397538703925,-14.245463697800155,3.476343146307803,0.0,sub-0073
2,-3.930345120189447,2.3769847837391773,0.950885460322694,N < 100,3 k̂ > 0.70,1.3763905390973639,-17.270187750787215,3.1668213769050073,5.574808267659999e-15,sub-0073
3,-7.6465485043183,2.8884322143123398,0.9959431410065771,N < 100,2 k̂ > 0.70,1.4888065512561999,-20.98639113491607,4.020104612471803,0.0,sub-0073
0,0.0,0.0,,,,2.697942637458571,-28.675878561011828,4.893725540902152,0.5373264939207925,sub-0074
1,-0.0038813612722492508,0.9217685483591965,0.5016798517848948,N < 100,,2.583889499897094,-28.679759922284084,4.052731552401244,0.46267350607920726,sub-0074
2,-0.7605445426733262,1.0597694463594554,0.7635137308732587,N < 100,,2.5312572588537385,-29.43642310368516,4.003827948421039,6.355877589835948e-16,sub-0074
3,-3.2547230892466246,2.068913796939447,0.9421585901222793,N < 100,,1.6498049843037075,-31.93060165025846,3.6292559891447573,0.0,sub-0074
0,0.0,0.0,,,2 k̂ > 0.70,1.6976661312766732,-18.8733861350725,4.074380883716877,0.898862005507898,sub-0076
1,-0.29921481083874113,0.6479709480312744,0.6778775674153982,N < 100,1 k̂ > 0.70,1.970183845206665,-19.172600945911242,4.238841939203707,0.0,sub-0076
2,-0.6451651738965944,1.2592706325162146,0.6957908113151969,N < 100,2 k̂ > 0.70,2.2520596930007244,-19.518551308969098,4.669216777827262,0.08874513533772235,sub-0076
3,-1.2539301007797157,1.7421277176130758,0.7641664843972736,N < 100,,1.6304328455315409,-20.127316235852213,4.172526467729729,0.012392859154379775,sub-0076
0,0.0,0.0,,,5 k̂ > 0.70,2.3885674457620594,-15.660531030189443,4.440303177114508,0.6679016423702058,sub-0078
1,-0.38144966954034665,2.2387456961929098,0.5676464888753379,N < 100,4 k̂ > 0.70,0.8641906042910037,-16.04198069972979,2.7563280386786713,0.3262953299901534,sub-0078
2,-2.174088845881302,2.947547308686701,0.7696189487629304,N < 100,5 k̂ > 0.70,1.348758586958529,-17.834619876070747,3.011045258141439,0.005803027639634976,sub-0078
3,-4.333888765713091,2.3031903637736355,0.9700608963260737,N < 100,4 k̂ > 0.70,1.0569090456553591,-19.994419795902534,3.3311493911911585,5.743235748090214e-15,sub-0078
0,0.0,0.0,,,2 k̂ > 0.70,1.2253488573473104,-19.735710236685307,3.544411927972747,0.9999999999999991,sub-0079
1,-0.7968423392713682,0.7848567605330801,0.8450116773491366,N < 100,3 k̂ > 0.70,1.8970697416333948,-20.53255257595667,4.221495975299756,0.0,sub-0079
2,-2.299044789601748,1.6760227610701577,0.9149256978913212,N < 100,1 k̂ > 0.70,1.3063720161267867,-22.034755026287055,3.240221627713269,0.0,sub-0079
3,-5.076156969766007,1.7926672258057446,0.9976843759874098,N < 100,,1.66420760651351,-24.811867206451307,3.949792717301045,1.880440247958859e-15,sub-0079
0,0.0,0.0,,,2 k̂ > 0.70,1.1072682800464009,-16.922224119726028,3.2843948713271875,0.5226448451793604,sub-0080
1,-0.5039083951453538,2.767372767617982,0.5722435956177546,N < 100,3 k̂ > 0.70,1.5254535783595464,-17.426132514871377,4.363973485339948,0.47735515482063823,sub-0080
2,-2.390133646621992,1.0661631424708773,0.9875131257359095,N < 100,2 k̂ > 0.70,2.513081016847165,-19.312357766348015,3.9821840104386945,1.8218144394415783e-15,sub-0080
3,-6.069246555757784,2.1898355456073144,0.9972105255428123,N < 100,2 k̂ > 0.70,1.4971971071160968,-22.99147067548381,3.8815117668260695,0.0,sub-0080
0,0.0,0.0,,,,1.1293606706431272,-24.482439444765674,2.54767863588445,0.9999999999999667,sub-0081
1,-3.998411294839965,1.0753123225426755,0.999899744599185,N < 100,,0.9148017111344635,-28.480850739605636,1.8787529002027652,0.0,sub-0081
2,-4.321747327977709,1.2625697267894667,0.9996903035835973,N < 100,,0.856323027067272,-28.804186772743382,1.8843405077593618,0.0,sub-0081
3,-9.89930784127988,1.5436638873638544,0.9999999999285949,N < 100,1 k̂ > 0.70,2.429216733220874,-34.38174728604555,1.7168063519443852,4.468647674116255e-14,sub-0081
0,0.0,0.0,,,2 k̂ > 0.70,2.082519836838571,-18.22041303552166,4.627848929676416,0.931151214329146,sub-0082
1,-1.2877789416232766,1.5165185716111136,0.8021060731883063,N < 100,2 k̂ > 0.70,1.6363579958986008,-19.50819197714494,3.942780755173781,3.3498050363207703e-19,sub-0082
2,-1.360869644449192,1.4045034873037023,0.8337106667910799,N < 100,,2.3770003501313757,-19.581282679970855,4.515977924571888,1.1471309622753297e-16,sub-0082
3,-2.5481529076061147,2.467788611044865,0.8490963149115014,N < 100,,1.9262521104517383,-20.76856594312778,4.558536670813755,0.06884878567085381,sub-0082
0,0.0,0.0,,,5 k̂ > 0.70,2.371901414630198,-16.053301401308737,4.5275102832321465,0.8077267261162879,sub-0083
1,-1.3378729034373986,2.338354127761373,0.7163874439949657,N < 100,,0.8747040134170837,-17.391174304746134,2.562425578341698,0.1922732738837113,sub-0083
2,-3.8906155828063547,2.527228011061414,0.9381563542282125,N < 100,,1.324850050220701,-19.94391698411509,2.9625843187690406,0.0,sub-0083
3,-5.111897657324214,2.6627315981962973,0.9725580733362196,N < 100,,1.05210734789878,-21.16519905863295,2.9347518706436158,8.367872367243123e-16,sub-0083
0,0.0,0.0,,,6 k̂ > 0.70,1.097171842347578,-9.529567565977404,2.9523085508406837,1.0,sub-0084
1,-0.9610047655958338,0.494956292063343,0.9739069383595097,N < 100,6 k̂ > 0.70,1.4540904627032125,-10.490572331573237,3.053777357504514,2.7755575615628914e-15,sub-0084
2,-7.2440380149703465,1.2535467851943607,0.9999999962389815,N < 100,2 k̂ > 0.70,1.2493188313184758,-16.773605580947756,3.0341817492569834,0.0,sub-0084
3,-9.222457543821292,3.5819757527239258,0.9949834223879465,N < 100,4 k̂ > 0.70,1.7110822905858278,-18.752025109798694,4.274598408449043,0.0,sub-0084
0,0.0,0.0,,,3 k̂ > 0.70,1.1661483903546734,-22.200032678608025,2.7704835588633254,0.999999999999999,sub-0085
1,-1.7479311673748494,0.6949054051719263,0.9940543074402132,N < 100,,0.8952506148146394,-23.947963845982876,2.352821089349937,1.6653345369377348e-16,sub-0085
2,-3.240753281333342,1.8342742943632349,0.961367192830762,N < 100,2 k̂ > 0.70,1.7793055226164671,-25.440785959941373,3.6678075503205885,2.498001805406602e-16,sub-0085
3,-5.014602981542305,1.3464220554872344,0.9999021065888317,N < 100,,0.9507152774111101,-27.214635660150336,2.1210261506178463,6.38378239159465e-16,sub-0085
0,0.0,0.0,,,4 k̂ > 0.70,1.170351934820482,-11.250962481515463,3.3560250012419166,0.6547101623051442,sub-0086
1,-0.8536958887324442,2.793765754973418,0.6200346334776446,N < 100,8 k̂ > 0.70,1.4368878258297744,-12.104658370247908,2.607032760270349,0.34528983769486293,sub-0086
2,-1.2218529721415408,0.7823038113716465,0.940840106867741,N < 100,4 k̂ > 0.70,2.0400680974660395,-12.472815453657004,4.009161885405524,2.7403261495678517e-16,sub-0086
3,-10.11072483912659,3.058483098174396,0.9995264669519929,N < 100,,1.8889167041907904,-21.361687320642055,4.27138055780717,0.0,sub-0086
0,0.0,0.0,,,2 k̂ > 0.70,0.6082962621047652,-14.407910819234845,3.2053215548849567,0.9876598549634753,sub-0087
1,-1.5445733769214236,1.66016379556711,0.8239112849658216,N < 100,1 k̂ > 0.70,0.7524535260336318,-15.952484196156268,2.5458655408738777,0.012340145036534035,sub-0087
2,-2.0693554384265926,1.5465299427238404,0.9095621490497967,N < 100,2 k̂ > 0.70,2.235395886611572,-16.477266257661434,3.816467580539372,1.0679009089718388e-15,sub-0087
3,-6.284743433864072,1.8119132762727292,0.999738379431181,N < 100,,1.0879287061858038,-20.692654253098915,3.1692954030408047,0.0,sub-0087
0,0.0,0.0,,,,1.6974857502649603,-21.24129367323224,4.219793584676395,0.9780299083837348,sub-0090
1,-1.1835062842609672,1.6295538970620027,0.7661652802776052,N < 100,3 k̂ > 0.70,3.2392081520138256,-22.424799957493207,5.3364607679643195,0.0,sub-0090
2,-1.7197927477812271,2.0141580016421234,0.8034064885123329,N < 100,,1.8246504718793062,-22.96108642101347,4.372110988892993,0.021970091616265223,sub-0090
3,-3.3375521918838142,2.6572879666966864,0.8954419130164792,N < 100,,2.2682432302859685,-24.578845865116055,4.331327710513428,2.952079445147377e-17,sub-0090
0,0.0,0.0,,,2 k̂ > 0.70,1.9271460512376848,-18.511479855559767,4.061861200060604,0.6588684948258667,sub-0092
1,-0.34145967002710176,1.690367053680072,0.5800429155691159,N < 100,1 k̂ > 0.70,1.589121729738312,-18.85293952558687,3.7556531513807423,0.3411315051741327,sub-0092
2,-2.1403176910436743,1.933178451474128,0.8658853665546595,N < 100,3 k̂ > 0.70,2.0989352833615706,-20.65179754660344,3.822024767812739,0.0,sub-0092
3,-5.672912227141008,2.888426812641369,0.9752357965075883,N < 100,,1.958214427755002,-24.184392082700775,4.159542906206727,6.966541059305609e-16,sub-0092
0,0.0,0.0,,,,1.5094039334253209,-20.767109039925558,3.648729933813357,1.0,sub-0093
1,-0.8721938277647023,0.3206041570316521,0.9967405356399425,N < 100,1 k̂ > 0.70,1.7158685280231114,-21.63930286769026,3.793403754475448,0.0,sub-0093
2,-2.06884913569243,0.4501680932378601,0.9999978437728453,N < 100,,1.5868894530275826,-22.83595817561799,3.881384891838179,1.3308143494238521e-15,sub-0093
3,-7.197343080015676,1.6628060048999527,0.9999924912731442,N < 100,,1.6895716573176067,-27.964452119941235,3.7851279713694868,0.0,sub-0093
0,0.0,0.0,,,1 k̂ > 0.70,3.357846221420168,-25.72922421305673,5.250044017063901,1.323411730722347e-16,sub-0094
1,-0.29733761973094275,1.5195362267771588,0.5775683334370707,N < 100,1 k̂ > 0.70,3.9107504092590535,-26.026561832787678,6.573440028702088,0.8682097610507857,sub-0094
2,-1.0893106479598167,1.0501546316786998,0.8501986948490381,N < 100,,2.187497146644407,-26.818534861016552,4.497683607560789,4.2574647924964316e-16,sub-0094
3,-3.760393612013023,2.0916389641905475,0.9638973546868076,N < 100,,4.993088288162083,-29.489617825069757,3.8830268774343675,0.13179023894921377,sub-0094
0,0.0,0.0,,,5 k̂ > 0.70,0.9254810157345557,-15.872625618683918,2.9844975034735954,0.8103930172899583,sub-0095
1,-1.2364192859877212,1.4736958841240968,0.7992631441133864,N < 100,5 k̂ > 0.70,2.454468857744917,-17.109044904671638,4.049352529384251,0.0,sub-0095
2,-1.382519532837522,2.1579785525095487,0.7391265388223681,N < 100,4 k̂ > 0.70,0.6633619263462289,-17.25514515152144,3.7718510571199344,0.18960698271004217,sub-0095
3,-2.270429655889812,2.098766736273047,0.8603275814643205,N < 100,2 k̂ > 0.70,1.1710189657394827,-18.14305527457373,3.4910231741775175,0.0,sub-0095
0,0.0,0.0,,,3 k̂ > 0.70,1.94174166450102,-20.811603780883686,4.4741574149983006,0.6759337616115592,sub-0096
1,-0.061792906426470395,0.8198477943786151,0.5300403107147179,N < 100,4 k̂ > 0.70,2.4772395234350295,-20.873396687310155,4.689070015337189,0.0,sub-0096
2,-1.540740757478103,3.152742044275299,0.6874724675296567,N < 100,2 k̂ > 0.70,1.6943584010613197,-22.352344538361788,3.9322644599606935,0.3240662383884541,sub-0096
3,-3.3575555381636812,0.9901405081973307,0.9996517954760117,N < 100,,1.7238540355977283,-24.169159319047367,3.9485984799088474,0.0,sub-0096
0,0.0,0.0,,,,2.1132525367826,-22.779368242315332,4.616553567604405,9.283626237882602e-16,sub-0097
1,-1.0927785017615292,4.791800172230362,0.5901970022292662,N < 100,6 k̂ > 0.70,5.512046297861107,-23.872146744076858,8.26816441404924,0.7679800034695902,sub-0097
2,-2.2105645091837935,2.1783487891743794,0.8448968039263882,N < 100,,1.8598464248554114,-24.989932751499126,4.346190625483403,0.23201999653040795,sub-0097
3,-2.6104828558517372,1.3789259653497294,0.9708295512416544,N < 100,,3.042652746802153,-25.38985109816707,4.254398414290668,9.307875650788056e-16,sub-0097
0,0.0,0.0,,,4 k̂ > 0.70,1.6906493325587488,-21.003808365012087,3.953912814683025,0.8363188623120682,sub-0098
1,-0.5211984860839944,0.8180125781889871,0.7379871340913869,N < 100,4 k̂ > 0.70,2.0921552754882384,-21.52500685109608,4.154220863785922,9.8879238130678e-17,sub-0098
2,-1.2013922544962128,1.903362853271246,0.7360433365968122,N < 100,1 k̂ > 0.70,1.7368620548717904,-22.2052006195083,3.8358296023988467,0.16368113768793163,sub-0098
3,-2.3877822489684153,1.8446437225406151,0.9022434116221068,N < 100,,2.038940920581922,-23.391590613980505,4.333402798430239,7.632783294297951e-17,sub-0098
0,0.0,0.0,,,2 k̂ > 0.70,1.5488465872260864,-21.898283950399687,4.095015467136454,0.6260887604508245,sub-0099
1,-0.04898005108006309,0.7904744345444306,0.5247037928739653,N < 100,4 k̂ > 0.70,1.775057594644054,-21.947264001479752,4.103928485635727,1.4823852056582202e-20,sub-0099
2,-0.10732498682660285,1.1221929203419307,0.5380962058872297,N < 100,5 k̂ > 0.70,1.5239981802679023,-22.00560893722629,3.8516869466948185,0.0,sub-0099
3,-1.0198591569452784,2.808469599359064,0.6417487177545194,N < 100,3 k̂ > 0.70,1.88719665626548,-22.918143107344967,4.095788161306322,0.37391123954917554,sub-0099
0,0.0,0.0,,,,2.131421973132536,-21.34942592394646,4.4992168115579,0.6551785967440306,sub-0100
1,-0.7462834653242876,2.1771803847458298,0.6341162118455245,N < 100,,1.743394340413022,-22.095709389270745,4.248025893866763,0.2805787495683771,sub-0100
2,-1.6814167161335831,1.731572789521382,0.8342344215710072,N < 100,1 k̂ > 0.70,4.123379864911584,-23.030842640080046,5.149209272456719,0.0,sub-0100
3,-1.698742470330762,2.6600764840872713,0.7384605653683095,N < 100,,1.6475119060411354,-23.04816839427722,4.271437613688587,0.06424265368759272,sub-0100
0,0.0,0.0,,,,1.6552052838570803,-25.432411426646574,3.9569132637435978,1.0,sub-0101
1,-2.7893590652739855,2.3348436991629717,0.8838912814070148,N < 100,2 k̂ > 0.70,3.5758745776628817,-28.221770491920555,5.726332501458549,1.6930901125533637e-15,sub-0101
2,-3.9214006241006167,1.4758308399873716,0.9960589633159868,N < 100,1 k̂ > 0.70,1.2607106252105529,-29.353812050747187,3.930106076887859,0.0,sub-0101
3,-4.847753512053641,1.6733560012550908,0.9981163989714382,N < 100,,1.7626658380131381,-30.280164938700217,3.906782245240099,0.0,sub-0101
0,0.0,0.0,,,,1.1315597637451573,-14.376645471549967,3.388175615756687,0.9386069867089185,sub-0102
1,-1.7342323863273261,1.8006302557180325,0.8322576531509818,N < 100,9 k̂ > 0.70,1.9063853100448513,-16.11087785787729,3.989482788431804,0.0,sub-0102
2,-2.837693821095516,1.8226736838413937,0.9402511370579015,N < 100,2 k̂ > 0.70,2.8978333531808405,-17.214339292645484,3.7891501840846935,0.0,sub-0102
3,-3.275602178651699,2.5658765632426737,0.8991285352617205,N < 100,2 k̂ > 0.70,1.4548166160545979,-17.652247650201666,3.8886182889701555,0.061393013291082786,sub-0102
0,0.0,0.0,,,3 k̂ > 0.70,1.3801817352105992,-15.868265352929711,3.7326844308919833,0.5546884677057087,sub-0103
1,-0.2236085827611891,0.5337248755084906,0.6623767754388483,N < 100,3 k̂ > 0.70,1.7896578010807904,-16.0918739356909,4.164329833117315,0.16127701621756363,sub-0103
2,-0.6562068932256508,1.8695853573622776,0.6372023011547208,N < 100,,1.4186526153054417,-16.524472246155362,3.348035109531271,0.28403451607672564,sub-0103
3,-1.5441751941166988,1.0492043622268512,0.9294569165856633,N < 100,,1.4066682233831855,-17.41244054704641,3.7647591493244077,2.1080142839635663e-15,sub-0103
0,0.0,0.0,,,,1.2352597084283494,-16.963175286139396,3.383623395899067,0.7768383202518111,sub-0104
1,-2.804055636848661,3.3790313379573678,0.7966853967566606,N < 100,2 k̂ > 0.70,1.9780703269146118,-19.767230922988055,4.735639948972603,0.22316167974818876,sub-0104
2,-3.013713030980007,3.6340966894878868,0.7965292901228669,N < 100,3 k̂ > 0.70,4.035735689513544,-19.976888317119403,5.415897120414109,8.138533693427403e-17,sub-0104
3,-4.081217969541272,3.633489932463276,0.8693285144444867,N < 100,6 k̂ > 0.70,4.750212122897694,-21.04439325568067,5.916852747933995,9.307875650788056e-17,sub-0104
0,0.0,0.0,,,,2.992754698869807,-29.65915266155083,5.27804757316408,0.7866798548336118,sub-0106
1,-0.8284160006629007,1.7297823673648907,0.6839998905785857,N < 100,,1.5606972500998209,-30.487568662213732,4.502014898604979,0.21332014516638872,sub-0106
2,-0.8994304067048757,0.9994646444257645,0.8159165060448215,N < 100,,2.5529024454846274,-30.5585830682557,5.165578217455495,0.0,sub-0106
3,-1.4396793526833598,1.2992672366405253,0.866084257840471,N < 100,2 k̂ > 0.70,4.059422600785576,-31.09883201423419,5.81463472302046,0.0,sub-0106
0,0.0,0.0,,,5 k̂ > 0.70,0.7007526946887169,-11.346190930699278,2.1037613125842882,1.0,sub-0107
1,-2.74937387990572,1.8005136457922324,0.9366187722043433,N < 100,8 k̂ > 0.70,1.4425540980325438,-14.095564810604998,2.3133930958660227,6.938893903907228e-16,sub-0107
2,-3.462905907562556,1.5418710393664465,0.9876451616153403,N < 100,1 k̂ > 0.70,0.6934263421398871,-14.809096838261834,2.0179359461149793,5.551115123125783e-15,sub-0107
3,-10.656943306129905,2.6278362659440817,0.9999749763659035,N < 100,,0.9825503884027968,-22.003134236829183,2.7309023390976277,0.0,sub-0107
0,0.0,0.0,,,,1.562848727099506,-15.82357005866382,3.883444161182558,0.7709765571205425,sub-0108
1,-1.2066346672460107,1.8370621324119685,0.7443543846231231,N < 100,,1.791105311522537,-17.03020472590983,4.5134570819327395,0.0,sub-0108
2,-1.5863019717462041,2.560282352776971,0.7322331182692543,N < 100,1 k̂ > 0.70,1.2777341274111569,-17.40987203041002,4.634362337865468,0.22902344287945786,sub-0108
3,-2.2049774448609734,2.1761736934312,0.8445262663946451,N < 100,4 k̂ > 0.70,4.35132456088886,-18.02854750352479,5.335968880543117,0.0,sub-0108
0,0.0,0.0,,,12 k̂ > 0.70,1.0301960504702996,-6.242434470831656,2.021321421530614,1.0,sub-0109
1,-2.0131233439107987,0.9631707544284209,0.9816955981532375,N < 100,2 k̂ > 0.70,0.4985546143623829,-8.255557814742454,1.5466425548417257,1.6986412276764895e-14,sub-0109
2,-8.150875253159436,3.5960125109983556,0.9882939671461702,N < 100,7 k̂ > 0.70,3.5662442259587697,-14.393309723991091,4.088162183372735,0.0,sub-0109
3,-10.75068903772663,2.22761152497862,0.9999993038573899,N < 100,2 k̂ > 0.70,1.22553935338859,-16.993123508558284,3.7299723850280535,0.0,sub-0109
0,0.0,0.0,,,4 k̂ > 0.70,1.2871596846883804,-15.542546778982455,3.3797053301802387,0.8013002134314231,sub-0112
1,-0.17927927292486423,0.7710773111146138,0.5919270690580791,N < 100,3 k̂ > 0.70,0.8811287747120575,-15.72182605190732,2.749158826116461,0.19869978656858708,sub-0112
2,-3.584328045439767,0.8680092148728071,0.9999818117809758,N < 100,,1.2717052858599447,-19.126874824422224,3.269630766509513,0.0,sub-0112
3,-6.22625340875754,1.5643771410500686,0.9999655453666175,N < 100,,1.2403625455843186,-21.768800187739995,3.416033534647629,0.0,sub-0112
0,0.0,0.0,,,2 k̂ > 0.70,2.041403640327231,-21.061343129436178,3.8390869885196266,0.8686528194699213,sub-0113
1,-0.369151309557032,1.0198477526420946,0.6413116831663823,N < 100,,1.0440544852505855,-21.430494438993207,2.9772058969758928,0.03309330132690342,sub-0113
2,-1.1818095052953455,1.6973136073942374,0.7568739874772175,N < 100,,1.0203066416017044,-22.243152634731523,2.8805101050226476,0.09825387920317474,sub-0113
3,-6.412199485862439,2.673228174960335,0.9917726927807171,N < 100,1 k̂ > 0.70,2.9310925346661967,-27.47354261529862,4.208912253378822,4.588343593958655e-16,sub-0113
0,0.0,0.0,,,,1.5529171613183486,-19.618287163175125,3.9574598512774375,0.8401099035263688,sub-0114
1,-2.6760920811879068,1.562061587846207,0.9566602503368286,N < 100,,2.704946820706447,-22.294379244363036,4.458808319172147,3.4716612914731205e-16,sub-0114
2,-3.4481612684480876,3.38697742496088,0.8456763329260932,N < 100,,2.4471983386787253,-23.066448431623215,5.048214997628497,0.1598900964736308,sub-0114
3,-6.67577613080271,3.6435374065334405,0.9665409614490166,N < 100,3 k̂ > 0.70,5.813439067808512,-26.29406329397783,6.880636589348367,3.4388136800768083e-17,sub-0114
0,0.0,0.0,,,,2.4059353800890504,-22.04977689170247,5.047176876173142,1.0,sub-0115
1,-1.0190178104751642,1.6004919139180325,0.7378367306507566,N < 100,2 k̂ > 0.70,3.748329038046517,-23.068794702177634,6.319268375132667,0.0,sub-0115
2,-2.578392125212762,1.6861531701653654,0.9368871775548698,N < 100,,2.273727766088592,-24.628169016915237,4.788571791534895,1.3120204064137204e-16,sub-0115
3,-3.855999915270722,2.081194609201221,0.9680431945612549,N < 100,1 k̂ > 0.70,2.897072159199989,-25.905776806973194,4.981935324152046,3.5453411040275995e-17,sub-0115
0,0.0,0.0,,,,2.0253266476031513,-18.337382349451733,4.6670921220609225,0.8873096455193861,sub-0116
1,-1.277193994338016,1.9115071986885572,0.7479844917088985,N < 100,,1.8456745270314068,-19.61457634378975,4.4820662489119085,0.1126903544806139,sub-0116
2,-2.3573930146592295,2.407920254444228,0.8362140203726213,N < 100,,1.7418695371336073,-20.694775364110964,4.554400633352674,5.092235632453059e-16,sub-0116
3,-4.2364765651554235,3.111852549799025,0.9133063675092625,N < 100,1 k̂ > 0.70,4.800848911352427,-22.573858914607158,6.333821860749067,0.0,sub-0116
0,0.0,0.0,,,,1.8871092060170598,-22.866625814561658,4.228410222255436,0.9118941593246364,sub-0117
1,-1.9881724476024232,1.2993277999035466,0.9370107705877857,N < 100,,1.9006346173275233,-24.85479826216408,4.2712470542081995,3.6495755117472484e-16,sub-0117
2,-2.077347194754136,2.5625141538946274,0.7912217072401869,N < 100,5 k̂ > 0.70,3.5208635397399255,-24.943973009315798,6.0651973011599525,0.08810584067536342,sub-0117
3,-2.14145210311392,1.7946162770863174,0.8836171222541911,N < 100,,1.470255070825821,-25.00807791767558,4.417705073879389,0.0,sub-0117
0,0.0,0.0,,,2 k̂ > 0.70,1.5672875613191075,-20.689471793786616,3.7628168491875473,1.0,sub-0118
1,-1.4141115823681893,0.6117890869428241,0.9895956196313318,N < 100,2 k̂ > 0.70,1.9220867215380417,-22.103583376154802,3.932685135037094,1.6653345369377348e-16,sub-0118
2,-2.548773830035895,0.5867980761565443,0.9999929893677316,N < 100,,1.5952062415269421,-23.238245623822515,3.6910365837918655,0.0,sub-0118
3,-3.9951452770453084,1.4716288468570005,0.9966839871154269,N < 100,,1.9074517924716166,-24.684617070831933,4.130443607647734,0.0,sub-0118
0,0.0,0.0,,,6 k̂ > 0.70,0.6452119925137372,-11.742750870253676,3.5522162233354004,0.8180046863810007,sub-0119
1,-0.8382232409066033,1.6489367877873307,0.6943931157182364,N < 100,1 k̂ > 0.70,0.8510322198423393,-12.580974111160279,2.7796512375183022,0.18199531361901303,sub-0119
2,-1.458259192851366,1.3969589222930083,0.8517298274575748,N < 100,3 k̂ > 0.70,1.3721860409974718,-13.201010063105041,3.3421474917581677,6.616512838065057e-15,sub-0119
3,-13.540925615313844,2.832152007333031,0.9999991284962835,N < 100,,1.8169463280684426,-25.28367648556752,4.367290635310337,0.0,sub-0119
0,0.0,0.0,,,3 k̂ > 0.70,1.4451076672571965,-15.818607125030153,3.8930878381192247,0.9404356137815664,sub-0120
1,-1.20902986080708,0.854066517595285,0.9215559550459348,N < 100,3 k̂ > 0.70,2.0804760316492317,-17.027636985837233,4.210672502436573,1.6368356187605434e-16,sub-0120
2,-1.5782587900627574,1.8536202995453857,0.8027393557708111,N < 100,4 k̂ > 0.70,1.881385593690797,-17.39686591509291,4.180955776706241,0.05956438621843323,sub-0120
3,-4.915759538561556,2.541281668358579,0.9734657029176548,N < 100,,1.7312542137840838,-20.734366663591707,4.17609065996462,3.080953491727454e-16,sub-0120
0,0.0,0.0,,,2 k̂ > 0.70,1.9833792359241817,-19.181903888093508,4.495743245784578,0.9889648941921406,sub-0122
1,-1.5824678455243282,1.7579151527637915,0.8159919708030194,N < 100,,2.0143536284485952,-20.76437173361784,4.432440854203617,2.0020937845402887e-16,sub-0122
2,-2.6464623435098087,2.1338320823479595,0.8925565462520517,N < 100,,2.066240635976958,-21.82836623160332,4.322810383208408,0.011035105807859519,sub-0122
3,-5.437944006211758,4.2429661757987365,0.900015057531409,N < 100,4 k̂ > 0.70,7.127730037495481,-24.619847894305266,7.128990780550978,3.478072485627191e-17,sub-0122
0,0.0,0.0,,,1 k̂ > 0.70,1.4814621056628288,-18.655464466326258,3.9727144815714683,0.9999999999999999,sub-0124
1,-1.3930153452570906,1.0622281680137742,0.9051401528503817,N < 100,4 k̂ > 0.70,2.4441187602907295,-20.048479811583345,4.380863539524823,0.0,sub-0124
2,-2.502778770235432,1.828292765675199,0.9144871947079559,N < 100,2 k̂ > 0.70,1.9450172757338253,-21.158243236561688,4.262645082062426,9.159339953157541e-16,sub-0124
3,-3.31624340192875,2.41485280037352,0.9151656906296624,N < 100,2 k̂ > 0.70,1.586670595127857,-21.971707868255006,3.9995625952662595,4.996003610813204e-16,sub-0124
0,0.0,0.0,,,6 k̂ > 0.70,2.980180254529276,-23.405302916249582,5.192806330586847,0.8216274148079994,sub-0126
1,-2.2337446198628426,2.705326230808959,0.7955083183940048,N < 100,,1.6745258471265623,-25.639047536112425,3.7474839119924814,0.0,sub-0126
2,-3.184243877600662,2.9121645069990425,0.8628971627625722,N < 100,,1.8289710468592781,-26.58954679385024,3.978503322151228,7.171710041190817e-17,sub-0126
3,-3.4826864901436334,3.325213595012862,0.8525325743280886,N < 100,,1.0154174746002533,-26.887989406393217,3.751564954720159,0.17837258519200067,sub-0126
0,0.0,0.0,,,,1.4869649022391587,-17.905245497979315,3.9339936068340995,0.689052222871994,sub-0127
1,-0.5676721644824703,1.950929513060178,0.6144648682168795,N < 100,1 k̂ > 0.70,1.601182434260171,-18.472917662461786,3.9781126746524045,0.3109477771280083,sub-0127
2,-1.462402543749132,1.1605221764931637,0.8961877914086198,N < 100,,2.8404177729612745,-19.367648041728447,4.313335206793167,0.0,sub-0127
3,-5.481413431153325,3.097111538815816,0.9616236804361241,N < 100,4 k̂ > 0.70,5.5833594568386,-23.386658929132643,5.469608714728534,0.0,sub-0127
0,0.0,0.0,,,,1.9060142514475882,-22.67270197211011,4.0949479637912685,0.24071895349881572,sub-0128
1,-0.02536668174864154,1.146692223556722,0.5088245270454341,N < 100,,1.3774906299717338,-22.698068653858755,3.6822985133200565,2.168404344971009e-19,sub-0128
2,-0.23116700514484467,2.394099494325494,0.5384608871445884,N < 100,,2.2828765045883204,-22.90386897725496,4.677221280079518,0.554649316721335,sub-0128
3,-0.8870664339434029,1.0141985273621232,0.8091171940114448,N < 100,,1.3619332743532195,-23.559768406053518,3.6479681231007723,0.20463172977984936,sub-0128
0,0.0,0.0,,,6 k̂ > 0.70,1.2454557652879368,-14.666256162049148,2.602529341113593,1.0,sub-0130
1,-3.0198144352916056,1.6714389508703273,0.964596664679232,N < 100,4 k̂ > 0.70,0.7562500105073586,-17.686070597340752,2.306842080861188,5.023759186428833e-15,sub-0130
2,-4.850227393035171,1.4434383479297388,0.9996105558502205,N < 100,4 k̂ > 0.70,1.029334358773134,-19.51648355508432,2.985560846522955,0.0,sub-0130
3,-8.039947576715917,2.4811974421269776,0.9994030842077749,N < 100,2 k̂ > 0.70,1.517646334551348,-22.706203738765062,2.935109340294439,0.0,sub-0130
0,0.0,0.0,,,,1.5824947800458153,-23.220237246891564,3.852038332022996,0.6465000591605741,sub-0131
1,-0.756609552884635,2.2058118218549163,0.6342035150687556,N < 100,,1.6803158191406182,-23.976846799776197,3.9194090227059606,0.3534999408394259,sub-0131
2,-2.102728169305209,2.010667023112963,0.8521701624940914,N < 100,,2.047040302231107,-25.322965416196766,3.9347350714437033,1.0669493086717337e-16,sub-0131
3,-4.331608796657749,2.885720895139745,0.9333285707392506,N < 100,1 k̂ > 0.70,3.379757909494488,-27.551846043549308,5.598911331236589,0.0,sub-0131
0,0.0,0.0,,,,1.817667395718435,-25.26518191404697,3.408489179179633,1.0,sub-0132
1,-1.2451582248750217,1.361411512194322,0.8198013416115012,N < 100,,1.0451169596063095,-26.510340138921997,2.6396948872959167,0.0,sub-0132
2,-1.7513596697309168,1.6504448023771263,0.8556877775078484,N < 100,,1.3720508484783789,-27.01654158377789,3.3309222034857586,1.5379420293236345e-15,sub-0132
3,-7.218562758941705,2.792431270884965,0.9951316970132801,N < 100,2 k̂ > 0.70,5.1838871407507465,-32.48374467298868,5.330257071983296,0.0,sub-0132
0,0.0,0.0,,,2 k̂ > 0.70,0.8750402745499348,-16.824299801697038,2.903890438185589,0.9999999999999707,sub-0133
1,-0.41757140112661517,0.5922564133431054,0.759610973835349,N < 100,6 k̂ > 0.70,1.3116392859754202,-17.241871202823656,3.3236906212363535,3.0867669531531305e-14,sub-0133
2,-2.2503566537198747,1.7132456227592319,0.9054935776661255,N < 100,3 k̂ > 0.70,1.4698906145553052,-19.074656455416914,3.527088652364408,5.963350959834476e-15,sub-0133
3,-10.275556671245564,2.518522952593405,0.9999774814966783,N < 100,,1.7419646623128575,-27.099856472942605,4.062880228192602,0.0,sub-0133
0,0.0,0.0,,,,1.5668313179094446,-17.174762448890824,4.489780852088545,0.508055178320769,sub-0134
1,-0.6177607995232011,2.419320878414546,0.6007715665512698,N < 100,2 k̂ > 0.70,3.693804465492077,-17.79252324841402,6.054440862276776,0.49194482167923126,sub-0134
2,-1.3390464898035876,1.2554724461450562,0.8569164772140243,N < 100,,1.4678179160187663,-18.513808938694417,4.931034042427969,5.017472802814129e-16,sub-0134
3,-2.1917195186317606,1.4650589883900007,0.9326723961779448,N < 100,,1.5517352192081744,-19.36648196752259,4.037193085365328,0.0,sub-0134
0,0.0,0.0,,,,1.85669195734568,-21.184346167973487,3.9679800465079733,0.490777831494549,sub-0135
1,-0.9747554611417613,3.4710889464695707,0.6105762396088361,N < 100,5 k̂ > 0.70,4.275620639760408,-22.159101629115256,6.3182948801522745,0.5092221685054511,sub-0135
2,-1.9356030467818854,1.71374020807539,0.8706483327358523,N < 100,3 k̂ > 0.70,1.2074960621534134,-23.11994921475539,4.215055451377009,0.0,sub-0135
3,-3.0436284077756977,1.9246363242036648,0.9431072023082406,N < 100,,2.1917494612948074,-24.227974575749194,4.440064420731021,0.0,sub-0135
0,0.0,0.0,,,,2.6235667613946383,-25.34054049184767,5.309779515316088,0.6144658015739618,sub-0136
1,-0.13935205082934488,2.126081199404879,0.5261295972346024,N < 100,,1.605679156238535,-25.479892542677014,3.8123110199201737,0.385534198426038,sub-0136
2,-4.019813448651069,2.9026103095045457,0.9169578670263493,N < 100,,2.7894983291372535,-29.360353940498737,3.733966500974897,3.366599586018696e-16,sub-0136
3,-6.458477205259193,3.5570531807432797,0.9652904116869456,N < 100,,1.7409277618710948,-31.799017697106862,3.8152496751124088,0.0,sub-0136
0,0.0,0.0,,,10 k̂ > 0.70,2.816904684669594,-22.621039287498743,4.900468540901016,0.5990392161245288,sub-0137
1,-0.6692903702376407,3.242769423489087,0.5817586884768847,N < 100,,1.7063383640097984,-23.29032965773638,4.137262311824632,0.40096078387547124,sub-0137
2,-1.3594387071088248,2.810504020634744,0.6857003397723167,N < 100,1 k̂ > 0.70,2.264036383067033,-23.98047799460757,3.819431115485981,2.9953380258946034e-16,sub-0137
3,-2.416935056622566,2.610649647454876,0.8227245996759387,N < 100,,1.5242985190362839,-25.037974344121302,3.5178415085099664,0.0,sub-0137
0,0.0,0.0,,,,1.3431712300492713,-20.739153285945452,4.73617403747195,0.8297924048187828,sub-0138
1,-0.1763236429874837,0.7261302594137327,0.5959300829715087,N < 100,1 k̂ > 0.70,0.8475598289880968,-20.915476928932936,4.256339956975832,0.17020759518121717,sub-0138
2,-1.4618382137651125,1.388472190792083,0.8537926956600812,N < 100,,1.2524323634986374,-22.200991499710565,3.502997829525169,8.251558922459678e-17,sub-0138
3,-1.65948101211659,1.6327565403496516,0.8452728399364928,N < 100,,1.2975486265708616,-22.398634298062042,3.489836066393045,9.73613550891983e-17,sub-0138
0,0.0,0.0,,,,1.1569741418200268,-17.31152706678698,3.5657042172291793,0.726754259387704,sub-0139
1,-1.6273439988108613,2.8044924877213546,0.719131455754147,N < 100,,1.398640359738314,-18.938871065597837,4.100274971839074,0.27324574061229584,sub-0139
2,-2.321194618234447,1.7644517125529424,0.9058345984507558,N < 100,,2.763101605350819,-19.632721685021423,4.71438574815057,5.202453119076502e-16,sub-0139
3,-5.2269509377407095,3.3697985497976894,0.9395631447820898,N < 100,3 k̂ > 0.70,4.803138541212808,-22.53847800452769,6.1137123344601845,0.0,sub-0139
0,0.0,0.0,,,,2.5717440079986913,-16.53552062782854,3.6732779281719004,0.6873552906406437,sub-0140
1,-0.4334409260363348,1.5130248256152266,0.6127421067065979,N < 100,,0.8889305776638408,-16.968961553864872,2.713531042832312,0.0,sub-0140
2,-0.5340545279048481,2.2127800655123124,0.5953580795548069,N < 100,,0.8932046375996312,-17.069575155733386,2.7971800112363803,0.31264470935935645,sub-0140
3,-1.0958325240307953,1.7378205111131773,0.7358419711651838,N < 100,,1.2264399833551125,-17.63135315185933,3.477163587442662,0.0,sub-0140
0,0.0,0.0,,,,1.2647662606197625,-34.35707428119706,2.109476382993404,0.8770177736174415,sub-0141
1,-1.24096651119471,1.9058078146513309,0.7425251266622668,N < 100,,3.1773281196355696,-35.59804079239177,3.490150407787313,0.12298222638255807,sub-0141
2,-2.720420585568734,1.3314220645701913,0.9794858713330797,N < 100,,1.3771553167412378,-37.07749486676579,3.272266270401938,5.478464952128807e-16,sub-0141
3,-3.918548743292046,2.015579764854831,0.9740601014898336,N < 100,,1.7996359030863567,-38.27562302448911,3.4398554369440397,0.0,sub-0141
0,0.0,0.0,,,2 k̂ > 0.70,2.0493759940455147,-16.515412314469508,4.3710360237311985,0.41935311509025947,sub-0142
1,-1.3612256562304044,3.41517605284824,0.6548991659275083,N < 100,15 k̂ > 0.70,4.282420843950037,-17.876637970699914,7.405818407122881,0.5382815159838947,sub-0142
2,-3.2080135632396303,1.403643698874353,0.988857942391046,N < 100,,3.607268812576432,-19.723425877709147,4.310920655571253,0.0,sub-0142
3,-6.458071638138817,3.0364141474636153,0.9832847414280267,N < 100,,1.9661954819256027,-22.973483952608333,4.206587716959293,0.042365368925849835,sub-0142
0,0.0,0.0,,,3 k̂ > 0.70,2.9185335618305515,-22.411356187504424,4.952150526356823,0.7549017092395233,sub-0143
1,-0.5091387029972214,2.824220501342556,0.5715319862846023,N < 100,1 k̂ > 0.70,1.5825380176881345,-22.92049489050165,3.856292011951773,9.330890285216386e-17,sub-0143
2,-1.4926138934732283,3.3984525474107,0.6697431302113387,N < 100,,2.2878453551895053,-23.903970080977658,3.9750745049748035,0.0,sub-0143
3,-1.8883563976924673,3.9148306745513546,0.6852247640800733,N < 100,,1.8542384702869252,-24.299712585196897,4.169392523325965,0.24509829076047684,sub-0143
0,0.0,0.0,,,,2.659976630842504,-25.963216452197145,5.068913086477075,0.6770471138162115,sub-0144
1,-1.1776970579925763,1.9681137925885344,0.7252096987626342,N < 100,2 k̂ > 0.70,2.949697554985508,-27.140913510189723,6.680734118173888,0.21770095882700666,sub-0144
2,-1.9869936279242015,2.1357133850578935,0.8239090112050032,N < 100,,1.3049497078737993,-27.950210080121344,4.222310641847844,0.10525192735678242,sub-0144
3,-2.984672825167495,1.9980391887321733,0.9323861725558102,N < 100,,2.290561337193486,-28.947889277364645,4.36351797592774,0.0,sub-0144
0,0.0,0.0,,,3 k̂ > 0.70,3.1647058991599035,-22.01602760775816,5.105257427924665,0.5939570585882159,sub-0145
1,-0.06949690014567,1.97941113892444,0.5140039409503706,N < 100,,1.4407245509404714,-22.085524507903827,4.00819829313962,0.14239429102418527,sub-0145
2,-0.40739875651758073,2.344890114043434,0.5689646890468932,N < 100,3 k̂ > 0.70,1.027735191505014,-22.42342636427574,4.060572691460859,0.26364865038759866,sub-0145
3,-0.968512015347538,1.7166022583537075,0.7136919813159806,N < 100,,1.4865179083904563,-22.984539623105697,3.923350519671464,1.468585723949506e-16,sub-0145
0,0.0,0.0,,,4 k̂ > 0.70,1.1640957213741325,-12.146681866438437,3.3751189665494374,0.9999999999999822,sub-0146
1,-2.55274570151151,2.0499838961599037,0.8934803574323831,N < 100,9 k̂ > 0.70,2.140626959351999,-14.699427567949947,3.837017902927531,0.0,sub-0146
2,-2.9126570380336823,1.4407949621736533,0.9783892142926924,N < 100,8 k̂ > 0.70,3.4849299116290213,-15.059338904472119,4.102933977775409,0.0,sub-0146
3,-8.476286956187536,3.4160721864384755,0.9934547229247842,N < 100,2 k̂ > 0.70,1.4779706837073923,-20.62296882262597,3.881757058801017,2.886579864025407e-14,sub-0146
0,0.0,0.0,,,,1.7521910539219732,-34.54760529149759,2.7675580192797233,0.935134200068491,sub-0147
1,-0.8983522293365898,1.4900321980822684,0.7267150301253775,N < 100,15 k̂ > 0.70,0.7693465002187271,-35.445957520834185,3.4095470325201975,0.06361224808284124,sub-0147
2,-1.1158243389053784,0.9745116573755696,0.8738972260117914,N < 100,,1.4556468317010225,-35.663429630402966,3.238545813711664,0.0,sub-0147
3,-1.916402154253201,2.2729455904163998,0.8004237943645458,N < 100,,4.495921435371251,-36.46400744575078,4.717860778121621,0.0012535518486679227,sub-0147
0,0.0,0.0,,,3 k̂ > 0.70,1.5032248306851355,-19.79640857758479,3.3185941136080177,1.0,sub-0148
1,-0.9928463056052745,1.004431751376357,0.8385376806218939,N < 100,1 k̂ > 0.70,0.9695808146812552,-20.789254883190065,2.794512636226476,0.0,sub-0148
2,-3.1137458878906763,1.4923009111658592,0.9815351425427176,N < 100,1 k̂ > 0.70,1.3453643848055001,-22.91015446547547,3.189737074447886,4.2810983187537264e-17,sub-0148
3,-3.5149648170853034,1.689429995642476,0.9812630186356348,N < 100,,1.2049977885589074,-23.311373394670092,3.185062305628624,6.418476861114186e-16,sub-0148
0,0.0,0.0,,,1 k̂ > 0.70,2.0250534043142876,-24.65851256779132,4.420870776236265,1.0,sub-0149
1,-1.3427630110555224,1.4708974917579518,0.8193489787905887,N < 100,2 k̂ > 0.70,3.4681537352231957,-26.001275578846847,5.020646873715108,0.0,sub-0149
2,-2.0347860626090375,1.6474035275887824,0.8916121606886738,N < 100,2 k̂ > 0.70,3.5123871918648817,-26.69329863040036,5.665500154410731,0.0,sub-0149
3,-4.92014842227668,2.9477513050011925,0.9524531246477915,N < 100,,2.2688891904563744,-29.578660990068,4.320232618491103,3.885780586188048e-16,sub-0149
0,0.0,0.0,,,2 k̂ > 0.70,0.9161663356526122,-12.69737728467011,2.840572462173704,0.768743594567006,sub-0150
1,-0.5035428500559203,0.8333976667978723,0.7271462467780057,N < 100,3 k̂ > 0.70,1.5279716262368055,-13.20092013472603,3.310259595132618,0.0,sub-0150
2,-0.8605281854486666,1.8111225774084128,0.6826547138746897,N < 100,4 k̂ > 0.70,1.6452103935763946,-13.557905470118776,3.670960498218723,0.23125640543299494,sub-0150
3,-8.660737482448537,3.05049311155889,0.997738142868875,N < 100,,1.508190627524582,-21.358114767118646,3.9370237363152194,6.808391552917459e-16,sub-0150
0,0.0,0.0,,,1 k̂ > 0.70,1.7118823328714163,-18.169918447339548,4.1896703175516485,0.9999999999999984,sub-0151
1,-3.449962831651309,3.02149966818902,0.8732324171438662,N < 100,,1.8596029997802206,-21.619881278990857,4.47446027113626,4.163336342344337e-16,sub-0151
2,-3.4802390440994477,2.0284582152539747,0.9568921172302358,N < 100,,2.797086924752545,-21.650157491439003,4.330889565659867,8.881784197001252e-16,sub-0151
3,-3.8547928039707573,2.420134700940029,0.9443975718488733,N < 100,5 k̂ > 0.70,4.417893179885911,-22.0247112513103,5.849364224856857,2.220446049250313e-16,sub-0151
0,0.0,0.0,,,,1.7143314423057214,-23.515731201902796,4.282611920206566,0.4583226573068707,sub-0153
1,-0.5753636966247768,3.729893208686145,0.56129661464244,N < 100,,2.9704708348871205,-24.091094898527572,5.630694391155667,0.541677342693131,sub-0153
2,-0.7490923674071688,1.8194369663736287,0.6597264148978076,N < 100,,1.7292841005142425,-24.26482356930996,4.26008039858253,0.0,sub-0153
3,-1.8241155403210882,1.6834532139132934,0.8607191074198741,N < 100,1 k̂ > 0.70,1.9101766379834733,-25.33984674222388,4.054469547575837,0.0,sub-0153
0,0.0,0.0,,,12 k̂ > 0.70,1.0851980304261424,-8.584394211643245,2.4959493343981176,0.9999999999999835,sub-0154
1,-0.6686104392652314,0.8293688537751847,0.7899269401007399,N < 100,7 k̂ > 0.70,0.6548282821953685,-9.253004650908476,1.9772779629951087,4.315992008230296e-15,sub-0154
2,-7.433357278515834,2.4154920759525753,0.9989558123851724,N < 100,4 k̂ > 0.70,1.0483001822472051,-16.01775149015908,2.4184907895005945,0.0,sub-0154
3,-14.242551510960302,3.111425951948573,0.999997647168216,N < 100,4 k̂ > 0.70,1.8497937203527115,-22.826945722603547,4.307431238725315,2.337800092400144e-14,sub-0154
0,0.0,0.0,,,,2.1544434890536013,-21.147285302282885,4.6718780598027845,1.0,sub-0156
1,-0.6653625811068604,0.6350544418524169,0.8526173973112186,N < 100,,2.392812041517277,-21.812647883389744,5.179853543212965,2.7755575615628914e-17,sub-0156
2,-1.4561693685272186,0.7337356842871656,0.9764053163702713,N < 100,,2.508971149794961,-22.603454670810102,4.526867670232029,0.0,sub-0156
3,-2.736354608592384,1.414957766207345,0.9734358879675666,N < 100,,2.1342664010007297,-23.883639910875267,4.551175175343156,0.0,sub-0156
0,0.0,0.0,,,,1.5787758770456175,-18.09997445758617,3.6898634421179524,0.9351220903178943,sub-0157
1,-0.4984745453699926,1.086188841733532,0.6768544439538056,N < 100,,1.5683890406652772,-18.598449002956166,3.7253938190749065,0.06487790968210592,sub-0157
2,-2.4556354276664525,1.9304418787482176,0.8983238718983293,N < 100,,1.9655579914668142,-20.555609885252622,3.8952136323526365,0.0,sub-0157
3,-2.9516864595647263,2.2833764265372296,0.9019399863889441,N < 100,3 k̂ > 0.70,3.646935056538841,-21.051660917150894,5.035044805700769,3.712308238590367e-16,sub-0157
0,0.0,0.0,,,2 k̂ > 0.70,1.4049977889462841,-14.561632730933583,3.907617868896744,0.9999999999999993,sub-0159
1,-1.0203139713175116,1.1046516448427242,0.8221662983357974,N < 100,4 k̂ > 0.70,2.202829274847536,-15.581946702251095,4.41702397083135,4.718447854656915e-16,sub-0159
2,-2.674610061248126,1.4853791403061951,0.9641189569949861,N < 100,2 k̂ > 0.70,1.632070941382361,-17.236242792181713,3.9763534979120436,0.0,sub-0159
3,-4.3758216965045325,2.964708221473704,0.930024085988859,N < 100,2 k̂ > 0.70,1.9123145175557927,-18.93745442743812,4.682760657452586,2.220446049250313e-16,sub-0159
0,0.0,0.0,,,,2.2043394132274585,-21.146011386873944,4.366951815355943,2.0290223246352614e-17,sub-0160
1,-0.07986879252446855,3.6789174208573874,0.5086603018814498,N < 100,3 k̂ > 0.70,3.4950188277088166,-21.225880179398416,5.361628882816944,0.6353729637619006,sub-0160
2,-0.38681292088008945,1.2206163468719662,0.6243401348260954,N < 100,,1.5866114711826658,-21.53282430775404,4.2662214462618335,0.36462703623809944,sub-0160
3,-1.0793553826904771,1.923841301091694,0.7126154782953276,N < 100,,1.8379051341333308,-22.225366769564424,4.324824743266341,0.0,sub-0160
0,0.0,0.0,,,,2.2332944012858484,-23.91151313952174,4.657738636822372,0.5843176873817261,sub-0161
1,-0.25727330730233255,2.565615790754796,0.5399379544705002,N < 100,,1.8027503334470965,-24.168786446824072,4.146569958063319,0.415682312618273,sub-0161
2,-0.6750888514269411,1.6861022349109402,0.6555632544055535,N < 100,,2.5917906416993945,-24.58660199094868,4.182324366163243,5.243566500481714e-16,sub-0161
3,-1.2203475736869684,0.8158441774684708,0.9326483638638623,N < 100,,2.68235751901443,-25.13186071320871,5.259913830022753,3.347474207548995e-16,sub-0161
0,0.0,0.0,,,,0.8717695502159959,-18.03748153342292,2.72540916410835,0.8170823178055414,sub-0162
1,-1.8121275726159958,2.527399778768324,0.7633107460405122,N < 100,1 k̂ > 0.70,2.8233376246258723,-19.84960910603892,4.429748048656485,0.18291768219446258,sub-0162
2,-3.6276196138596735,2.10055404129998,0.9579145773035532,N < 100,,1.5826563711170079,-21.665101147282595,3.9939180753477466,5.162437635086517e-16,sub-0162
3,-4.362209998025188,1.4990737036328547,0.9981924917673364,N < 100,,1.247557367389668,-22.399691531448113,3.404225667936743,0.0,sub-0162
0,0.0,0.0,,,1 k̂ > 0.70,1.6940976785395514,-19.415894521469106,4.084122861329517,0.6996331912814995,sub-0163
1,-0.4123380829340313,1.5586614741291382,0.6043204929372682,N < 100,1 k̂ > 0.70,1.3926107744546719,-19.82823260440314,3.8820989328812603,0.30036680871850013,sub-0163
2,-1.9185576069444643,2.1356278411965617,0.8155025463904959,N < 100,,2.564889860748907,-21.334452128413574,4.626451881594911,0.0,sub-0163
3,-6.660997657312283,3.2713182892511186,0.9791339314814695,N < 100,,1.7555982248578448,-26.076892178781385,4.030708037363026,1.831434309762514e-15,sub-0163
0,0.0,0.0,,,6 k̂ > 0.70,1.3366341016780878,-10.524957062712938,2.9590768619949084,0.6267248246004705,sub-0164
1,-0.12611541246537783,1.1559907188254563,0.5434373233509014,N < 100,4 k̂ > 0.70,0.7842271772655438,-10.651072475178315,2.482253518731971,0.37327517539952815,sub-0164
2,-1.927711018219771,0.9465608933583112,0.9791520201138667,N < 100,5 k̂ > 0.70,0.8752005069129266,-12.452668080932709,2.9009579469035,7.079115704282334e-16,sub-0164
3,-3.8545599997371696,1.8394725405104577,0.9819353951819556,N < 100,3 k̂ > 0.70,1.2833962781829524,-14.379517062450107,2.9212274322470106,6.4813605871183455e-16,sub-0164
0,0.0,0.0,,,,1.2559355140851027,-18.217396067812835,3.4958432460630444,0.9999999999999992,sub-0165
1,-1.8313355586763036,1.096002352796113,0.9526315578004001,N < 100,1 k̂ > 0.70,2.2621357805082045,-20.04873162648914,3.968977130827059,0.0,sub-0165
2,-2.380844052982745,1.3335295116752086,0.9628993677778258,N < 100,,2.388284198995901,-20.59824012079558,4.3640219364905795,2.7755575615628914e-17,sub-0165
3,-4.518010991325179,2.1710771190536784,0.9812830365699013,N < 100,,1.6280255356930802,-22.735407059138016,4.126056545384171,1.304512053934559e-15,sub-0165
0,0.0,0.0,,,,0.9260997590003459,-18.73649622320876,3.0157438746633987,0.8374930328300223,sub-0166
1,-1.435309331943504,1.8916250360610496,0.7760050813922079,N < 100,,1.0203596424731902,-20.17180555515226,3.0982342899407698,0.0,sub-0166
2,-2.1103708918378317,2.682371370806566,0.7842875465374176,N < 100,4 k̂ > 0.70,1.6142937246789575,-20.846867115046592,4.113188064359767,0.16250696716997773,sub-0166
3,-2.4659225256528936,2.8818927605308073,0.8039072721654926,N < 100,4 k̂ > 0.70,2.1577821739717296,-21.202418748861653,4.527824947152353,3.039230653008503e-17,sub-0166
0,0.0,0.0,,,2 k̂ > 0.70,1.426875593895737,-17.833991980426223,3.7223270027471362,1.0,sub-0168
1,-1.7202845880774742,1.5903649452333384,0.8603052325284435,N < 100,,0.991738624780425,-19.5542765685037,3.1539944409305085,0.0,sub-0168
2,-3.4768454929527985,2.255177008213194,0.9384288515337199,N < 100,,1.3940511019700097,-21.310837473379017,3.878834728238085,9.159339953157541e-16,sub-0168
3,-3.5814967320003355,2.482270925050608,0.925465917665969,N < 100,,1.1026548332074575,-21.41548871242656,3.343549099005774,6.38378239159465e-16,sub-0168
0,0.0,0.0,,,6 k̂ > 0.70,1.1004932180360734,-14.12382023969722,3.216092776222515,1.0,sub-0169
1,-2.0424881806229944,1.0122468333071701,0.9781927441623071,N < 100,4 k̂ > 0.70,2.129074395209695,-16.16630842032022,3.667958829083336,2.275957200481571e-15,sub-0169
2,-4.046456239149597,3.0539994529911305,0.9074093722415066,N < 100,8 k̂ > 0.70,3.8399825835849106,-18.17027647884682,5.389781647363571,3.608224830031759e-16,sub-0169
3,-6.009471685261529,2.607749785948775,0.989401760992323,N < 100,,1.7700413472694054,-20.133291924958748,4.4091169647335295,0.0,sub-0169
0,0.0,0.0,,,,1.732928462594966,-16.21524038522025,4.378076719923683,0.623109635885122,sub-0170
1,-0.4447124372101001,2.0084801203600207,0.5876162755620439,N < 100,1 k̂ > 0.70,1.9096857475089604,-16.65995282243035,4.532136115034645,0.37689036411487764,sub-0170
2,-1.7009292147429154,1.1379450336483599,0.9325085297927798,N < 100,,2.5062207219257475,-17.916169599963162,4.598316837423926,2.675217674073141e-16,sub-0170
3,-1.9306916151681701,2.3797731796559405,0.7914010795779831,N < 100,1 k̂ > 0.70,3.321054670775417,-18.145932000388417,5.327618278828576,9.242823520438925e-17,sub-0170
0,0.0,0.0,,,,1.0001285547048315,-18.039008949040596,2.9701345404816113,0.9999999999999998,sub-0171
1,-1.3041260786755249,0.9873178054234197,0.9067289279129955,N < 100,2 k̂ > 0.70,1.6559384501299539,-19.343135027716123,3.5246478447941025,6.938893903907228e-16,sub-0171
2,-2.558004559250893,1.2694492325476459,0.9780503312458816,N < 100,,1.1946583102724009,-20.597013508291493,3.411502890286045,7.771561172376096e-16,sub-0171
3,-4.67976433190344,2.1913560404088352,0.9836422042022931,N < 100,3 k̂ > 0.70,2.486851087760925,-22.71877328094404,4.44219772523341,0.0,sub-0171
0,0.0,0.0,,,8 k̂ > 0.70,0.9205326577134404,-12.825727188389095,2.7851107080694155,0.6769529073922573,sub-0172
1,-0.14287171623169748,0.87123471676532,0.565129559028765,N < 100,8 k̂ > 0.70,1.511365029596639,-12.968598904620793,3.3429371313996596,0.32304709260770637,sub-0172
2,-5.517487577834544,0.9633051934652878,0.9999999949088227,N < 100,6 k̂ > 0.70,1.4877681658613546,-18.34321476622364,3.371914656814166,3.2440411292857335e-14,sub-0172
3,-7.649094856474694,2.8968226222698896,0.9958609567830407,N < 100,2 k̂ > 0.70,1.5931616647062041,-20.474822044863785,3.873907036144753,3.917872970493619e-15,sub-0172
0,0.0,0.0,,,4 k̂ > 0.70,1.8641793497488295,-18.405781046778483,3.746618516368459,1.0,sub-0173
1,-2.712112835636285,2.2105440118973414,0.8900696035574724,N < 100,3 k̂ > 0.70,1.0558499851019556,-21.11789388241477,3.064425689934994,3.3306690738754696e-16,sub-0173
2,-4.1528872248435675,1.8768917958920026,0.9865387875263792,N < 100,2 k̂ > 0.70,1.1919592712348515,-22.558668271622054,3.2763492744499114,6.38378239159465e-16,sub-0173
3,-5.920534054223035,2.859247267936406,0.9808047931166248,N < 100,,1.2891426440603058,-24.326315101001523,3.278444548661409,0.0,sub-0173
0,0.0,0.0,,,6 k̂ > 0.70,1.68434342435893,-21.37374466173208,3.7142871394794144,0.857050345969471,sub-0174
1,-0.5200350770192639,1.186677322676296,0.6693894467888472,N < 100,6 k̂ > 0.70,1.118579519934161,-21.89377973875134,3.205949933669859,0.1429496540305272,sub-0174
2,-1.3031629055326395,1.2877350207074008,0.8442263439961837,N < 100,6 k̂ > 0.70,1.3698235988931091,-22.676907567264713,3.5965066004105113,0.0,sub-0174
3,-5.239534253754117,1.7435550352086409,0.9986724747368012,N < 100,2 k̂ > 0.70,1.4245043771468953,-26.61327891548619,3.1560728769813053,2.040956379595338e-15,sub-0174
0,0.0,0.0,,,,1.627665525835775,-21.53175766511846,4.093264017948862,0.6758159357967573,sub-0175
1,-1.7388697628529508,3.0263538737948124,0.7172108959131891,N < 100,4 k̂ > 0.70,2.85823211867603,-23.270627427971405,6.589445418326498,0.3241840642032404,sub-0175
2,-5.39286990922101,1.8535118287311634,0.9981902043658509,N < 100,2 k̂ > 0.70,3.6791284913909847,-26.92462757433947,4.926635076625078,8.654871847407031e-16,sub-0175
3,-6.175440119561898,1.8436985202203156,0.9995951899717461,N < 100,,2.4535925177947444,-27.70719778468036,4.588344016252047,1.3774199930872671e-15,sub-0175
0,0.0,0.0,,,,1.9029471907322504,-23.155106232477507,4.382161399256002,0.7243138373738571,sub-0176
1,-0.17770481831978202,0.6266844745629586,0.6116275288466024,N < 100,,2.1100411315296097,-23.33281105079729,4.225696968963108,0.0,sub-0176
2,-0.6563453371184984,1.891196563597648,0.6357242283430485,N < 100,,1.837720482874335,-23.81145156959601,4.076215172471094,0.2756861626261426,sub-0176
3,-1.80609366893618,1.868343365821058,0.8331484548146642,N < 100,,1.6588093948539997,-24.96119990141369,4.083072523040396,3.711093179792549e-16,sub-0176
0,0.0,0.0,,,6 k̂ > 0.70,1.1701578111308808,-9.351031943076991,2.8381903640330526,0.9999999999999164,sub-0177
1,-1.6563162271255933,1.0252991011718307,0.9468930217559942,N < 100,4 k̂ > 0.70,0.6241193092034085,-11.007348170202585,2.005705729346883,0.0,sub-0177
2,-6.049610240985135,2.3567251816070676,0.9948702209874547,N < 100,4 k̂ > 0.70,2.152131499316642,-15.400642184062127,3.9328907093663856,3.0253577421035516e-15,sub-0177
3,-12.546221156823142,2.3290220873900376,0.9999999641593883,N < 100,2 k̂ > 0.70,1.3148856724727176,-21.897253099900134,3.5179386749501793,1.3655743202889425e-13,sub-0177
0,0.0,0.0,,,4 k̂ > 0.70,1.120972506715331,-15.732329935438605,3.2269243537349634,0.943005369270553,sub-0179
1,-0.8216177662221735,0.7150118552849775,0.874741946326018,N < 100,5 k̂ > 0.70,1.7358017074521601,-16.553947701660775,3.839573174688309,9.754264120457923e-15,sub-0179
2,-1.4269800678651592,1.7806199902177033,0.7885485135935116,N < 100,1 k̂ > 0.70,1.5015147425801598,-17.159310003303762,3.257565138349325,0.05699463072945223,sub-0179
3,-10.981605335613331,2.6859709021445872,0.9999782918860243,N < 100,,1.8193571929155414,-26.713935271051938,3.9392017385825193,0.0,sub-0179
0,0.0,0.0,,,3 k̂ > 0.70,1.657932952054559,-17.939010026987777,4.029867254457746,0.6116228017139332,sub-0180
1,-0.9198995390795996,2.9276014685304594,0.6233215452873967,N < 100,2 k̂ > 0.70,2.1979036148959366,-18.858909566067382,5.011718340753858,0.3883771982860654,sub-0180
2,-3.0271640086856886,3.228124030512406,0.8258128085514468,N < 100,2 k̂ > 0.70,3.7816443115977902,-20.96617403567347,5.762759089422465,2.3661090007254626e-16,sub-0180
3,-4.797536652911999,3.0453410203896225,0.942414383071126,N < 100,6 k̂ > 0.70,6.063779865317851,-22.736546679899774,6.630525534228864,1.2902005852577503e-15,sub-0180
0,0.0,0.0,,,3 k̂ > 0.70,1.9090879317193505,-19.80703025155804,3.383816723252278,0.9576684718056363,sub-0181
1,-4.069744747297593,2.83222275032112,0.9246330097427656,N < 100,,1.4214626893145283,-23.87677499885563,3.725498184513855,9.064879112260609e-18,sub-0181
2,-4.757378882976553,3.1305845124622014,0.9356999607487901,N < 100,,1.9915513955185706,-24.564409134534593,4.032218874627399,3.1104425272323452e-18,sub-0181
3,-5.060782569068279,3.239346833137767,0.9408895534884371,N < 100,,1.5877612540839832,-24.86781282062632,4.026907266112439,0.04233152819436357,sub-0181
0,0.0,0.0,,,,1.991057096450088,-27.84753295214093,4.086535352224554,0.5354894204598335,sub-0183
1,-0.013429132650108144,0.6772932097414788,0.5079095696115407,N < 100,,2.0945281461670495,-27.86096208479104,4.136120301237895,0.4645105795401679,sub-0183
2,-0.5820781629601743,0.7990273959505508,0.7668411247469457,N < 100,,1.8949896755394913,-28.429611115101103,4.0764485176306176,0.0,sub-0183
3,-0.6973931639313644,0.7118766991036546,0.8363716369820445,N < 100,,1.7748311033305613,-28.54492611607229,4.329182295618921,0.0,sub-0183
0,0.0,0.0,,,,1.155062289369054,-24.109570870142292,3.0026097445901025,0.835951383948908,sub-0184
1,-1.7542776105032694,1.3989598174914994,0.8950766588305907,N < 100,,2.9158965702273885,-25.86384848064556,3.991637208949494,0.0,sub-0184
2,-2.6496988119244786,3.0567183227049597,0.8069863332840924,N < 100,,2.1129485255146596,-26.75926968206677,5.007948790587245,0.1640486160510911,sub-0184
3,-5.000636589493546,2.3043003179591475,0.9850015882147142,N < 100,,1.4575970244103864,-29.110207459635834,3.487109657531283,9.676531680379655e-16,sub-0184
0,0.0,0.0,,,6 k̂ > 0.70,1.4635722234266824,-20.763762583047196,3.4123812989310705,0.8787548028259053,sub-0185
1,-1.013116746477536,1.0256940817197502,0.8383594450180416,N < 100,3 k̂ > 0.70,0.9133567852774382,-21.776879329524725,2.652911689112275,1.72821657793512e-15,sub-0185
2,-2.351877366804472,2.482473846199925,0.828280621309416,N < 100,1 k̂ > 0.70,1.450754765365458,-23.115639949851662,3.0199374496509455,0.1212451971740809,sub-0185
3,-6.727909795651872,2.0506083158955812,0.999482679571842,N < 100,,1.3159607780277722,-27.49167237869906,3.1263980753464007,1.1993879123907708e-14,sub-0185
0,0.0,0.0,,,,1.2905578999969616,-28.856743761467975,3.0512819240884603,0.683851721340874,sub-0186
1,-1.025078782077153,2.2532871373690737,0.675418741926697,N < 100,1 k̂ > 0.70,2.7689417574521134,-29.881822543545127,4.259876347672815,0.31614827865912626,sub-0186
2,-2.2701457240130836,1.2812196061149166,0.9617913562551416,N < 100,,1.397552773540919,-31.126889485481055,3.261460919764078,0.0,sub-0186
3,-2.639788555284282,1.1792601608114461,0.9874061718738142,N < 100,2 k̂ > 0.70,2.5786103614938947,-31.49653231675226,3.4417488098246074,0.0,sub-0186
0,0.0,0.0,,,,1.458390715301403,-20.6100355863288,3.9420958964454393,0.46375823676237043,sub-0187
1,-0.21081714365587345,2.522331025319877,0.533304928450942,N < 100,4 k̂ > 0.70,2.9660160043415953,-20.820852729984672,5.085221574097937,0.5362417632376307,sub-0187
2,-1.3129874603199188,0.5699456849105645,0.9893804317915228,N < 100,1 k̂ > 0.70,1.9832577828216913,-21.923023046648723,4.195715538941404,3.5581585771751547e-16,sub-0187
3,-2.7828800546437265,1.1854520905432486,0.9905507325726511,N < 100,,1.855031701936216,-23.39291564097253,4.360792079256639,0.0,sub-0187
0,0.0,0.0,,,,0.9410368359579315,-18.010040749641696,2.714218692848941,0.9529644169514099,sub-0188
1,-1.9717056462624418,2.122936155295342,0.8234941718724258,N < 100,3 k̂ > 0.70,2.383986269688906,-19.981746395904132,3.49310689212601,0.047035583048590145,sub-0188
2,-2.304471775124009,2.1229109695644275,0.8611552809390955,N < 100,,1.0831911697773526,-20.314512524765696,2.8356330610309097,0.0,sub-0188
3,-2.5180952586803347,2.412395041698469,0.8517146130617719,N < 100,2 k̂ > 0.70,3.0150148923739506,-20.52813600832203,4.380258921049139,0.0,sub-0188
0,0.0,0.0,,,4 k̂ > 0.70,1.031972603536474,-17.488303429717902,4.268804868487975,0.5900802106161448,sub-0189
1,-0.1868260996583171,2.39787659332483,0.5310514273305222,N < 100,2 k̂ > 0.70,1.1759863569023976,-17.67512952937622,3.3614966628235528,0.40991978938384815,sub-0189
2,-2.6174006795499345,1.7657970146649946,0.9308667256864792,N < 100,2 k̂ > 0.70,2.9520726452010084,-20.105704109267844,4.3697123468835475,4.696229742166383e-15,sub-0189
3,-2.8908444859589775,1.8559106275312864,0.940340940912501,N < 100,,1.3075223533896703,-20.379147915676885,3.6082464662778664,2.482822974991805e-15,sub-0189
0,0.0,0.0,,,,2.3249674762396846,-24.31302213797457,4.584970099148045,0.866780915373399,sub-0190
1,-0.7073156670572232,0.8692689629274557,0.7920887852729751,N < 100,2 k̂ > 0.70,2.909807065229034,-25.020337805031794,5.135754615538067,9.879048491401063e-17,sub-0190
2,-2.771778257828549,2.7437237900346414,0.8438062384277408,N < 100,,1.8698734211315247,-27.084800395803118,3.7723136597791944,0.13321908462660081,sub-0190
3,-3.397157066503194,2.608170061042141,0.90362826018671,N < 100,,2.682316528096427,-27.71017920447776,4.041937571243312,1.6689028223206984e-16,sub-0190
0,0.0,0.0,,,,1.3894598525734825,-20.277965896141822,3.6987981638850176,0.8134388476773485,sub-0191
1,-1.3355526794744241,2.155650458848332,0.7322259221883174,N < 100,6 k̂ > 0.70,1.7984596360953256,-21.613518575616247,5.340732454712581,0.18656115232264572,sub-0191
2,-3.6516432506335317,1.494878387649011,0.992712477465152,N < 100,1 k̂ > 0.70,1.4141978907356623,-23.929609146775356,4.315589634406796,2.362587694686717e-15,sub-0191
3,-5.256914442491746,1.6459847823078715,0.9992978862885004,N < 100,,1.8870999820237715,-25.53488033863357,4.290576644428989,3.3159239243296668e-15,sub-0191
0,0.0,0.0,,,1 k̂ > 0.70,2.388885610778418,-24.732891198000917,5.056385326093226,0.7293284218544346,sub-0192
1,-0.2977889076856215,1.2923729517247688,0.5911173891065356,N < 100,,2.0585358319745324,-25.03068010568654,4.423598220222554,0.0,sub-0192
2,-0.707144099812929,2.324828419586702,0.6195009807052698,N < 100,,2.0874934061059767,-25.44003529781385,4.473175529721769,0.27067157814556575,sub-0192
3,-0.9953553126890036,1.1017223624482164,0.8168574651318963,N < 100,,2.2387045504010974,-25.728246510689917,4.423551870126047,0.0,sub-0192
0,0.0,0.0,,,7 k̂ > 0.70,0.907111983528631,-12.323996479876985,2.849670511983394,0.585637644423738,sub-0193
1,-0.2252645400324429,1.4435375884892059,0.5620033315127656,N < 100,8 k̂ > 0.70,2.1119877125425166,-12.549261019909428,3.2436400450593506,0.41436235557625956,sub-0193
2,-4.614900339192411,2.27946249282838,0.9785435315699292,N < 100,8 k̂ > 0.70,2.3674210671640727,-16.9388968190694,3.54237487711988,3.2308314768402167e-15,sub-0193
3,-6.062139893043611,3.6592576489655477,0.9512057201916736,N < 100,2 k̂ > 0.70,1.4002468918078639,-18.386136372920596,3.875877377359005,0.0,sub-0193
0,0.0,0.0,,,,0.918120067395417,-26.678424716887022,3.916834787078831,0.9946563056303476,sub-0194
1,-0.8025873162905528,1.3640256569930214,0.7218667576547307,N < 100,1 k̂ > 0.70,1.516104362566039,-27.48101203317757,5.219898982809051,0.0053436943696530724,sub-0194
2,-1.0856662689236813,0.19113595541702644,0.999999993268155,N < 100,,1.9292246289687347,-27.764090985810704,3.9685225919887546,0.0,sub-0194
3,-2.815601158532578,2.5204994736630306,0.8680200757140863,N < 100,,2.6807863280580855,-29.494025875419602,4.5701617033077175,3.848917712323541e-17,sub-0194
0,0.0,0.0,,,2 k̂ > 0.70,1.8855246835432165,-20.001532799413155,4.52467350544141,0.9043172964708499,sub-0197
1,-2.2437948839988167,1.4311340684214553,0.9415412218606825,N < 100,,3.156163955507947,-22.245327683411972,4.4744777807115295,1.9906043313424508e-15,sub-0197
2,-6.370238244771157,5.390714390956206,0.8813387639242158,N < 100,1 k̂ > 0.70,3.62382704891686,-26.371771044184314,6.725279120378523,0.02422912393223537,sub-0197
3,-7.865743484284298,4.205025040603605,0.9692968188455532,N < 100,7 k̂ > 0.70,1.7152667297120723,-27.867276283697457,5.305182524008851,0.07145357959691288,sub-0197
0,0.0,0.0,,,5 k̂ > 0.70,2.5739359976386416,-16.95806220177392,4.772587522472607,0.44651434160985304,sub-0198
1,-0.2703199723762584,2.256448372572731,0.54767876269808,N < 100,4 k̂ > 0.70,1.9888255656809608,-17.228382174150177,4.649317294205341,0.4412758850653809,sub-0198
2,-3.243241955498899,2.2582126786311068,0.9245270856297872,N < 100,4 k̂ > 0.70,1.982695418858937,-20.20130415727282,3.9311500256076797,7.923979938591692e-16,sub-0198
3,-4.959796598129463,3.4291609402563874,0.9259616837099852,N < 100,2 k̂ > 0.70,1.5489503237240647,-21.917858799903385,3.6367520571409493,0.11220977332476521,sub-0198
0,0.0,0.0,,,4 k̂ > 0.70,1.9690042721653056,-15.059391978628367,3.3570434902618618,0.7378806288675558,sub-0200
1,-0.3308494089565368,0.8893059213526884,0.6450651314839069,N < 100,,0.8200672258013573,-15.390241387584904,2.654935744707038,0.0,sub-0200
2,-0.8566177227101814,2.0743602097083316,0.660180261554732,N < 100,2 k̂ > 0.70,0.9298437188033735,-15.916009701338549,2.9331098989546183,0.2621193711324545,sub-0200
3,-6.2157737078537805,1.9216674768155768,0.9993908761021522,N < 100,5 k̂ > 0.70,4.520340440454828,-21.275165686482147,4.769202720254367,0.0,sub-0200
0,0.0,0.0,,,11 k̂ > 0.70,2.7296490348109623,-18.00662373931963,6.564481006345289,0.671664821140867,sub-0202
1,-0.10954345385157893,3.1516211579306823,0.5138635690483162,N < 100,,1.627574504479382,-18.1161671931712,4.0827583023873695,0.3283351788591334,sub-0202
2,-4.777561609492123,4.166720067145851,0.8742265306374797,N < 100,,2.1849301561932615,-22.784185348811754,4.144539159738261,0.0,sub-0202
3,-7.044036130197194,4.940771617730528,0.9230218798216595,N < 100,,1.7746014727387156,-25.05065986951682,4.3435092093770695,4.1882729923115036e-16,sub-0202
0,0.0,0.0,,,6 k̂ > 0.70,1.0183395941507658,-16.94787788489831,3.0912549057518284,1.0,sub-0203
1,-0.624541976503556,0.9068576958225578,0.7544901727204689,N < 100,6 k̂ > 0.70,1.8234904062577433,-17.572419861401865,3.6334396657569115,2.7755575615628914e-17,sub-0203
2,-3.0785291923132316,1.7289064856573273,0.9625129010303082,N < 100,2 k̂ > 0.70,1.2787329730080235,-20.026407077211537,3.3020514160881675,0.0,sub-0203
3,-8.865927633910983,2.998811284903744,0.9984441413847336,N < 100,,1.886583755442731,-25.81380551880929,4.033952616317564,0.0,sub-0203
0,0.0,0.0,,,3 k̂ > 0.70,0.8565091487584713,-19.55674001283711,2.537212880861933,0.513358198367044,sub-0204
1,-0.26420835050095093,1.7553281601626662,0.5598219947142692,N < 100,4 k̂ > 0.70,2.1730264354656446,-19.820948363338058,3.4286981094811138,0.48664180163295506,sub-0204
2,-5.360934138240163,2.229569541656138,0.9919020428119367,N < 100,5 k̂ > 0.70,2.4316870171673886,-24.91767415107727,3.918539934853678,1.439700240588658e-15,sub-0204
3,-6.700449408839313,3.668295060614491,0.9661188366196711,N < 100,,1.9359885800822654,-26.257189421676422,4.503886712724289,0.0,sub-0204
0,0.0,0.0,,,21 k̂ > 0.70,0.6030714951020919,-31.56162859992674,3.5924266611474693,1.0,sub-0206
1,-0.7472184982914989,0.7129437805210377,0.8526979556488021,N < 100,,1.5304923023788108,-32.30884709821824,3.494641528681255,0.0,sub-0206
2,-0.9778175058078862,0.3865689291790574,0.9942883791955587,N < 100,4 k̂ > 0.70,1.2075613982494073,-32.539446105734626,3.894874567092566,0.0,sub-0206
3,-1.2828005046929505,1.3469487166526446,0.8295466247248039,N < 100,,1.8538707272715895,-32.84442910461969,2.9097485765358093,0.0,sub-0206
0,0.0,0.0,,,,1.9970224423626401,-25.012934097978462,4.0945328047453575,0.47556817873456075,sub-0207
1,-0.004165257321931293,0.9258421869829146,0.5017947892982187,N < 100,,2.15967630609944,-25.01709935530039,4.6225264349488135,0.4632424258681109,sub-0207
2,-1.2298697876131328,1.272871543521597,0.8330321298664805,N < 100,,2.4113462355836703,-26.24280388559159,3.884466128452185,8.509238708054067e-16,sub-0207
3,-2.514304960982395,2.4367624891241935,0.8489222267318234,N < 100,,1.7226101998809287,-27.527239058960852,3.734004578045637,0.06118939539732753,sub-0207
0,0.0,0.0,,,5 k̂ > 0.70,0.7172895419392424,-13.164140018041449,2.3199877336941035,0.9999999999999949,sub-0208
1,-2.8420533568182726,2.927230719965205,0.8342013905680048,N < 100,5 k̂ > 0.70,2.9346649690051128,-16.00619337485972,3.624904366538895,0.0,sub-0208
2,-3.525741848576166,2.5697579316977572,0.914970338440097,N < 100,7 k̂ > 0.70,3.4114379838760285,-16.689881866617615,3.920782200924227,1.8596235662471372e-15,sub-0208
3,-4.238334106471841,2.7905861062875528,0.9355932128935245,N < 100,2 k̂ > 0.70,1.0289107189986806,-17.40247412451329,3.2311669975212944,4.135580766728708e-15,sub-0208
0,0.0,0.0,,,,1.3289849189837246,-18.20680203676677,3.975701021085743,1.0,sub-0209
1,-0.9592445024932612,1.5349454167899093,0.7339938645119646,N < 100,6 k̂ > 0.70,1.8863852259143,-19.16604653926003,5.363074302001455,4.624772786954168e-15,sub-0209
2,-2.7435839471319365,1.0474233128959476,0.9955953181061789,N < 100,,1.01978101671299,-20.950385983898705,4.4945954752851405,0.0,sub-0209
3,-3.538675196329402,1.0606111371627416,0.9995757203486508,N < 100,,1.6936219636076508,-21.74547723309617,4.456511625979686,0.0,sub-0209
0,0.0,0.0,,,3 k̂ > 0.70,1.89046895015441,-32.33578164871255,3.68988886526618,0.7206794693761646,sub-0210
1,-0.23944667308232148,0.8303094600684215,0.6134729983734651,N < 100,,1.8507340020386593,-32.575228321794874,3.2493524171926436,0.1347801306069382,sub-0210
2,-0.4353552078478842,1.1200957610199187,0.6512423674278244,N < 100,,1.502651286987892,-32.77113685656044,3.35760502943256,0.144540400016897,sub-0210
3,-0.4839083886100699,0.6958820631152103,0.7565940693005666,N < 100,,2.1671862842367675,-32.81969003732262,3.9331095794409436,9.627715291671279e-17,sub-0210
0,0.0,0.0,,,,1.8228757687927915,-21.902895714523382,4.133680318269258,0.9471741519628242,sub-0211
1,-2.6140373227708036,3.1141014150561954,0.7993830157731674,N < 100,1 k̂ > 0.70,4.136539149936772,-24.516933037294184,6.607775870744933,0.05282584803717573,sub-0211
2,-4.021021381148406,1.8580330580742892,0.9847727367486169,N < 100,1 k̂ > 0.70,2.9104488158049384,-25.923917095671783,4.042423794943586,5.035274629499712e-16,sub-0211
3,-5.076570543887891,3.165286307614792,0.9456238660442962,N < 100,,2.1667928856935292,-26.97946625841128,4.317614013662238,0.0,sub-0211
0,0.0,0.0,,,6 k̂ > 0.70,2.711830518741678,-23.508527639123585,5.319912597527103,0.6550192609693238,sub-0212
1,-0.5460848006315864,2.2724506384726233,0.5949536959151247,N < 100,,1.6238178795384843,-24.054612439755175,3.677612573087819,0.344980739030676,sub-0212
2,-2.8166247014545043,2.814450124466965,0.8415316318431815,N < 100,1 k̂ > 0.70,1.0267894431696767,-26.325152340578093,3.9296219171384386,0.0,sub-0212
3,-3.758243806280184,2.7329199289663464,0.9154614379918073,N < 100,,1.7164800974000631,-27.26677144540377,3.91979479500929,6.032500887709347e-16,sub-0212
0,0.0,0.0,,,1 k̂ > 0.70,0.6923908829472352,-14.51238068776708,2.3144903492451236,0.8914322985876446,sub-0213
1,-1.550910155326532,2.0334373124285694,0.7771799372988617,N < 100,4 k̂ > 0.70,2.9542588576700455,-16.06329084309361,3.965144748263199,0.0,sub-0213
2,-1.655114837507334,2.228287036596031,0.7711908983287472,N < 100,7 k̂ > 0.70,1.432706059592093,-16.16749552527442,4.098827135692334,0.10856770141235546,sub-0213
3,-4.7791444762002016,2.0446130742101034,0.9902916392717248,N < 100,,1.1526586979455458,-19.291525163967282,3.4510209039243476,1.4615344793737698e-15,sub-0213
0,0.0,0.0,,,5 k̂ > 0.70,0.9945633578185633,-13.309672076045738,2.8530374551907967,1.0,sub-0216
1,-1.0838444081542047,0.6919081925927758,0.9413791621706761,N < 100,5 k̂ > 0.70,1.6097903237204139,-14.393516484199942,3.381490622314059,1.5126788710517758e-14,sub-0216
2,-5.927372988057636,1.313274189084087,0.9999968106458971,N < 100,2 k̂ > 0.70,1.663888861385733,-19.23704506410337,3.4239599206793403,0.0,sub-0216
3,-7.567436395050253,1.8058671986542716,0.9999860812773927,N < 100,2 k̂ > 0.70,1.4628935454971255,-20.877108471095987,3.693005738146337,0.0,sub-0216
0,0.0,0.0,,,,2.320728920987378,-25.628990290310778,5.2325088331274925,0.9030711514642947,sub-0217
1,-1.0041281776543824,1.6224503316790195,0.7320075950195919,N < 100,1 k̂ > 0.70,3.5339497372200155,-26.633118467965165,6.7620472741552256,2.2723656403325377e-16,sub-0217
2,-1.4627296522060602,2.247580850787338,0.742412779336325,N < 100,1 k̂ > 0.70,3.503588729844706,-27.091719942516843,7.1617597676293006,0.09692884853570505,sub-0217
3,-5.816031172789446,2.2815048949487724,0.9946016101599879,N < 100,,1.8586276186231363,-31.445021463100225,4.0360904500978645,5.1788822549732487e-17,sub-0217
0,0.0,0.0,,,8 k̂ > 0.70,0.9607069184574303,-11.927764133288509,2.929781227704889,0.5385160539862137,sub-0218
1,-0.2223567814693741,1.5318750929875624,0.5577050962980806,N < 100,7 k̂ > 0.70,2.1705350490527806,-12.150120914757883,3.97426483484578,0.46148394601378867,sub-0218
2,-7.052169350626912,1.73533762757851,0.9999758661189491,N < 100,5 k̂ > 0.70,1.249876587644648,-18.97993348391542,2.9149003928782964,0.0,sub-0218
3,-9.991180441901198,3.64195904529237,0.9969592394538498,N < 100,6 k̂ > 0.70,1.82865105055268,-21.918944575189705,4.028281504464118,1.7694179454963432e-16,sub-0218
0,0.0,0.0,,,1 k̂ > 0.70,0.8037786280874112,-16.424948326829345,2.6662934024598646,0.5510905090943682,sub-0219
1,-0.11261546038574899,1.2121914626562376,0.53700943874775,N < 100,2 k̂ > 0.70,1.574978944982374,-16.5375637872151,3.3060846465576255,0.4489094909056318,sub-0219
2,-3.3703167126182247,2.0332146351564773,0.951303871846946,N < 100,2 k̂ > 0.70,2.2681224155087576,-19.79526503944757,3.6158789699646636,0.0,sub-0219
3,-4.693749664978933,2.572834486904725,0.9659503847207628,N < 100,,1.3094111532122634,-21.118697991808276,3.763909407658375,2.0187844451680093e-16,sub-0219
0,0.0,0.0,,,,2.2923664809379973,-26.06371721503851,4.9835436397951876,0.9999999999999999,sub-0220
1,-0.45253709318077284,0.7480381949887348,0.7273989477179236,N < 100,,2.855986168188105,-26.51625430821928,5.202952661302625,4.211041237933699e-16,sub-0220
2,-0.9518050543064618,1.2110371210575115,0.784049294732996,N < 100,1 k̂ > 0.70,2.8876235172172047,-27.01552226934497,5.172400494316135,0.0,sub-0220
3,-2.332005727812933,2.0841547176871544,0.8684132060533922,N < 100,,3.9324269145450983,-28.395722942851442,5.469743970497513,0.0,sub-0220
0,0.0,0.0,,,4 k̂ > 0.70,1.4920352956047997,-17.49578209659211,3.80198432405258,0.43967237039954865,sub-0222
1,-0.9108814507178664,3.4353655545086186,0.6045524025801363,N < 100,6 k̂ > 0.70,3.233901639480504,-18.406663547309975,5.28730567431888,0.5603276296004513,sub-0222
2,-3.253117006218062,1.7518531615716006,0.9683414052053503,N < 100,1 k̂ > 0.70,3.0686844188286497,-20.74889910281017,4.156114144785902,3.9622149527145733e-16,sub-0222
3,-3.500707598609397,2.4456291506785734,0.9238441887274508,N < 100,2 k̂ > 0.70,1.7875984374064386,-20.99648969520151,4.240714163372279,0.0,sub-0222
0,0.0,0.0,,,,1.7969883295624374,-20.989516741886533,4.317109336234256,0.9999999999999999,sub-0223
1,-1.9418671750310121,1.641398760419893,0.8816065860067588,N < 100,,2.0674923050888925,-22.931383916917547,4.536963968778142,1.1102230246251565e-16,sub-0223
2,-2.790856096670554,1.0120715824236193,0.9970883440077756,N < 100,,3.1688540406863734,-23.780372838557085,4.240281180137019,3.0531133177191805e-16,sub-0223
3,-4.7106862837291645,2.6021705942467754,0.9648746722356099,N < 100,,4.3179113706055325,-25.700203025615696,5.3335288579135955,0.0,sub-0223
0,0.0,0.0,,,6 k̂ > 0.70,3.862044210494658,-21.84984860615997,6.142522007388194,0.6376308727040764,sub-0224
1,-0.3265246124091217,2.9274841519292276,0.544404982036969,N < 100,,1.7822618783826942,-22.176373218569097,4.23873598614201,0.27465514453284434,sub-0224
2,-0.798524275870732,2.989510170551746,0.6053072783240379,N < 100,,1.3948483200487543,-22.648372882030706,4.4537848524670105,0.08771398276307939,sub-0224
3,-1.688960339405753,1.9789861995014835,0.8032943371413456,N < 100,1 k̂ > 0.70,2.8833311849991627,-23.538808945565727,5.4822159830840596,0.0,sub-0224
0,0.0,0.0,,,6 k̂ > 0.70,1.4033280622675712,-9.594623418328695,3.2020534123730884,0.9603843879468498,sub-0225
1,-0.3706813067163788,0.8517215261427111,0.6682965235630076,N < 100,3 k̂ > 0.70,0.9070194336619611,-9.965304725045073,2.6817035841002057,0.039615612053143866,sub-0225
2,-3.586689160729981,2.2515169511109887,0.9444210332378429,N < 100,5 k̂ > 0.70,1.153660740724435,-13.181312579058675,3.311389699866587,8.09006864346612e-16,sub-0225
3,-4.42900190599718,1.7654139730713438,0.9939422304228956,N < 100,3 k̂ > 0.70,1.7619352348965942,-14.023625324325874,3.9059254284477105,5.677262045894471e-15,sub-0225
0,0.0,0.0,,,2 k̂ > 0.70,4.349910300378897,-19.617723685723853,7.9225426602518905,0.0,sub-0226
1,-2.066381817243828,3.010670568871082,0.7537546320891484,N < 100,3 k̂ > 0.70,6.595868377513049,-21.684105502967682,10.890213934205748,0.9041471035029773,sub-0226
2,-3.622624376749309,1.0299583880277285,0.9997819811383524,N < 100,1 k̂ > 0.70,5.337897912326097,-23.240348062473167,7.623867058056526,0.0,sub-0226
3,-8.325726514759031,3.8807676643526565,0.9840388149228793,N < 100,,2.7233784884963317,-27.943450200482886,5.274332662124179,0.0958528964970955,sub-0226
0,0.0,0.0,,,1 k̂ > 0.70,1.1990607686604982,-23.58802088044765,4.42050604549597,0.643422029101481,sub-0228
1,-0.3930116166935669,2.055981131731949,0.5757980244232537,N < 100,,1.001039019104396,-23.981032497141214,2.90551938736827,0.3565779708985289,sub-0228
2,-3.501334119400802,1.4640137131046143,0.9916124264630155,N < 100,,1.8649272544426772,-27.089354999848453,3.8160861709336595,0.0,sub-0228
3,-4.257025279578386,2.2233737429759897,0.9722326495990831,N < 100,,1.2168052132868212,-27.845046160026037,3.114188537301338,0.0,sub-0228
0,0.0,0.0,,,2 k̂ > 0.70,1.3168584178575122,-16.256448863461223,2.939695795290417,0.7816700223990304,sub-0229
1,-0.7281466559738199,1.0426854537592147,0.7575170144884114,N < 100,1 k̂ > 0.70,0.73069323790063,-16.98459551943504,2.362399917274726,0.0,sub-0229
2,-1.2220566046277348,2.1158416833008715,0.7182243506260293,N < 100,1 k̂ > 0.70,1.3369473608629554,-17.478505468088958,2.9870921929331673,0.218329977601,sub-0229
3,-5.733587251157925,1.4200030867001727,0.999973014393336,N < 100,,1.1099258632036764,-21.990036114619144,3.2438456285413824,0.0,sub-0229
0,0.0,0.0,,,4 k̂ > 0.70,1.5492161280798917,-17.412749514548242,3.6105159343023714,0.9999999999999998,sub-0230
1,-1.7779141583911606,1.7960254962706799,0.8388923813463025,N < 100,4 k̂ > 0.70,1.0555263392618401,-19.1906636729394,3.2022537021012765,6.661338147750939e-16,sub-0230
2,-3.3442071139487144,1.834526617693561,0.9658427351601598,N < 100,4 k̂ > 0.70,1.3605564951601723,-20.75695662849695,3.7960595640373214,8.39875352229284e-17,sub-0230
3,-4.31804479953448,2.97418054551058,0.926727442245362,N < 100,4 k̂ > 0.70,2.04316957701902,-21.73079431408272,4.464702916479192,0.0,sub-0230
0,0.0,0.0,,,,1.8061916095681716,-22.678860488082478,4.175862827962497,0.4518276739400273,sub-0231
1,-0.10104132976113434,1.2474666651555697,0.5322779176313247,N < 100,1 k̂ > 0.70,2.5469346530793615,-22.779901817843616,4.264821381748932,0.0,sub-0231
2,-0.3025021249738913,3.2191624487077037,0.5374331889741968,N < 100,,2.2292769042727527,-22.98136261305637,4.710395763917726,0.5481723260599727,sub-0231
3,-0.6668921453563135,3.3704150781662388,0.5784252320511136,N < 100,,2.4803562948894156,-23.345752633438792,5.251782190595979,0.0,sub-0231
0,0.0,0.0,,,,1.3301970601522606,-21.011567301749196,3.714385800559506,0.6312629772494619,sub-0232
1,-0.12167324877691676,1.8934844749649316,0.5256179646301594,N < 100,,1.4566579759921134,-21.133240550526118,4.032959182648275,0.009984624901251155,sub-0232
2,-1.3252506594924416,2.60029668282913,0.6948529299471162,N < 100,1 k̂ > 0.70,1.675871665335241,-22.336817961241636,4.419289384279036,3.436041679284578e-16,sub-0232
3,-2.554608558668872,4.035816336629653,0.7366280667697072,N < 100,4 k̂ > 0.70,1.9952432089573136,-23.566175860418067,5.920581469165604,0.35875239784928653,sub-0232
0,0.0,0.0,,,4 k̂ > 0.70,2.5344759390770983,-17.506328499156304,4.998233720133048,0.8413364983307012,sub-0233
1,-2.0653975843665897,2.479729696577048,0.7975529288710921,N < 100,,1.9206228359055875,-19.57172608352289,4.2149125189137635,0.15866350166929855,sub-0233
2,-2.4805901822577336,2.431685576112236,0.8461621850987093,N < 100,2 k̂ > 0.70,2.3588862154161876,-19.98691868141404,4.396525070411679,0.0,sub-0233
3,-5.804332435601443,3.2609942307325483,0.9624560648454242,N < 100,,1.9448225109222061,-23.31066093475775,4.351731795328332,5.35162192338845e-16,sub-0233
0,0.0,0.0,,,2 k̂ > 0.70,0.9910088204755737,-21.519908232944985,2.886036456979435,0.9261984009987745,sub-0234
1,-0.6154160361110712,1.282338553683016,0.6843567838373443,N < 100,6 k̂ > 0.70,2.213487569630832,-22.135324269056056,3.7848409493451802,0.07380159900122522,sub-0234
2,-5.470815658012944,2.2022641765780513,0.9935074512010375,N < 100,,2.102026432783333,-26.990723890957938,3.562394536706027,0.0,sub-0234
3,-6.701155578349644,2.6257125186205346,0.9946466478624122,N < 100,,1.5892831446901512,-28.221063811294634,3.81560950497582,1.4226358806268546e-15,sub-0234
0,0.0,0.0,,,3 k̂ > 0.70,1.2291616619126722,-15.506389463267071,3.3866159869255905,2.596500076310847e-16,sub-0235
1,-0.051949479279814526,1.858800864124672,0.5111481259118538,N < 100,6 k̂ > 0.70,2.3376240495462013,-15.558338942546886,4.084614941005677,0.6602147918121506,sub-0235
2,-1.2904488338998963,2.6564016168492763,0.6864413658504738,N < 100,1 k̂ > 0.70,1.4014703398488044,-16.79683829716697,3.1570900538440694,0.339785208187849,sub-0235
3,-2.83376239340763,3.4219198255933665,0.7961989056763462,N < 100,4 k̂ > 0.70,1.7753909987666023,-18.3401518566747,4.406509428670662,1.5434973178046762e-16,sub-0235
0,0.0,0.0,,,1 k̂ > 0.70,1.4119027225718925,-24.19327362012754,3.34452895733322,1.0,sub-0236
1,-0.6865401252358936,0.6298250736181088,0.8621541967352567,N < 100,,1.8858923153617777,-24.879813745363435,3.8627445154431164,0.0,sub-0236
2,-2.740438997189857,0.7996410175818198,0.9996949527388057,N < 100,,1.5983710856600981,-26.933712617317397,3.5735646525190634,8.935963023003851e-16,sub-0236
3,-6.1445797721394,1.4893481559959352,0.9999815182695617,N < 100,,1.7345651839086278,-30.337853392266936,3.2510414206643286,0.0,sub-0236
0,0.0,0.0,,,,1.606489512677078,-26.26802070930311,4.678751418980617,1.9079360984221257e-16,sub-0237
1,-0.30313155316964835,1.2930605958102228,0.5926742217946539,N < 100,4 k̂ > 0.70,2.277965369915289,-26.571152262472758,5.900117849436762,0.7311910328653944,sub-0237
2,-1.0845819156719054,0.9175795820798947,0.8813977657057623,N < 100,1 k̂ > 0.70,2.8409184786920147,-27.352602624975013,5.089964912959903,0.0,sub-0237
3,-1.8032937352137886,2.2711257401070735,0.7864048345003319,N < 100,,2.4106256587229375,-28.071314444516894,4.158861032490045,0.2688089671346058,sub-0237
0,0.0,0.0,,,,1.6839888966724845,-32.69578490056829,3.1949802517207386,0.9999999999999992,sub-0238
1,-2.7065483688008136,1.6617416688539046,0.9483161710921089,N < 100,,1.6543896935757965,-35.4023332693691,3.4164745308272946,0.0,sub-0238
2,-2.7385493148512,1.5488239147878837,0.9614818856701692,N < 100,1 k̂ > 0.70,1.8659641309431465,-35.43433421541949,3.225080879551611,8.326672684688674e-16,sub-0238
3,-2.929419059355517,1.557108967311076,0.9700357473585173,N < 100,,4.067122521490535,-35.625203959923816,4.252888272275041,0.0,sub-0238
0,0.0,0.0,,,2 k̂ > 0.70,1.2556416951075338,-14.170659869966569,3.554357016029734,0.9406413619002387,sub-0240
1,-2.6162967599796687,2.8770883094628994,0.8184188108533053,N < 100,13 k̂ > 0.70,2.5416930808232823,-16.786956629946236,5.692273405122889,0.05935863809976073,sub-0240
2,-3.604219534278566,1.7305497893884894,0.9813608031854893,N < 100,2 k̂ > 0.70,1.480710994232398,-17.774879404245134,4.0860127012399765,8.121407820213449e-16,sub-0240
3,-4.0265526202554325,2.104782888227634,0.9721291046430008,N < 100,4 k̂ > 0.70,1.8206925255440016,-18.197212490222,4.425287512557427,0.0,sub-0240
0,0.0,0.0,,,11 k̂ > 0.70,1.2656137653492343,-7.9291171927088,2.877260148520376,0.9134047563071476,sub-0241
1,-1.5095833494367579,1.8305324552441962,0.7952202289085737,N < 100,8 k̂ > 0.70,0.870425255349634,-9.438700542145558,2.4636710282901695,0.08659524369287497,sub-0241
2,-2.360727771139847,1.8446485185602624,0.8996871658444656,N < 100,10 k̂ > 0.70,1.4505891605139214,-10.289844963848648,2.8614499115247476,2.2842584084466154e-14,sub-0241
3,-12.93064208752417,3.420490295608831,0.9999216952030795,N < 100,,1.793266193056887,-20.85975928023297,4.057421715005715,0.0,sub-0241
0,0.0,0.0,,,1 k̂ > 0.70,3.7930655657221384,-32.91380628532019,6.3296628831479085,0.6918492575301123,sub-0243
1,-1.2506109000473717,2.514729914737238,0.6905162507658077,N < 100,1 k̂ > 0.70,4.146501681494683,-34.16441718536757,7.11265180677203,0.3081507424698882,sub-0243
2,-1.581693400768252,1.735259572069633,0.8189846598509327,N < 100,1 k̂ > 0.70,4.345911948614496,-34.49549968608844,6.368870951993113,0.0,sub-0243
3,-1.769975515029092,1.8944499679518108,0.8249241806281411,N < 100,1 k̂ > 0.70,5.902507550364222,-34.68378180034929,7.957272044823422,1.3183898417423734e-16,sub-0243
0,0.0,0.0,,,9 k̂ > 0.70,1.7855757640715022,-14.06670580157917,3.686758931460729,0.9245264450072737,sub-0244
1,-4.219707356523303,3.2600206759330472,0.9022329972629821,N < 100,1 k̂ > 0.70,2.0015421726137186,-18.286413158102476,4.209392993729056,0.07547355499272526,sub-0244
2,-5.090563880579223,3.4156074000608765,0.9319382461136458,N < 100,2 k̂ > 0.70,2.1441762339797874,-19.157269682158393,4.243250031382266,0.0,sub-0244
3,-14.790980534879727,4.055875126849795,0.9998672387092549,N < 100,,1.814602040443059,-28.857686336458897,3.6640440026825374,5.2154461305242705e-15,sub-0244
0,0.0,0.0,,,2 k̂ > 0.70,1.9121852397324108,-16.927766906886426,4.5614170782203995,0.9999999999999988,sub-0245
1,-1.1202276133648503,0.45099107735869703,0.9935028252537049,N < 100,2 k̂ > 0.70,2.203551233594209,-18.047994520251272,4.6484940802659365,0.0,sub-0245
2,-1.8591687575954587,1.3885502652307793,0.9097029348971002,N < 100,,1.969177125068654,-18.78693566448188,4.7347128443950215,0.0,sub-0245
3,-4.240019052613689,1.7928593691700137,0.9909836969497837,N < 100,,1.9979399033478609,-21.167785959500115,4.55975647047293,2.609024107869118e-15,sub-0245
0,0.0,0.0,,,4 k̂ > 0.70,0.8521793810314184,-12.185235215217796,2.7172853671573587,0.8881220592699519,sub-0246
1,-0.5195291349474118,1.2042058170322694,0.6669217130376025,N < 100,9 k̂ > 0.70,2.059920461392746,-12.704764350165208,3.4409776478281535,0.11187794073004753,sub-0246
2,-4.921715899636571,3.086113361196394,0.9446208753925857,N < 100,13 k̂ > 0.70,2.6836192414567646,-17.10695111485437,5.435544454931614,0.0,sub-0246
3,-8.044350828845273,3.48704884788314,0.9894704245900913,N < 100,2 k̂ > 0.70,1.6000072049390224,-20.22958604406307,4.150075279067731,8.68229099726392e-16,sub-0246
0,0.0,0.0,,,1 k̂ > 0.70,1.147805403376627,-16.490088552773948,3.4901852522705274,0.649606162932897,sub-0247
1,-0.840324495097275,2.219979817840122,0.6474807970353249,N < 100,2 k̂ > 0.70,2.240147806411816,-17.330413047871218,4.069998820593861,0.35039383706710275,sub-0247
2,-1.222870431488496,1.3438958849073441,0.8185740634385943,N < 100,3 k̂ > 0.70,2.224369109857323,-17.712958984262443,4.215381722637038,2.2137133018494607e-16,sub-0247
3,-3.7672998392160713,2.305358892109707,0.9488862118445709,N < 100,,1.4528544461869255,-20.257388391990013,4.094486090959618,0.0,sub-0247
0,0.0,0.0,,,,1.2616196089456777,-21.487737447949122,3.6228090657382244,1.0,sub-0248
1,-3.1793393616861962,1.7908059017187414,0.9620814219160633,N < 100,,1.613895155125775,-24.66707680963532,4.128494208219518,0.0,sub-0248
2,-3.7728212125455887,1.6992465958036362,0.9868004755747255,N < 100,,1.9842142919242178,-25.26055866049471,4.2669495801663695,0.0,sub-0248
3,-3.793473753205367,2.676962960606229,0.9217703986213457,N < 100,2 k̂ > 0.70,2.817567065987729,-25.281211201154488,5.685391581589959,1.0547118733938987e-15,sub-0248
0,0.0,0.0,,,2 k̂ > 0.70,1.250265473876683,-13.88782592055469,2.5434916501089093,1.0,sub-0249
1,-1.3195534172187546,0.899218470113475,0.9288724448084311,N < 100,1 k̂ > 0.70,0.6605204554833604,-15.207379337773444,2.0464637742665026,8.548717289613705e-15,sub-0249
2,-4.961795566508434,2.119782441116723,0.9903764398466208,N < 100,4 k̂ > 0.70,2.109594821468214,-18.849621487063125,3.7352921377691217,0.0,sub-0249
3,-7.162158110768061,1.3059827955252408,0.9999999792226246,N < 100,,0.9053633371044251,-21.04998403132275,2.635350475621954,0.0,sub-0249
0,0.0,0.0,,,,2.151281689254042,-18.938886573286364,4.891521241807789,0.6116101762194025,sub-0250
1,-0.4652220816829473,1.7300333367957794,0.6060002661853816,N < 100,2 k̂ > 0.70,3.1196401684512143,-19.404108654969313,5.863154132474387,0.3883898237805978,sub-0250
2,-1.1436551938540775,0.7674137620123755,0.9319236259654673,N < 100,1 k̂ > 0.70,2.495291148406936,-20.08254176714044,4.904607152665405,0.0,sub-0250
3,-2.8392193770714194,2.0418643889276153,0.917811966352889,N < 100,,2.064372248457522,-21.778105950357784,4.709094156592581,0.0,sub-0250
0,0.0,0.0,,,,1.2105766204610764,-20.64668058355574,3.6413581591243136,0.812724807349291,sub-0251
1,-0.7514386627531255,1.5879345544454453,0.6819710476267704,N < 100,1 k̂ > 0.70,1.974992143501117,-21.39811924630887,5.043373966242776,0.18727519265070908,sub-0251
2,-1.954300042195566,1.95321164544883,0.8414795429161237,N < 100,,0.7909180220333412,-22.60098062575131,4.239737084102784,0.0,sub-0251
3,-3.049421718600721,1.7686273035869235,0.9576618076621304,N < 100,,1.3669966663500068,-23.696102302156465,3.8157219491632315,4.809520837145698e-16,sub-0251
0,0.0,0.0,,,,1.190376526167057,-23.17221190462334,3.3611391743448937,0.6483074104283698,sub-0252
1,-0.8635110980608527,2.5186432121018094,0.6341434903462547,N < 100,,1.1256308996482784,-24.035723002684193,3.9491814053281287,0.35169258957162935,sub-0252
2,-1.0257848325408894,2.2809224558706798,0.6735451514274164,N < 100,,1.2388222747033402,-24.197996737164225,3.2701293368732385,2.4956194391635765e-16,sub-0252
3,-1.5998263663250611,2.3379267810785525,0.7531048406281972,N < 100,4 k̂ > 0.70,2.838439168260972,-24.7720382709484,4.771544764533773,5.121771062821523e-16,sub-0252
0,0.0,0.0,,,,1.4367318167888086,-22.729462486299475,3.85603181527808,0.6792777280355231,sub-0253
1,-1.2111495061897468,1.7343124767665694,0.7575194592892998,N < 100,,1.4189067351976439,-23.940611992489224,3.7258642258347634,0.07953685390040051,sub-0253
2,-1.4282232346791375,1.340711262368271,0.8566237501117131,N < 100,,1.8344987588465036,-24.157685720978616,4.343217339693393,6.481630275942557e-16,sub-0253
3,-2.516112305975522,3.1902164511425335,0.7848552706812464,N < 100,3 k̂ > 0.70,2.0041880810001844,-25.245574792274997,6.0026010500240154,0.24118541806407576,sub-0253
0,0.0,0.0,,,,1.614115176565097,-16.945895108686464,4.082623246903316,0.3365112493663885,sub-0254
1,-0.5261933524307452,3.1001540494192557,0.5673892935652014,N < 100,,0.9246487794878814,-17.47208846111721,4.131489276219554,0.3806290628362002,sub-0254
2,-1.338326629053178,2.917087936809074,0.6768070014242753,N < 100,4 k̂ > 0.70,4.902113226091654,-18.284221737739642,6.413602368599935,0.28285968779741233,sub-0254
3,-1.4899403170416026,3.127230180877843,0.6831198437499961,N < 100,,1.5644423373488305,-18.43583542572807,4.063130730701436,0.0,sub-0254
0,0.0,0.0,,,,2.1212526204419166,-20.87717213081735,4.921674934951187,0.458197932998948,sub-0255
1,-0.8416742926873741,0.9082568900739159,0.822956734864257,N < 100,1 k̂ > 0.70,2.594640425165832,-21.71884642350473,4.785002745329751,0.0,sub-0255
2,-1.1484852619622057,2.318448769676011,0.6898298002590475,N < 100,3 k̂ > 0.70,3.4519959453494318,-22.025657392779554,6.580313932522104,0.43695144631617033,sub-0255
3,-5.195424494267559,3.513842237358897,0.9303709456835529,N < 100,,1.7894744990192941,-26.072596625084913,4.153114066883706,0.10485062068488198,sub-0255
0,0.0,0.0,,,,1.9326295762592425,-19.77241251675155,4.886385572710904,0.9600443372068398,sub-0263
1,-0.9061616119592699,0.9691957060283446,0.8250961797204666,N < 100,,2.489153289938743,-20.678574128710817,5.109936023800814,2.601558221609968e-16,sub-0263
2,-2.159125882241332,1.4791539588991856,0.9278141796694559,N < 100,,2.220586366990053,-21.931538398992885,5.325301830898859,5.114874836010371e-17,sub-0263
3,-2.28898382180855,2.2195293144128834,0.8487981508186546,N < 100,,1.7847534872537416,-22.0613963385601,4.667257363703072,0.03995566279316004,sub-0263
0,0.0,0.0,,,,1.4795007413940886,-21.592661292484745,4.000424928226162,0.5441541833992997,sub-0264
1,-0.4062267045999164,2.015380494576913,0.579870923180932,N < 100,2 k̂ > 0.70,2.0088832164089716,-21.998887997084665,5.327946437964258,0.45584581660070017,sub-0264
2,-0.9499618805383179,1.3941172578437429,0.7521931437624809,N < 100,,1.574989014234745,-22.54262317302306,4.29551103483582,1.8819294004294497e-16,sub-0264
3,-2.2451715137935757,1.9879411186752627,0.8706344594002952,N < 100,,1.6151348000875685,-23.83783280627832,4.430286768555965,0.0,sub-0264
0,0.0,0.0,,,,1.8796809737527669,-19.703096615312816,4.597199012871963,0.7272093695244395,sub-0265
1,-0.09845483762570417,0.5591096243996508,0.5698892413238509,N < 100,,2.401546112628881,-19.801551452938515,4.561871760961914,5.687294831741586e-16,sub-0265
2,-1.752267151113962,2.926859553525084,0.7253085463791151,N < 100,,1.6918580974308282,-21.45536376642677,4.1354454562810465,0.27279063047555996,sub-0265
3,-6.572448059763029,2.921170015113993,0.9877735228179014,N < 100,4 k̂ > 0.70,5.63018029369524,-26.275544675075835,5.41652479936627,8.88954874428062e-17,sub-0265
0,0.0,0.0,,,1 k̂ > 0.70,3.0974738094987893,-17.626258298821156,6.048315903702456,0.0,sub-0266
1,-0.11952712152626077,0.9158167235823469,0.5519202047722878,N < 100,1 k̂ > 0.70,3.568411006212357,-17.74578542034742,6.659615451700164,0.8801152204346181,sub-0266
2,-0.7748006807666137,1.611479741676622,0.6846709441458138,N < 100,1 k̂ > 0.70,3.0125921657447696,-18.401058979587773,6.141825068824104,0.0,sub-0266
3,-6.63707314793597,4.440418575238407,0.9325030202457797,N < 100,,1.8127470590483519,-24.263331446757128,4.524144877662011,0.1198847795653826,sub-0266
0,0.0,0.0,,,,1.7765315742746428,-20.65095189440084,4.477080883051862,0.7823140649161802,sub-0267
1,-1.9339539902409637,2.5432241529065633,0.7765023820786119,N < 100,4 k̂ > 0.70,3.5608342107418496,-22.584905884641806,6.030383658015611,0.17096803668449354,sub-0267
2,-4.50732505614876,2.2539600880658446,0.9772356088871881,N < 100,,4.076412490178676,-25.1582769505496,4.548390694121297,0.0,sub-0267
3,-5.223684072081923,3.166912238044349,0.9504729291596068,N < 100,,1.8328010232786653,-25.874635966482764,4.274815520619474,0.04671789839933312,sub-0267
0,0.0,0.0,,,,1.9552975962758512,-24.736082444912064,4.419464239049071,0.7348118613092024,sub-0268
1,-0.24095198788718086,1.0577435463525315,0.5900984045960072,N < 100,,1.5770628314090216,-24.97703443279924,3.669478267692442,0.26518813869079766,sub-0268
2,-4.958892197918193,2.425225800390326,0.9795584494071927,N < 100,,0.8128921653113811,-29.694974642830253,3.5884632135693324,1.9653466080768304e-16,sub-0268
3,-6.332007264123771,2.4523429906202794,0.9950888553700413,N < 100,,1.8331761162652902,-31.06808970903584,3.505778636484515,0.0,sub-0268
0,0.0,0.0,,,1 k̂ > 0.70,2.031813166040921,-16.56596956794175,4.390089231043178,1.0,sub-0269
1,-1.2380578203949355,1.7024864524376713,0.7664500167668418,N < 100,3 k̂ > 0.70,3.3260052595622716,-17.804027388336685,5.555394985547051,7.244205235679146e-15,sub-0269
2,-3.9360639722649493,2.190375620768761,0.9638307036293582,N < 100,1 k̂ > 0.70,1.6006342712047106,-20.5020335402067,4.670123664757357,0.0,sub-0269
3,-4.706039158140015,2.320456066466793,0.9787232680923664,N < 100,,1.9205162750974365,-21.272008726081765,4.4643880848409605,0.0,sub-0269
0,0.0,0.0,,,1 k̂ > 0.70,2.683600597347915,-15.3823217529513,5.4198459437457425,0.9390150513456448,sub-0270
1,-0.8455222528266866,0.4681515849995992,0.964547584597389,N < 100,1 k̂ > 0.70,3.122546876785319,-16.22784400577799,5.536928097828346,0.0,sub-0270
2,-3.030637090259072,2.0301743646278214,0.9322547619520118,N < 100,1 k̂ > 0.70,2.621254664904387,-18.412958843210372,5.508169557718947,0.0,sub-0270
3,-11.057096435747324,4.874883739468121,0.9883407725230672,N < 100,,1.9950456106410983,-26.439418188698625,4.3616609071885115,0.06098494865435621,sub-0270
0,0.0,0.0,,,1 k̂ > 0.70,1.7334773664733807,-24.20321975586875,3.9163580772798836,0.9999999999999989,sub-0271
1,-1.0960052457249851,0.6191334810794981,0.9616551237290856,N < 100,,1.9400182283902783,-25.299225001593737,3.9942025863284925,1.1102230246251565e-15,sub-0271
2,-3.487747246747235,0.9478422641408901,0.9998832322604407,N < 100,,1.8348509779324775,-27.690967002615988,3.7290113231373425,0.0,sub-0271
3,-3.506368251193816,1.5138881610905652,0.9897245306691607,N < 100,,1.9238445819033674,-27.70958800706257,3.9919670817540847,1.3877787807814457e-16,sub-0271
0,0.0,0.0,,,1 k̂ > 0.70,1.6333059344907968,-14.364226250543629,4.107158739572162,0.9999999999999987,sub-0272
1,-0.8313657539363337,0.5239901998896326,0.9436989940106791,N < 100,,2.0436861373718633,-15.195592004479963,4.400767547356937,1.124100812432971e-15,sub-0272
2,-6.745017273444592,2.543128981874459,0.9960021502130622,N < 100,,1.3031969538930523,-21.10924352398822,3.056650579124991,0.0,sub-0272
3,-8.940783477057503,3.5934752323572807,0.9935779044061203,N < 100,,2.016969020195496,-23.305009727601128,4.606543882955997,7.806255641895632e-16,sub-0272
0,0.0,0.0,,,,2.067043777280686,-24.655764074374662,4.423734281316685,0.6253470357250416,sub-0273
1,-0.530854258377504,1.339551723953101,0.6540553583896379,N < 100,,1.9160965682540492,-25.186618332752165,4.498239079574898,0.21577718008711405,sub-0273
2,-1.472817168934025,1.5547534273909756,0.8282569112437895,N < 100,,1.9415437132904316,-26.128581243308687,4.32801155463089,2.8650118156902106e-17,sub-0273
3,-1.972263234882945,2.388759954158324,0.7954967180672803,N < 100,,1.4968760923048376,-26.628027309257604,3.4866746955871877,0.15887578418784445,sub-0273
0,0.0,0.0,,,,1.8926850599674176,-24.55311878352397,4.290819212307981,0.7214760202500711,sub-0274
1,-0.47667226483958025,1.7522328380985404,0.6072032370604309,N < 100,,2.1979030657175387,-25.02979104836356,4.227421711523952,4.085808049610886e-17,sub-0274
2,-0.539772927986311,1.1067998742061236,0.6871145450763465,N < 100,,1.942115575982942,-25.092891711510283,4.398762556461075,0.0,sub-0274
3,-1.2864633579188993,2.809973065711056,0.6764593074808943,N < 100,,1.8603793162485158,-25.83958214144287,4.423379974983669,0.278523979749929,sub-0274
0,0.0,0.0,,,8 k̂ > 0.70,2.382473882811509,-12.213041886353698,3.9192007317742235,0.9604059253717144,sub-0276
1,-4.3672839372077314,3.3133586723064012,0.9062621786978197,N < 100,3 k̂ > 0.70,2.459634383274052,-16.58032582356143,5.056511613982862,0.03959407462826702,sub-0276
2,-6.227335045313521,3.031732064085635,0.9800146662357937,N < 100,1 k̂ > 0.70,3.38157307833882,-18.440376931667217,4.85731434931663,0.0,sub-0276
3,-9.835367933429534,3.4331320059181123,0.9979138886017943,N < 100,,1.826495428360651,-22.04840981978323,4.411844787306323,2.0725775781579758e-14,sub-0276
0,0.0,0.0,,,,1.920838801680791,-27.743311663903103,4.1740576778060525,0.6298849763515598,sub-0277
1,-0.7915687370102749,2.4309404688357312,0.627644979294596,N < 100,,2.3425248285086764,-28.53488040091338,4.302217967059833,0.37011502364844284,sub-0277
2,-1.0089734384271711,0.7326363754195573,0.9157719671005244,N < 100,,2.262117475996211,-28.752285102330276,4.125235689478896,0.0,sub-0277
3,-5.287200073577379,2.5104138331888013,0.9824024692667953,N < 100,,2.025770016270866,-33.03051173748049,3.86290897225963,0.0,sub-0277
0,0.0,0.0,,,,1.610002381523609,-19.629871841996284,4.126780826360477,0.6231325805271645,sub-0278
1,-0.6583708955677476,1.9732114080246734,0.6306798619461723,N < 100,,1.042929564838142,-20.288242737564033,4.436463980293179,0.30664957026875705,sub-0278
2,-1.219673259099718,2.028893187254944,0.7261306344131184,N < 100,1 k̂ > 0.70,3.1621538085459076,-20.849545101096002,5.813628911451441,0.07021784920407842,sub-0278
3,-1.6010347888732923,1.9124070622770508,0.7987551599337339,N < 100,,1.8908728469954603,-21.230906630869576,4.478130465466694,1.0783745858083948e-16,sub-0278
0,0.0,0.0,,,1 k̂ > 0.70,1.6656095232049222,-20.572349521490587,3.4169820640781157,0.8263876666916269,sub-0279
1,-2.9799465956840123,3.10689814814478,0.8312555896117002,N < 100,,1.597972429950607,-23.5522961171746,3.887355768821727,7.227004465630896e-16,sub-0279
2,-4.067853859916738,3.678898540747037,0.8655774389817834,N < 100,,2.7090023822498304,-24.640203381407318,4.281569220043473,0.17361233330837425,sub-0279
3,-8.994226181442425,4.269561643500303,0.9824235376861742,N < 100,,1.9888950049014311,-29.566575702933005,3.958002653421403,0.0,sub-0279
0,0.0,0.0,,,,1.848531555865941,-30.352681499940047,3.7537910203412914,0.8152710984050529,sub-0280
1,-0.12856412822740104,0.40838465811031494,0.6235475557272074,N < 100,,1.9836021558501151,-30.481245628167446,3.6574817703619136,3.918617240731026e-16,sub-0280
2,-0.2843787574721617,0.9595800837169932,0.6165214619608388,N < 100,,2.010579225050339,-30.63706025741221,4.210510610583398,0.18472890159494684,sub-0280
3,-0.7120107990923508,0.7076240819876544,0.8428401262582869,N < 100,,1.6977938935821006,-31.0646922990324,3.687365097011839,0.0,sub-0280
0,0.0,0.0,,,,1.9178795540714946,-23.924655122245795,4.499557762729087,0.9556860292184917,sub-0281
1,-1.0782752428075426,1.6570141504298366,0.7423908547245447,N < 100,,1.8997411086760263,-25.002930365053345,4.391183856018175,0.044313970781508366,sub-0281
2,-1.313473970836946,1.5589677965253559,0.8002537544298683,N < 100,1 k̂ > 0.70,3.042141158804639,-25.238129093082755,5.493109630250088,1.2433005085641029e-17,sub-0281
3,-1.4139077233952868,1.1081210436993787,0.8990135108371824,N < 100,,2.5758139426223847,-25.338562845641086,4.363895504015349,1.734723475976807e-17,sub-0281
0,0.0,0.0,,,1 k̂ > 0.70,1.4408516782422556,-11.021267047156286,3.4057239120156226,1.0,sub-0282
1,-1.7571793178248036,1.1039173903272252,0.9442814708144428,N < 100,,2.1384413100643798,-12.77844636498109,3.580820495694967,6.106226635438361e-15,sub-0282
2,-4.626326433443829,1.310477408886743,0.9997924245353088,N < 100,,1.412991186514152,-15.647593480600115,3.329499823523801,0.0,sub-0282
3,-6.12719947488965,3.1043573168002956,0.9757944392721958,N < 100,,1.659368193577658,-17.148466522045936,4.21283926800557,0.0,sub-0282
0,0.0,0.0,,,,2.291332550691383,-21.386912931307386,4.70638867071433,0.0,sub-0283
1,-0.17110789077675825,1.1325768562754588,0.5600430614169354,N < 100,,2.2471229377794466,-21.558020822084146,4.906746742494678,0.6490436266767529,sub-0283
2,-1.1124503439318172,1.512897807172804,0.7689249335748577,N < 100,,1.8251451391523457,-22.499363275239205,4.419112119930732,0.3509563733232519,sub-0283
3,-2.8403133853632294,1.5145083468959841,0.9696313435525622,N < 100,,1.7707937486335217,-24.22722631667062,4.294447216321265,0.0,sub-0283
0,0.0,0.0,,,,1.27898910292259,-41.090827783814916,1.9887475333458982,1.0,sub-0284
1,-0.6025719496227939,0.27650413425648357,0.9853434916049735,N < 100,,1.8530911083067116,-41.693399733437715,1.720105843798314,0.0,sub-0284
2,-1.1398370216387814,0.9181407986220163,0.892782458216201,N < 100,,1.3570170830310915,-42.2306648054537,2.7318479913924456,1.8315080870057213e-16,sub-0284
3,-1.1925944786761278,0.8418192231032184,0.9217127926460547,N < 100,,1.1653677602951995,-42.283422262491044,2.4711628120845446,4.163336342344337e-17,sub-0284
0,0.0,0.0,,,5 k̂ > 0.70,3.0289620202445358,-11.751968568862365,4.081653597086104,0.0,sub-0285
1,-0.36962150891601375,2.330787482475874,0.563000990448025,N < 100,4 k̂ > 0.70,2.3906366266522365,-12.121590077778379,4.7030238896252685,0.8636177679269232,sub-0285
2,-5.2292466029810525,5.399871536420213,0.8335781890757796,N < 100,10 k̂ > 0.70,3.775722902184771,-16.981215171843417,7.359467076164865,4.9517984668168866e-17,sub-0285
3,-6.768994594356046,3.4027419798773764,0.9766646529651686,N < 100,,1.7408879681584564,-18.52096316321841,4.162235364639317,0.13638223207307704,sub-0285
0,0.0,0.0,,,1 k̂ > 0.70,1.2123199518232024,-16.084937730420343,2.875902783373505,0.9999999999999984,sub-0287
1,-0.43739306872299455,0.7363371017053421,0.7237479539377911,N < 100,1 k̂ > 0.70,0.8300807939598567,-16.522330799143333,2.6239291428806397,2.3869795029440866e-15,sub-0287
2,-4.218014297153114,2.3663449637128307,0.9626662858384378,N < 100,,1.5912169413447905,-20.302952027573454,3.312614543665775,0.0,sub-0287
3,-8.562956165179578,2.578674262618804,0.9995510104042332,N < 100,,1.3687308330144103,-24.647893895599914,3.517645540466213,0.0,sub-0287
0,0.0,0.0,,,2 k̂ > 0.70,1.7139303837710371,-19.733325442290358,4.792124056520381,0.5935270395154861,sub-0288
1,-0.29774449071333287,2.4086203022207786,0.5491904177176626,N < 100,1 k̂ > 0.70,1.5794368048146792,-20.031069933003685,3.978393867856058,0.3904756442679629,sub-0288
2,-4.158459430923003,3.692621807188274,0.8699497502897562,N < 100,,2.9389096886413166,-23.89178487321336,4.5204672135339266,1.1549123992158674e-17,sub-0288
3,-4.271600562474871,4.095594811640591,0.8515199264859016,N < 100,,2.0733424608298145,-24.004926004765228,4.622846200816545,0.015997316216550993,sub-0288
0,0.0,0.0,,,1 k̂ > 0.70,2.5291398387073913,-21.330618753143938,5.584034802169914,0.9076490312300488,sub-0289
1,-0.5001624230829558,0.8713974360332818,0.7170084481082805,N < 100,,2.5610327785165277,-21.830781176226893,5.77832942955781,1.6395735491765543e-17,sub-0289
2,-2.752669233769515,2.4775393550205393,0.866726510722575,N < 100,,1.9250863139553986,-24.08328798691345,4.597015151276192,0.09235096876995001,sub-0289
3,-3.6670056103332316,1.7920114326277976,0.9796369142495126,N < 100,,3.861027899390799,-24.99762436347717,5.027320690709839,1.1424258213814196e-15,sub-0289
0,0.0,0.0,,,7 k̂ > 0.70,1.048414918455522,-5.993376153947294,2.601761588110744,1.0,sub-0290
1,-0.4665403310359775,0.6105833249934546,0.7775930569451042,N < 100,3 k̂ > 0.70,1.1020743393247534,-6.459916484983271,2.5392531229575317,7.771561172376096e-16,sub-0290
2,-7.020714284055434,1.9396011239296735,0.999852510013198,N < 100,1 k̂ > 0.70,1.8119939784403887,-13.014090438002729,3.5821144089714734,0.0,sub-0290
3,-7.4177333346846,2.4952990861299553,0.9985239544633697,N < 100,,1.7818104483600128,-13.411109488631894,3.552923851766149,1.2073675392798577e-15,sub-0290
0,0.0,0.0,,,2 k̂ > 0.70,2.179093061772213,-18.809144282189557,4.85416136787627,1.0,sub-0291
1,-0.6992969178380273,0.6543681232174908,0.8573885075352689,N < 100,2 k̂ > 0.70,2.5216174592036236,-19.508441200027583,4.891743876084805,0.0,sub-0291
2,-4.161559774174792,2.189300537872588,0.9713400018487109,N < 100,,1.7582039819765116,-22.970704056364347,4.035307728615875,0.0,sub-0291
3,-5.193435983016613,2.9575811747798566,0.9604535856631494,N < 100,,1.8534718472013074,-24.00258026520617,4.412530297480291,4.145989107584569e-16,sub-0291
0,0.0,0.0,,,1 k̂ > 0.70,1.5107148483679071,-14.26183802104655,3.8533184775417526,1.0,sub-0292
1,-0.566701219914405,0.5102824691326536,0.8666219164304179,N < 100,1 k̂ > 0.70,1.5293182487551773,-14.828539240960955,3.8769837342348,0.0,sub-0292
2,-5.758968078943747,2.494017849335127,0.9895313335512116,N < 100,,1.8016943666143335,-20.020806099990295,4.559545499507351,0.0,sub-0292
3,-6.3665048597968585,2.189324482810004,0.9981811235290609,N < 100,,1.3828405999571585,-20.628342880843405,3.242221817660175,0.0,sub-0292
0,0.0,0.0,,,1 k̂ > 0.70,1.0142424215873143,-14.83214968590163,3.111721582865076,0.9174697895536137,sub-0293
1,-2.225975151611074,2.453709834890508,0.8178462017094027,N < 100,1 k̂ > 0.70,3.154819890828192,-17.058124837512707,3.805880220583487,0.0,sub-0293
2,-3.4951696331290396,1.423515614040285,0.9929618086622191,N < 100,4 k̂ > 0.70,1.4348418802519234,-18.32731931903067,3.271429397188934,0.0,sub-0293
3,-6.129063772769202,4.171728720952143,0.929109422790694,N < 100,1 k̂ > 0.70,1.6494474703450606,-20.961213458670827,4.555579728752587,0.08253021044638831,sub-0293
0,0.0,0.0,,,2 k̂ > 0.70,1.9755731083325583,-28.803963363198292,4.594675317319062,0.8877215636613354,sub-0294
1,-0.6901050801012314,1.2107868603254652,0.7156489866194169,N < 100,5 k̂ > 0.70,1.2593804298832745,-29.494068443299522,3.5500634681406953,0.044511894034861534,sub-0294
2,-1.5965585192351117,1.8409076028508262,0.8071021489410788,N < 100,,2.4998282512503978,-30.400521882433402,3.6946909769672747,0.06776654230380319,sub-0294
3,-1.8001217580027937,1.4447501978715027,0.8936131027430627,N < 100,,2.07897111924299,-30.60408512120108,3.3620687484093175,3.8794108984246956e-19,sub-0294
0,0.0,0.0,,,2 k̂ > 0.70,3.388295472748357,-18.52937866747633,6.304887551353917,0.0,sub-0295
1,-0.23986219354585003,1.0857597861528485,0.5874212542782825,N < 100,1 k̂ > 0.70,3.6572604483896907,-18.769240861022176,7.024386548474522,0.7921962299111013,sub-0295
2,-2.6479530637033797,4.289257422867799,0.7314965151110773,N < 100,1 k̂ > 0.70,1.8480924209558571,-21.177331731179706,4.542782986724525,0.20780377008890782,sub-0295
3,-3.727657642693181,2.118666206360197,0.9607482610004974,N < 100,,2.365192817937286,-22.25703631016951,5.2434113636504,0.0,sub-0295
0,0.0,0.0,,,1 k̂ > 0.70,2.299627308630994,-19.90963310051942,4.924771281121957,0.7218476519383514,sub-0296
1,-0.9081794309356495,1.7980858507745061,0.6932491114020797,N < 100,,2.949559158362671,-20.81781253145507,4.901482298415568,0.0,sub-0296
2,-1.7194270461472474,2.89955029754862,0.7234086991019459,N < 100,,2.1332457550295776,-21.62906014666667,4.946659794053062,0.2781523480616494,sub-0296
3,-2.0751537021605095,1.6039442466861904,0.9021295809536592,N < 100,1 k̂ > 0.70,3.193584408360757,-21.984786802679935,5.2023341423037,0.0,sub-0296
0,0.0,0.0,,,,1.5023095990277078,-19.78371291313474,3.8878731868837457,0.9337091007550624,sub-0297
1,-1.5725078046069,1.1415789012268442,0.915818824279292,N < 100,,2.3556535929830598,-21.356220717741643,3.922433166336647,7.288336319264366e-16,sub-0297
2,-3.063290522734378,2.8801364812406702,0.856243247627558,N < 100,,3.5730944968698206,-22.84700343586912,5.457437840608233,0.06629089924493878,sub-0297
3,-7.399173667787615,3.5673539394397533,0.9809666126357774,N < 100,,1.9810700759567512,-27.182886580922357,4.325248392734734,1.5226917132097885e-16,sub-0297
0,0.0,0.0,,,,1.7138701658729574,-23.85987313463673,3.9736838899059177,0.354371868724519,sub-0298
1,-0.6009438139165022,2.982574001009733,0.5798403071567803,N < 100,8 k̂ > 0.70,3.365167470848807,-24.46081694855323,5.881390030330309,0.520077739128574,sub-0298
2,-2.7447861722803033,2.879053506098008,0.8297971806257655,N < 100,,1.9378194841562526,-26.604659306917036,4.415285991566894,0.12555039214690628,sub-0298
3,-3.303567704543516,2.597837631775318,0.8982531284727787,N < 100,,2.507806862407428,-27.163440839180243,4.150979430646559,8.707769748317329e-16,sub-0298
0,0.0,0.0,,,,1.361283277249901,-18.6669229887759,4.651449216967257,0.43350032100761954,sub-0299
1,-0.021378663511351093,1.6095171243631132,0.5052988575649402,N < 100,1 k̂ > 0.70,2.2404643003046405,-18.68830165228725,5.503289709793656,0.56649967899238,sub-0299
2,-1.6698357309742207,1.947308132064594,0.8044183886819947,N < 100,,0.7283512229576357,-20.336758719750126,3.967118309531108,4.511955676674793e-16,sub-0299
3,-4.33884668075417,1.6873740359226428,0.9949350068434443,N < 100,,2.779433686345593,-23.005769669530068,5.215858719294755,1.4647571350279165e-16,sub-0299
0,0.0,0.0,,,,3.0750793144184905,-23.6693459656067,5.46691031718196,0.6507097194625712,sub-0300
1,-1.126384807045869,2.922906754482059,0.650016348771008,N < 100,,2.4088612469441295,-24.79573077265257,4.389982050701138,2.780785674298531e-16,sub-0300
2,-1.6770241695042616,3.637643576813111,0.6776076478389141,N < 100,,1.9836934388046543,-25.34637013511096,4.398793686464604,0.2754723000310033,sub-0300
3,-1.7419513934882973,3.1751327014650665,0.7083679619203164,N < 100,,2.3394106531106127,-25.411297359094995,4.65400937361423,0.07381798050642524,sub-0300
0,0.0,0.0,,,,2.1006940216688994,-28.799560044517406,3.9182871846436607,0.5501501870044169,sub-0301
1,-0.11899842389457582,1.901119112847962,0.5249550490197411,N < 100,,1.8843825283761522,-28.918558468411987,4.065086225866239,0.44984981299558285,sub-0301
2,-1.6204146469570437,1.6901676801746996,0.8311526372729536,N < 100,,4.519289592079934,-30.419974691474454,5.0783340189580235,4.765999447824057e-16,sub-0301
3,-1.8238756529257873,2.0788312033467204,0.8098534293666041,N < 100,,2.410885124799099,-30.6234356974432,3.7069746718658165,0.0,sub-0301
0,0.0,0.0,,,1 k̂ > 0.70,1.9600988958598855,-21.538214456567097,4.398724408425216,0.8533071849596932,sub-0303
1,-0.4652050946292272,1.527919780456909,0.6196149177252109,N < 100,1 k̂ > 0.70,0.9961420632994775,-22.003419551196323,3.0107927684124998,0.0,sub-0303
2,-4.600509376421413,2.209950255989877,0.9813162161841816,N < 100,,1.3796791743207744,-26.138723832988504,3.573455192053642,0.0,sub-0303
3,-4.940227873154199,3.8684409622860896,0.8992093148590521,N < 100,,1.3631830262533327,-26.478442329721293,2.3342926697918718,0.1466928150403408,sub-0303
0,0.0,0.0,,,,1.7270947182418497,-26.636968537644087,3.5495105342184217,0.9999999999999982,sub-0304
1,-0.9817842357788882,0.42843142905483667,0.9890350102880685,N < 100,,1.9038333656912318,-27.618752773422976,3.5641197135164724,0.0,sub-0304
2,-1.268277114300009,0.3990271152945096,0.9992596082633929,N < 100,,1.6352674067304085,-27.905245651944096,3.6566549189406574,0.0,sub-0304
3,-7.527186513897869,2.3539910793201617,0.9993071841945368,N < 100,,1.5413841628260916,-34.164155051541954,3.2851409773360976,6.2727600891321345e-15,sub-0304
0,0.0,0.0,,,,0.8437240823380451,-38.76842527233761,2.4881216564919795,0.9999999999999999,sub-0305
1,-0.8937567790971634,0.7062022062749703,0.8971686076525391,N < 100,,1.2286887782481377,-39.662182051434776,2.6878336643385583,1.6653345369377348e-16,sub-0305
2,-0.9591817194306262,0.9053665851738968,0.8553003158435396,N < 100,,1.324634156502816,-39.72760699176824,2.1899420079564997,8.754626393391421e-17,sub-0305
3,-3.210198598159552,2.3960251245751825,0.9098450928611391,N < 100,,1.3893972542861501,-41.97862387049717,0.8516598322947669,0.0,sub-0305
0,0.0,0.0,,,2 k̂ > 0.70,2.254082804894879,-14.29174597809446,4.740124115775221,0.9599142320431558,sub-0306
1,-0.8300432832098537,0.5305506859870363,0.9411491814612745,N < 100,5 k̂ > 0.70,2.483009977161371,-15.121789261304313,4.750098946914303,7.256676666734759e-15,sub-0306
2,-3.9563589038219558,1.544219592474057,0.9947970967901676,N < 100,1 k̂ > 0.70,1.9010618777771215,-18.24810488191642,4.141188388340827,1.1980750530168484e-14,sub-0306
3,-4.117952733605456,2.8552730021430386,0.9253808722666383,N < 100,2 k̂ > 0.70,2.0609389462221426,-18.409698711699917,4.61535960000396,0.04008576795682497,sub-0306
0,0.0,0.0,,,,1.0335819432006774,-16.419376417208852,3.4936715017446307,0.9999999999999972,sub-0307
1,-0.34105700780234116,0.8505539440390067,0.65578339240728,N < 100,,1.5595411863490192,-16.760433425011193,4.213522124211959,6.584142953069971e-15,sub-0307
2,-3.49821612887205,1.87356950463323,0.9690589638576894,N < 100,,1.315590613740165,-19.9175925460809,3.219122479097292,4.1690873518353444e-16,sub-0307
3,-3.978956180391183,1.6419682374706492,0.992309562083138,N < 100,,1.3490850688800902,-20.39833259760003,4.138383764205327,0.0,sub-0307
0,0.0,0.0,,,,1.6279583971771419,-19.25708102680809,4.571078548908198,1.0,sub-0309
1,-1.672856132717806,1.5591231372098784,0.8583524999016185,N < 100,,1.7763370469695048,-20.929937159525895,4.740246029726438,7.494005416219807e-16,sub-0309
2,-2.645361432460952,1.7988599877709361,0.9292971740649347,N < 100,,1.9390358215619132,-21.902442459269043,5.101375045136563,0.0,sub-0309
3,-3.1800459007324156,3.081475626522824,0.8489611328900133,N < 100,1 k̂ > 0.70,3.536908247941421,-22.437126927540504,6.845232486182219,0.0,sub-0309
0,0.0,0.0,,,,1.7387502925571623,-16.41168880855736,4.2902636469791195,0.5813043409168046,sub-0310
1,-0.9740409543499373,2.8035345420722844,0.6358670494673941,N < 100,5 k̂ > 0.70,3.569368016286,-17.3857297629073,5.7438419936970435,0.4186956590831952,sub-0310
2,-1.6096046772382486,1.1774574430061908,0.9141900561885483,N < 100,,2.672730012389398,-18.02129348579561,4.4284757466648434,5.330582189766539e-16,sub-0310
3,-6.620652503503589,3.412727812102675,0.9738094525912888,N < 100,,1.8713902536509222,-23.03234131206095,4.582495847661009,0.0,sub-0310
0,0.0,0.0,,,2 k̂ > 0.70,2.38499966248033,-24.690342837432098,2.96157009537732,0.8302260233065651,sub-0311
1,-2.8697419992262727,2.9331728084292106,0.8360554760787811,N < 100,,1.5545325784939537,-27.560084836658373,3.432927886024658,5.386720134858592e-17,sub-0311
2,-3.378777799620236,3.3003136717525114,0.8470291600199489,N < 100,,1.79712746142959,-28.069120637052336,3.7696528057853476,0.1697739766934348,sub-0311
3,-4.284654712831907,3.3525884932138643,0.8993777383055037,N < 100,,1.5606270250932681,-28.974997550264007,3.6181765817998994,0.0,sub-0311
0,0.0,0.0,,,,4.375099288813469,-27.31552448548686,5.564546436523348,0.8214561665295415,sub-0312
1,-2.7852613260257613,3.110994619456429,0.8146855856696447,N < 100,,1.8162890857867553,-30.100785811512623,4.025589560048844,0.1785438334704585,sub-0312
2,-3.3304599617808606,3.089856170510892,0.8594538734409487,N < 100,,2.0844566268834135,-30.64598444726773,3.8691714991430333,0.0,sub-0312
3,-3.716447162936605,3.185168529468565,0.8783539523659738,N < 100,,2.507158937260828,-31.03197164842347,3.890882891778408,1.1622647289044608e-16,sub-0312
0,0.0,0.0,,,,1.810603555587654,-27.5435932702201,4.269041862059753,1.0,sub-0313
1,-1.0594653531307987,0.3948468501575272,0.9963542708709822,N < 100,,2.1636426562312714,-28.6030586233509,4.364996510424565,4.718447854656915e-16,sub-0313
2,-1.1816955153007136,0.47020749550027446,0.9940168450049924,N < 100,,1.8632975417493163,-28.725288785520817,4.527947941256329,4.440892098500626e-16,sub-0313
3,-5.9005834953818574,2.3146274684694794,0.9946023858273518,N < 100,,1.638316017600637,-33.444176765601966,3.6562755314847877,0.0,sub-0313
0,0.0,0.0,,,1 k̂ > 0.70,2.4131996699682507,-22.22866606698104,5.15251366238218,0.6928491360919198,sub-0314
1,-0.9967805708473625,1.342090258634283,0.7711706217944511,N < 100,,2.5070602620783355,-23.2254466378284,4.796007606942854,2.197667816272995e-16,sub-0314
2,-1.8667130990942544,2.465039196206851,0.7755575031686941,N < 100,,2.0144272001140013,-24.095379166075297,4.651521820726489,0.0,sub-0314
3,-2.1713057034172643,3.2893649642980303,0.7454047698102926,N < 100,,5.991392099821959,-24.399971770398306,6.153972821037465,0.30715086390807994,sub-0314
0,0.0,0.0,,,,1.8243667328385897,-25.331760479341042,4.232804859461987,0.48236621668685065,sub-0315
1,-0.2909978156960218,1.3955637542260462,0.5825870786729649,N < 100,,1.8812553595590331,-25.622758295037066,4.378354238768605,1.9031698726993525e-17,sub-0315
2,-0.6348485579355438,2.9456974829328426,0.5853179594307742,N < 100,,3.578993631838016,-25.96660903727659,6.0234429458048835,0.5176337833131495,sub-0315
3,-1.2514304177608526,1.9945816009447224,0.7348063815529329,N < 100,,1.5297633945094622,-26.583190897101897,4.297810843090649,0.0,sub-0315
0,0.0,0.0,,,2 k̂ > 0.70,3.034892703476688,-23.16752145169429,4.396565237685669,0.1702357149500968,sub-0317
1,-2.4564131773387405,2.444567081311779,0.8425144678329146,N < 100,,1.7108920377440022,-25.62393462903303,4.139306260039328,0.3688846778065109,sub-0317
2,-2.485126986240151,3.10955785476037,0.7879098234373727,N < 100,,2.541928321319596,-25.652648437934438,4.983564550805177,0.0,sub-0317
3,-3.465073862582451,4.38873480864808,0.7851012493186633,N < 100,1 k̂ > 0.70,3.4075512951748497,-26.63259531427674,6.527231275402764,0.46087960724339255,sub-0317
0,0.0,0.0,,,,1.293405687174413,-19.394152941725075,4.247565711228978,0.6661365493952157,sub-0318
1,-0.6234185852609588,1.4392390255412681,0.6675501790168912,N < 100,1 k̂ > 0.70,2.729036274379943,-20.01757152698603,5.373340244016304,0.18804458152515158,sub-0318
2,-1.8245868400330956,2.3554112663030784,0.780722670759356,N < 100,,1.29216323544864,-21.218739781758167,3.7701663987373015,0.14581886907963423,sub-0318
3,-3.4421502992767756,1.678177384077073,0.979872575004911,N < 100,,1.5149911171761348,-22.836303241001847,4.023065368248927,0.0,sub-0318
0,0.0,0.0,,,,1.7504545645788312,-23.522244118533834,1.8519772383997797,1.0,sub-0319
1,-3.330339211937078,1.0955482941694017,0.9988166517199935,N < 100,,0.7795862366903861,-26.85258333047091,1.3248815666851994,5.273559366969494e-16,sub-0319
2,-3.744361269024221,1.113351510310005,0.9996146989918379,N < 100,,0.8518829461690015,-27.26660538755805,1.321193100884692,0.0,sub-0319
3,-11.179540388313901,1.5729949941298107,0.9999999999994078,N < 100,1 k̂ > 0.70,1.6046930773106458,-34.70178450684774,0.3586108044840244,0.0,sub-0319
0,0.0,0.0,,,,1.4503004190351483,-18.682435087907656,3.693338764898741,0.6474668249460391,sub-0320
1,-0.15083457479390816,1.1720445855506818,0.5511999290967807,N < 100,,0.948945079372521,-18.83326966270156,2.819327159098833,0.352533175053943,sub-0320
2,-2.849949721353628,1.7350190976859587,0.9497675782301371,N < 100,,1.6567019491329047,-21.53238480926128,3.702657129621396,1.107192279859638e-15,sub-0320
3,-3.731925457557905,0.8703884649563752,0.9999909715375032,N < 100,,1.1803394549758277,-22.41436054546556,3.33080151174657,1.6738238399482963e-14,sub-0320
0,0.0,0.0,,,1 k̂ > 0.70,3.98433484694058,-30.406501965282615,6.545820958051889,0.7590334579342692,sub-0321
1,-0.9345708808943956,3.4377054954806385,0.6071347479805982,N < 100,,2.1071981783020437,-31.34107284617701,3.7910707289559977,1.0553641385170588e-16,sub-0321
2,-1.2704358936110678,3.954714969061507,0.6259879673406118,N < 100,5 k̂ > 0.70,0.7879460776422524,-31.676937858893684,3.7533736508032947,0.24096654206573048,sub-0321
3,-2.1480427473769597,3.9774225349260144,0.7054218199709694,N < 100,,1.7260987179503378,-32.55454471265956,3.7354363991823125,7.830771032250414e-17,sub-0321
0,0.0,0.0,,,,1.6395119710844095,-24.109860228648973,4.383274179018182,0.7532452811622468,sub-0323
1,-0.41650706042605457,1.0424577501037782,0.6552535552428691,N < 100,,2.0035395774782017,-24.526367289075026,4.914275453874338,0.06389820803486809,sub-0323
2,-0.45842453923253146,0.7810871559551206,0.7213664944394685,N < 100,,2.05575289222857,-24.568284767881508,4.550732573480196,1.1260676603480886e-16,sub-0323
3,-0.7776664235003476,1.5947387810594904,0.6870993490832109,N < 100,,1.7358402736841734,-24.88752665214932,4.490584210767898,0.18285651080288504,sub-0323
0,0.0,0.0,,,,2.2481880478650242,-20.6578135277599,4.3465732175963865,0.7582641594558054,sub-0324
1,-1.0382686824855547,2.0943546510617916,0.6899633109149539,N < 100,,1.0400067869844767,-21.696082210245457,3.164516151000705,0.24173584054419417,sub-0324
2,-2.732081144069234,1.7973050370431447,0.9357569209045717,N < 100,,1.2051062493691984,-23.389894671829133,3.6094673613293287,5.558097404459203e-16,sub-0324
3,-3.4568574894356754,2.9360696404150883,0.8804772377680639,N < 100,,1.882959354059448,-24.114671017195576,3.9389428399522934,0.0,sub-0324
0,0.0,0.0,,,,1.253172655212961,-20.4710752802863,3.6637040389213396,0.5463091489284269,sub-0327
1,-0.09015686766028708,1.1853044254027467,0.5303151953018936,N < 100,,1.8689813514642788,-20.561232147946587,4.212410101453263,0.45369085107157764,sub-0327
2,-1.2218323378828932,2.102677740951774,0.7194080704729898,N < 100,,1.7303819712070032,-21.692907618169194,4.345886232639327,0.0,sub-0327
3,-2.0081590256842823,0.93025299732347,0.9845641885583962,N < 100,,1.8434676626606712,-22.479234305970582,4.239606724271645,0.0,sub-0327
0,0.0,0.0,,,,1.7136332039599789,-17.539251834024732,4.284365159661705,0.9387116391487632,sub-0328
1,-0.5923163946343895,1.300706735928806,0.6755822145767327,N < 100,,0.9373070903829186,-18.13156822865912,3.054402876174467,0.010949732481608717,sub-0328
2,-4.337860805231852,2.6609313383804496,0.9484708013704244,N < 100,,1.1670373259282205,-21.877112639256584,3.0307845508552447,0.050338628369615786,sub-0328
3,-7.686852279547415,2.3983252775241044,0.9993249025557546,N < 100,,1.2131824877335036,-25.226104113572145,3.447600306939995,1.2259765143178558e-14,sub-0328
0,0.0,0.0,,,,1.008418990729503,-14.870652208008812,3.2977858143283023,0.8577470089328948,sub-0329
1,-0.2426659427821125,0.8393934818843407,0.6137463366321121,N < 100,,1.6009374120660236,-15.113318150790924,3.8760320724842288,0.14225299106710454,sub-0329
2,-4.640200734108891,2.110501933235904,0.9860476744674971,N < 100,,1.4580085264387566,-19.5108529421177,3.4633745911796545,9.39173525143912e-16,sub-0329
3,-8.793542537300768,3.3989466938522295,0.9951611521004948,N < 100,,1.5764682676900805,-23.66419474530958,4.0582732372177395,0.0,sub-0329
0,0.0,0.0,,,1 k̂ > 0.70,0.9090964981908332,-17.605246367695926,2.8712037116404687,1.0,sub-0331
1,-2.7361577302568385,1.2495289864188683,0.9857288610343681,N < 100,,1.1436013485067806,-20.341404097952765,3.377854457193217,2.220446049250313e-16,sub-0331
2,-2.7486028302990544,1.58754583998905,0.9583056204690862,N < 100,,2.1445918747382953,-20.353849197994982,3.927934345803871,0.0,sub-0331
3,-5.273085641223518,3.0875636854176265,0.9561676100968299,N < 100,2 k̂ > 0.70,3.0559572532108534,-22.878332008919447,4.975408723736684,0.0,sub-0331
0,0.0,0.0,,,1 k̂ > 0.70,2.698179413863242,-22.944360628328,4.559897578590569,0.35708193768678764,sub-0332
1,-1.0977202197172193,2.1819452573391613,0.6925503682199828,N < 100,,1.6267390463715636,-24.04208084804522,4.153016146045479,0.328314396172457,sub-0332
2,-3.201875371661062,2.9218152177391286,0.8634281003869404,N < 100,,2.391643924130915,-26.146235999989067,4.986818383038295,2.919681267905433e-16,sub-0332
3,-3.2370505395525644,3.8983178572652197,0.7968355037258905,N < 100,,1.9662057632281689,-26.181411167880565,4.4696320661168585,0.3146036661407551,sub-0332
0,0.0,0.0,,,3 k̂ > 0.70,1.7798525532215455,-18.321523870032497,3.4347185702095637,0.5838899296689102,sub-0333
1,-0.5397098200884347,2.9110583167134036,0.5735422930068699,N < 100,3 k̂ > 0.70,1.3097720964278166,-18.861233690120933,3.8353916131435835,0.4161100703310925,sub-0333
2,-2.590589256347199,2.448803413755147,0.8549494940311516,N < 100,4 k̂ > 0.70,1.3958712133696833,-20.912113126379698,3.5912427060592296,0.0,sub-0333
3,-4.532219595091464,2.4318383433667314,0.9688181487867794,N < 100,1 k̂ > 0.70,1.5370736151812527,-22.853743465123962,3.9798802696552933,0.0,sub-0333
0,0.0,0.0,,,,1.256983306741723,-20.078370189341584,3.7267698954921915,0.8141098099554285,sub-0334
1,-0.33931848298695755,1.0618381159708694,0.6253481551263735,N < 100,,1.954165867745803,-20.417688672328545,4.546494419532566,0.1858901900445707,sub-0334
2,-1.3818000785715228,1.4239050538652294,0.8340838814822114,N < 100,,1.4684424925706265,-21.460170267913107,4.149447303739072,1.0166230390442e-15,sub-0334
3,-3.7348647643849464,1.4720357410411424,0.9944130152609588,N < 100,,1.5514569071750777,-23.813234953726536,3.8335899031853584,0.0,sub-0334
0,0.0,0.0,,,,1.742516121861734,-19.09225630357969,3.3611076533007456,0.7316874451120158,sub-0335
1,-0.9324101482399652,1.4444016659158783,0.7407093507552953,N < 100,,0.887657982830196,-20.024666451819648,2.8262572846698477,2.6896428296733717e-15,sub-0335
2,-1.4702663650956413,2.6356584963504424,0.711521963130031,N < 100,,1.212080648605275,-20.562522668675328,2.8019250578415162,0.268312554887979,sub-0335
3,-4.511997464685493,1.8757715012763008,0.991922810455345,N < 100,,1.24244460962349,-23.60425376826518,3.458537766327373,2.574574030681278e-15,sub-0335
0,0.0,0.0,,,,1.2674703774230225,-25.938705303643786,2.201865939755427,0.687693238878407,sub-0337
1,-0.8906437215902567,2.1617275848088675,0.6598323154078249,N < 100,,1.569101226013286,-26.82934902523404,2.4015783817300855,0.3123067611215975,sub-0337
2,-2.3782309466179683,0.8946122420163019,0.9960742864387222,N < 100,,1.0572379651983965,-28.316936250261755,1.9125270008355677,0.0,sub-0337
3,-3.139874355416449,1.12456982480939,0.9973813748947916,N < 100,,1.0559149141791997,-29.07857965906023,1.9334789982166272,0.0,sub-0337
0,0.0,0.0,,,,1.672759263363354,-21.309077918797556,4.270487433476818,0.8371749501043305,sub-0339
1,-0.8170631553565526,1.0583982070732898,0.7799371173590943,N < 100,,2.3733226601527044,-22.126141074154106,4.510354978767305,2.0760780840402837e-16,sub-0339
2,-0.8592355396644926,1.7093456499001376,0.6924015927213816,N < 100,1 k̂ > 0.70,2.288386469410935,-22.16831345846205,4.785892803859869,0.09581827830062287,sub-0339
3,-2.6614153737165474,2.6781891815396617,0.8398245096898942,N < 100,,1.874271011527799,-23.970493292514107,4.547907829841415,0.06700677159504656,sub-0339
0,0.0,0.0,,,,1.5195821238214517,-20.7471376938363,4.240534426642417,0.9537059413956099,sub-0340
1,-0.8449140336221461,1.0563053115100682,0.7881088880531044,N < 100,1 k̂ > 0.70,2.622520610756821,-21.592051727458454,4.948047965537751,2.368908542270975e-16,sub-0340
2,-2.245818558884306,1.5068848786145177,0.9319367336296808,N < 100,,1.5792355698601126,-22.992956252720607,4.114739438732677,2.9409570808493077e-16,sub-0340
3,-5.33998605172326,3.253255270848352,0.949645755297912,N < 100,,1.6673593896358687,-26.08712374555956,4.124181837844031,0.046294058604389524,sub-0340
0,0.0,0.0,,,,1.5665231094810135,-19.331281442440556,5.44812843737469,0.916787739812842,sub-0341
1,-3.87005369192169,2.549481543335493,0.935489869261108,N < 100,,1.5932365246905689,-23.20133513436225,4.113047241983482,1.5887346227162193e-15,sub-0341
2,-7.0938651418664875,3.763966198687589,0.9702633531615593,N < 100,,1.9295533545104966,-26.425146584307043,4.314701389741443,3.605232966703276e-16,sub-0341
3,-7.227515512956293,3.9555586577808692,0.966163604080707,N < 100,1 k̂ > 0.70,1.849244135915122,-26.55879695539685,3.9152342902562993,0.0832122601871561,sub-0341
0,0.0,0.0,,,,1.7691707402023746,-21.076655714858248,4.217203099133806,0.9462729273174719,sub-0342
1,-1.108946870464635,0.894597162995559,0.8924391839758951,N < 100,,2.215606151570632,-22.185602585322886,4.262162745992274,2.637163769485629e-16,sub-0342
2,-1.4242665255474982,2.119152472275674,0.7492376009647714,N < 100,2 k̂ > 0.70,3.2786502999083407,-22.500922240405743,5.676548512552281,0.05372707268252779,sub-0342
3,-6.130782321091887,2.895753628104734,0.9828769900858519,N < 100,,2.134223288869471,-27.20743803595014,4.475381264131675,1.9167333292940486e-17,sub-0342
0,0.0,0.0,,,,1.6291414862851312,-21.477260634624194,3.8400861977003657,0.9999999999999988,sub-0343
1,-0.7225285828454471,0.3960835062055451,0.9659377534453424,N < 100,,1.8421741230229098,-22.199789217469636,3.9090968051731263,0.0,sub-0343
2,-1.7990555948566342,0.4909940150245096,0.99987589946658,N < 100,,1.69276162588057,-23.276316229480834,3.9273480548751047,2.6606593289233814e-15,sub-0343
3,-3.8801757745845418,1.7189837961842505,0.9880037638841714,N < 100,,1.6951478755274412,-25.357436409208738,3.843477951120747,0.0,sub-0343
0,0.0,0.0,,,,1.7405043200769983,-22.4295331599993,4.493682419245044,0.8907036396386521,sub-0344
1,-0.5900875807123693,0.5760524990657282,0.8471683671995631,N < 100,1 k̂ > 0.70,2.4546717177255952,-23.019620740711666,4.618213537891636,0.0,sub-0344
2,-2.8371542104571876,2.820305870688673,0.842785947109772,N < 100,,2.0324498599690837,-25.266687370456484,4.643734401219969,0.10929636036135242,sub-0344
3,-5.951825666034696,2.595499727505459,0.9890798209371474,N < 100,,3.705021109509185,-28.381358826033996,5.5905757400126195,0.0,sub-0344
0,0.0,0.0,,,1 k̂ > 0.70,3.333328138405255,-25.062056526252235,6.570404727209604,0.826203424787713,sub-0345
1,-0.838962230788109,1.4368603360437961,0.7203513991253438,N < 100,1 k̂ > 0.70,2.5469233495237957,-25.901018757040344,6.383937418776706,0.09982342418055558,sub-0345
2,-3.8676952955225685,2.799143566345928,0.9164745917590966,N < 100,5 k̂ > 0.70,6.302491622189437,-28.9297518217748,9.039837204903165,0.0,sub-0345
3,-8.37890063922321,4.293549900835943,0.9745017278990376,N < 100,,3.606023631530717,-33.440957165475446,5.254848202421664,0.07397315103173202,sub-0345
0,0.0,0.0,,,1 k̂ > 0.70,1.443883448933822,-11.120651111348847,3.4399291832196512,0.737365608429083,sub-0346
1,-0.1476110950852476,0.797566561003552,0.5734156147811849,N < 100,,0.9101917366947592,-11.268262206434095,2.9988651300655085,0.26263439157093066,sub-0346
2,-2.049571551689807,1.6168484462576311,0.8975356013667385,N < 100,,1.1433526630085706,-13.170222663038654,3.06468575793424,1.1370406641448805e-14,sub-0346
3,-7.060058340911862,1.7946110797726311,0.9999582337622006,N < 100,1 k̂ > 0.70,4.457280000846098,-18.180709452260714,5.001056021333214,0.0,sub-0346
0,0.0,0.0,,,1 k̂ > 0.70,1.158366569875263,-15.552740237076483,3.3892950467321925,0.7197582095203278,sub-0348
1,-0.6842078694795983,1.7315917943761128,0.6536273783066031,N < 100,5 k̂ > 0.70,1.3554376645072364,-16.23694810655608,4.3427189886237985,0.28024179047967274,sub-0348
2,-6.122624610090227,3.2221464404968576,0.97129456473869,N < 100,,2.0463156804222145,-21.675364847166716,4.643351342984946,0.0,sub-0348
3,-7.113783859170967,3.2475937381624824,0.9857552193318668,N < 100,,2.030847513325163,-22.66652409624745,4.750283884394551,0.0,sub-0348
0,0.0,0.0,,,,1.8535798985525591,-39.30549248639498,1.4084787667461196,0.46460644844825877,sub-0349
1,-0.19465465360145906,2.5886048025199155,0.5299709126792301,N < 100,,1.263863834127895,-39.50014713999643,1.9568812431129408,5.72154445095258e-17,sub-0349
2,-0.2959676914197811,3.0528740659513316,0.5386158502791769,N < 100,9 k̂ > 0.70,0.2553149230929089,-39.601460177814765,2.713270879598198,0.5353935515517423,sub-0349
3,-1.1708312532201024,3.0011088397717702,0.6517808569400335,N < 100,,1.2500272219807376,-40.47632373961509,2.5247969897335336,0.0,sub-0349
0,0.0,0.0,,,1 k̂ > 0.70,2.282989993295358,-17.781516352450026,4.0885765995150605,0.878318079234008,sub-0350
1,-2.8425773919581747,2.6346927853625504,0.8596844670930448,N < 100,,0.765537143449068,-20.6240937444082,2.1085849197056623,0.12168192076599156,sub-0350
2,-4.35406828081649,2.714593756550382,0.9456372852223722,N < 100,,1.0888447584749636,-22.13558463326652,3.8676685305895058,0.0,sub-0350
3,-4.573415340218588,1.8022916925236772,0.9944185179398066,N < 100,,0.9664240443590209,-22.354931692668615,2.5295519987403536,1.1089761921267982e-15,sub-0350
0,0.0,0.0,,,1 k̂ > 0.70,1.4391306033709057,-26.23167102080857,2.3390729178866954,0.9999999999999983,sub-0351
1,-2.310063505077901,1.8550876091996593,0.8934816167002276,N < 100,,0.9545614774333306,-28.541734525886465,1.803609250692655,0.0,sub-0351
2,-2.754581208431757,1.240811043793061,0.986790088016896,N < 100,,2.1753119861678147,-28.986252229240325,2.0576094206755413,1.4710455076283324e-15,sub-0351
3,-2.8853282948170165,1.7406115876902803,0.9513061371736288,N < 100,,1.0037042069448008,-29.116999315625584,1.7639465948106912,6.106226635438361e-16,sub-0351
0,0.0,0.0,,,,1.7364383088422641,-24.054777887182752,4.281841636508856,0.8301515582783391,sub-0352
1,-0.84387481186649,1.6134623841919842,0.6995202022829192,N < 100,,1.8476138825599624,-24.898652699049237,4.270758918364707,0.1698484417216608,sub-0352
2,-1.0946178583186725,1.4945024554640503,0.7680468058421372,N < 100,,1.9222826044913288,-25.149395745501423,4.557344373555679,6.635063000259048e-16,sub-0352
3,-1.2270367909749798,1.085964915215011,0.8707417946157996,N < 100,,2.313591643115934,-25.28181467815773,4.4114768099421555,0.0,sub-0352
0,0.0,0.0,,,,1.6365245791640814,-23.524789030243817,3.854255733085378,0.9506618148173996,sub-0353
1,-0.5885791668134424,1.1099485855733593,0.7020397299598244,N < 100,,1.2203071293420493,-24.113368197057255,3.4296752910435346,0.049338185182600636,sub-0353
2,-2.409563818347676,1.5197721301955296,0.9435710052406908,N < 100,,1.1678141395018131,-25.934352848591484,3.3852830210438007,0.0,sub-0353
3,-3.292112864271302,2.269576952169722,0.9265460471347097,N < 100,,1.5409020730562277,-26.81690189451511,3.4730955795155873,0.0,sub-0353
0,0.0,0.0,,,,1.8680658212880954,-20.720449837305768,4.415339349365414,0.6396132744754311,sub-0354
1,-0.4571730347614782,1.9432041691972732,0.5929994902739963,N < 100,,1.914366929914672,-21.177622872067246,4.26969354965547,0.36038672552456835,sub-0354
2,-0.8440407520413356,1.2920992858524316,0.743196676107458,N < 100,,2.3966784586347445,-21.564490589347105,4.4480418381021956,1.1129008745091213e-16,sub-0354
3,-3.146329999059052,2.7247416909605544,0.8758986699531452,N < 100,,2.044786982661211,-23.86677983636482,4.682170024623671,4.451603498036485e-16,sub-0354
0,0.0,0.0,,,,1.248951884629039,-15.824641493682721,2.8594385774452578,1.0,sub-0355
1,-0.8628483409014542,0.8260648482140611,0.8518795477257233,N < 100,,0.7224454743357043,-16.687489834584174,2.36562668048987,0.0,sub-0355
2,-2.905850904796038,2.393770578571938,0.8876112553898126,N < 100,1 k̂ > 0.70,1.4346632056919284,-18.73049239847876,3.9978712397682763,1.3824971587804437e-14,sub-0355
3,-10.161771046704114,2.303035345515888,0.9999948869916943,N < 100,,1.3929979501335257,-25.986412540386834,3.620450357161501,0.0,sub-0355
0,0.0,0.0,,,,2.0324329691621985,-21.844361607683673,4.911513583457259,0.5825852621418676,sub-0356
1,-1.4462043760872456,1.700014868080502,0.8025322707645676,N < 100,,2.7044625558467046,-23.290565983770925,5.09293428917368,3.1549469076711356e-16,sub-0356
2,-2.8219595643099202,4.081490022464497,0.7553442342582346,N < 100,,2.6593216075003934,-24.666321171993594,5.367030931107715,0.22448187777581113,sub-0356
3,-3.0812308554909595,4.363340909950359,0.7599566790997624,N < 100,4 k̂ > 0.70,5.18835968406649,-24.925592463174638,7.636617430197727,0.19293286008232105,sub-0356
0,0.0,0.0,,,,1.5405692274826062,-21.863470538315596,4.353124849738945,0.7470905018866847,sub-0357
1,-0.3978457838824099,1.0610128378828725,0.6461578399316065,N < 100,,2.153980505638147,-22.261316322198,4.5787148174487085,2.7564012018400344e-16,sub-0357
2,-2.5433931679051005,3.520321141308143,0.7650030454208558,N < 100,,2.483399538121951,-24.406863706220697,5.447377082437695,0.25290949811331503,sub-0357
3,-2.6855155759141596,3.1888228362447033,0.800152251009524,N < 100,,1.820548829936367,-24.548986114229756,4.547125273873021,0.0,sub-0357
0,0.0,0.0,,,,2.01961392084084,-23.981144858769504,3.5949871335240093,0.5822023172587392,sub-0358
1,-0.18930977129982374,1.6395501960318206,0.5459615039546045,N < 100,1 k̂ > 0.70,0.7749923252306891,-24.170454630069322,3.617362441801785,0.41779768274126083,sub-0358
2,-1.202748142951421,1.431963341630349,0.7995260202609309,N < 100,,1.0230719419015422,-25.18389300172092,2.6409700078986607,7.2922082610848e-16,sub-0358
3,-3.393110133218359,2.023995963020908,0.9531740934661823,N < 100,,1.0274205443186226,-27.37425499198786,2.5814598274398355,0.0,sub-0358
0,0.0,0.0,,,,1.802714112766697,-29.90220193903652,4.028491359112752,0.9999999999999981,sub-0359
1,-2.1635365719061728,1.506729725427369,0.9244868067759542,N < 100,,2.1762916924302873,-32.065738510942694,3.9328305127883847,0.0,sub-0359
2,-2.16689030837162,1.331229273449229,0.9482096014003277,N < 100,,2.103328143866653,-32.069092247408136,3.7439016186562837,0.0,sub-0359
3,-4.089806573685607,1.5429752645200123,0.9959825248934167,N < 100,2 k̂ > 0.70,3.984508926798663,-33.99200851272213,4.279246761618321,2.6367796834847468e-15,sub-0359
0,0.0,0.0,,,8 k̂ > 0.70,1.8169182934325225,-18.05842628024159,4.67592804679048,0.7169686795605754,sub-0360
1,-0.5276827212944672,0.7331221174865732,0.7641681247358354,N < 100,,0.9850919279231892,-18.58610900153605,4.4496397177070826,1.8309438842573696e-16,sub-0360
2,-1.2035964711584333,1.3260730253050643,0.8179656836184712,N < 100,,1.2545567031897036,-19.262022751400018,3.863357656316108,0.0,sub-0360
3,-2.0950760746070003,4.122017103244641,0.6943661633675665,N < 100,,1.4132664031332771,-20.15350235484859,3.880846217479091,0.2830313204394245,sub-0360
0,0.0,0.0,,,1 k̂ > 0.70,1.2172639969624843,-25.308328906613298,2.7503695358144937,1.0,sub-0361
1,-2.791445292241046,1.782665070834329,0.9413120186515668,N < 100,,0.9132614185864518,-28.099774198854348,2.9347292997844896,0.0,sub-0361
2,-4.223578897078805,1.4302468610091716,0.9984267037101464,N < 100,,0.951475603558398,-29.531907803692103,1.8865200040849186,0.0,sub-0361
3,-5.605055064006906,1.97870367441857,0.9976920971919677,N < 100,,1.0108348816095418,-30.913383970620202,1.8553090842143263,0.0,sub-0361
0,0.0,0.0,,,,1.1641841583579609,-18.38283706086622,3.734731026545037,0.9999999999999994,sub-0362
1,-1.5918965751909866,1.5716186958709362,0.8444466434214718,N < 100,,2.5494665126370957,-19.974733636057206,4.647727841047869,2.498001805406602e-16,sub-0362
2,-3.6487025003258946,2.2612285221012747,0.9466921312160437,N < 100,,2.230816626197507,-22.031539561192115,4.629144436989947,5.551115123125783e-16,sub-0362
3,-3.796103080421533,2.4025841955760785,0.9429475223864169,N < 100,,1.596772702080302,-22.178940141287754,4.425546986650348,0.0,sub-0362
0,0.0,0.0,,,,2.5359303076825492,-24.27454202586329,5.225736223802509,0.6712560790807575,sub-0363
1,-0.5157340270299873,1.6656041872352636,0.621581798578474,N < 100,,2.547914784675231,-24.79027605289327,4.690999478333729,2.274060466731884e-15,sub-0363
2,-0.5654508124162341,2.694464762939702,0.5831101437955406,N < 100,,1.9687062121504817,-24.83999283827952,4.626134630090452,0.32874392091923577,sub-0363
3,-4.751376977093367,1.5521252022797818,0.9988977678924237,N < 100,,3.494617584573822,-29.02591900295665,4.799647039659257,4.535938673380104e-15,sub-0363
0,0.0,0.0,,,,1.4946818462514577,-20.97405812622906,4.221959433435838,0.5338121589146708,sub-0364
1,-0.5304112616522545,2.191580761676602,0.5956185306594753,N < 100,1 k̂ > 0.70,2.1733849469127695,-21.504469387881315,5.778706240677582,0.42943370941399883,sub-0364
2,-0.7811779179575957,1.4539271579673776,0.7044657254169027,N < 100,,1.4477914659873312,-21.75523604418666,4.2416678297601615,0.0,sub-0364
3,-1.8686796187677857,2.4497255480228906,0.7772121863936086,N < 100,,1.6864784453365531,-22.84273774499685,4.8568919366834855,0.03675413167133046,sub-0364
0,0.0,0.0,,,1 k̂ > 0.70,0.908527418968795,-11.483169373615766,2.932187424002094,0.8991014800662992,sub-0366
1,-0.28334743639765314,0.867260859565267,0.6280584058779821,N < 100,1 k̂ > 0.70,1.4532344867613871,-11.76651681001342,3.5340197967382307,0.10089851993369539,sub-0366
2,-3.7392016263110204,2.556619862670293,0.9282056468639697,N < 100,1 k̂ > 0.70,1.2892562999127333,-15.222370999926786,2.7964235124554806,0.0,sub-0366
3,-10.626124656622988,3.861452212830383,0.9970369875670153,N < 100,,1.8470451198782378,-22.109294030238754,4.583306122341722,1.3645334862033565e-14,sub-0366
0,0.0,0.0,,,,2.401206053954559,-25.61369130683653,5.061642322767674,0.8277734314686948,sub-0367
1,-1.9767152138562931,2.5895724773777506,0.7773686328487837,N < 100,,1.1543531202900605,-27.59040652069281,4.243265075225961,0.1722265685313053,sub-0367
2,-2.7227944065794967,2.637342760905132,0.8490577685139624,N < 100,2 k̂ > 0.70,4.80541537202165,-28.336485713416018,7.382097488273037,0.0,sub-0367
3,-2.9175171633195696,2.789967386731853,0.8521542135223635,N < 100,,1.9713805520658267,-28.53120847015609,4.253922267716995,4.586175189613684e-17,sub-0367
0,0.0,0.0,,,,1.5693534552451296,-17.817621160330496,4.436237930715021,0.9999999999999984,sub-0368
1,-1.8583790245783653,1.7543881831454475,0.8552626542516766,N < 100,5 k̂ > 0.70,2.8301205925238797,-19.676000184908865,6.037534446866346,0.0,sub-0368
2,-3.4912920704695445,2.811739037399949,0.8928234578767122,N < 100,,1.3031479673145772,-21.308913230800044,4.79359969590239,6.106226635438361e-16,sub-0368
3,-4.511572531935011,2.722151419229963,0.9512761851741465,N < 100,,1.9892598187974602,-22.329193692265513,4.854141404919439,1.609823385706477e-15,sub-0368
0,0.0,0.0,,,,1.5037518655075313,-23.825914815803245,4.198593889061775,0.08824087973952244,sub-0369
1,-0.36109925525133946,1.384718482539873,0.6028667907812593,N < 100,1 k̂ > 0.70,1.3010368071328346,-24.187014071054588,4.557876289621096,0.27116454660177713,sub-0369
2,-0.36874552877997147,2.581349030015462,0.5567956485964899,N < 100,,1.5694171074391634,-24.19466034458322,4.10678686898295,0.22433788560450338,sub-0369
3,-0.5598481912011097,3.0869957378894095,0.5719563038549498,N < 100,2 k̂ > 0.70,4.688829109611402,-24.385763007004357,5.702897335876518,0.4162566880541971,sub-0369
0,0.0,0.0,,,6 k̂ > 0.70,1.5188750101561306,-14.37763207550877,3.012658651819836,0.8736950925288457,sub-0371
1,-1.5683053312088298,1.8199032487900528,0.8055880081630551,N < 100,,0.9586537235650031,-15.945937406717599,3.087228243557058,0.0,sub-0371
2,-2.5836611046170717,2.68710104306434,0.8318508451800115,N < 100,,2.5862738766894724,-16.961293180125843,3.7190645106650417,0.12630490747115428,sub-0371
3,-7.013302121258569,3.8961027359655986,0.9640761080483125,N < 100,,1.550521248342428,-21.39093419676734,4.113288048529588,1.0014410585718897e-16,sub-0371
0,0.0,0.0,,,2 k̂ > 0.70,2.6235972546694666,-24.20767452245768,4.533672681529049,0.7565491563618915,sub-0372
1,-2.5402537752436416,3.2973306110955765,0.7794677985640622,N < 100,,1.900073635855985,-26.74792829770132,3.988550440111049,0.24345084363810854,sub-0372
2,-4.040874795260837,3.235431413714375,0.8941573427566745,N < 100,1 k̂ > 0.70,1.1185768084821492,-28.248549317718517,4.109706708391442,1.9995122998935502e-17,sub-0372
3,-4.988607577664288,3.714578681707461,0.9103608926615938,N < 100,,1.9733720085725346,-29.196282100121966,4.263870003806375,4.174178364069192e-18,sub-0372
0,0.0,0.0,,,1 k̂ > 0.70,1.2726336228601793,-16.354208952565713,3.567441727014094,0.9999999999999997,sub-0373
1,-1.1140022716573519,1.1154203004872263,0.841036934234944,N < 100,,2.099438676812698,-17.46821122422307,3.941262835374187,0.0,sub-0373
2,-3.294034218505832,1.8563077782649606,0.9620104741082771,N < 100,,1.8599758298685347,-19.64824317107154,4.024993565912713,0.0,sub-0373
3,-5.877092990911027,3.3088699195442643,0.9621469892404491,N < 100,,1.9764303931440859,-22.231301943476744,4.686140599406773,1.9984014443252818e-15,sub-0373
0,0.0,0.0,,,,2.0836842125153865,-26.063499154273075,4.250834654111466,2.5040194612651957e-17,sub-0374
1,-0.232766163301239,0.7663741920955726,0.61933087835527,N < 100,,1.9586459335159956,-26.29626531757431,4.266217232629913,0.5543515111521764,sub-0374
2,-0.3016985494035662,0.8567179447473995,0.637639444475148,N < 100,,2.0644032573091575,-26.365197703676635,4.190807634786186,0.09219137629583886,sub-0374
3,-0.5603218431502821,1.4283863638934917,0.6525728924468355,N < 100,,2.1539977367121836,-26.623820997423355,4.592732991367406,0.3534571125519847,sub-0374
0,0.0,0.0,,,,1.383486911012731,-18.476635440660445,3.737813908255041,0.8561404349955934,sub-0375
1,-0.6635050649593222,1.3752895495740982,0.6852559730342009,N < 100,,2.1189605642551346,-19.14014050561976,4.222132952421276,0.14385956500440186,sub-0375
2,-2.887700898279819,1.4304303823657014,0.978244105979047,N < 100,6 k̂ > 0.70,1.831876153165178,-21.364336338940255,4.046001136278976,5.030021580573118e-15,sub-0375
3,-3.398457310316653,2.4982406211407606,0.9131388640637785,N < 100,,1.6449640179539724,-21.875092750977092,4.270967848334163,0.0,sub-0375
0,0.0,0.0,,,,1.1924657308893511,-37.34309322404397,2.89566113392154,1.0,sub-0376
1,-0.9556840533876887,0.6338418978818439,0.9341925422608722,N < 100,1 k̂ > 0.70,2.1299400840515013,-38.29877727743167,2.287475713777627,0.0,sub-0376
2,-2.4039376907685703,1.4082296384840318,0.9560948929728317,N < 100,,1.3168231009657498,-39.74703091481255,3.6624764790365543,0.0,sub-0376
3,-4.1427547293940865,2.014232459571238,0.9801444328507449,N < 100,,1.6117013075350868,-41.48584795343806,2.821626985887903,3.0531133177191805e-16,sub-0376
0,0.0,0.0,,,,1.3974661564535604,-18.300981566550615,3.776588961823409,0.929158862875185,sub-0377
1,-0.3141245711825249,0.8317697507870901,0.6471576954724372,N < 100,,0.9218803802192546,-18.61510613773314,3.1272346150624473,0.07084113712481446,sub-0377
2,-4.31793256399108,1.4443903504512672,0.9986025985381198,N < 100,,1.2749110806993575,-22.618914130541693,3.685707465381889,1.525320477254153e-16,sub-0377
3,-4.948554689214111,1.7303845589419289,0.9978804622951327,N < 100,,1.1840775545939224,-23.249536255764724,3.084376221832815,3.0379344873043834e-16,sub-0377
0,0.0,0.0,,,,1.4575017056188375,-16.89462786842098,3.463895276877144,0.921690221711967,sub-0378
1,-2.2209529922998215,1.5231738521090237,0.927594703331657,N < 100,,0.7310908634763498,-19.1155808607208,2.4052509014217787,9.994483742169313e-16,sub-0378
2,-3.506106302468388,2.858273534206857,0.8900232496559171,N < 100,,1.4310095585516516,-20.400734170889365,2.819645251719073,0.07830977828803092,sub-0378
3,-6.623997275817652,1.742463896872358,0.9999280920910208,N < 100,,1.0404647701793408,-23.518625144238634,3.155507645256619,9.562420772076868e-16,sub-0378
0,0.0,0.0,,,,2.1352758203569646,-25.895758279932284,3.575682373804834,0.8547666742914829,sub-0379
1,-1.6472572639812295,2.118862706698064,0.7815460252774926,N < 100,,0.8941854429077667,-27.543015543913512,1.7636720376303798,0.14523332570851658,sub-0379
2,-4.006080278464649,1.717703579641924,0.990155709643388,N < 100,,0.8844706399769993,-29.90183855839694,1.998605217350007,0.0,sub-0379
3,-6.9159930121179745,2.527056333581598,0.9968977957522126,N < 100,,0.48355449842068404,-32.81175129205026,1.2730136268064252,8.96201515776518e-16,sub-0379
0,0.0,0.0,,,,1.1783816043918998,-17.93752344182436,3.654638858226687,0.8183224656358282,sub-0380
1,-0.7381535131654999,1.5609149806314544,0.6818570104904668,N < 100,,2.4014565269108137,-18.675676954989868,4.371186228976379,0.1816775343641719,sub-0380
2,-1.6428687763357281,1.5140946514269171,0.861050299463725,N < 100,,1.6328413328128568,-19.580392218160092,3.964018570574506,3.352454417987481e-17,sub-0380
3,-4.920546981447467,3.4399090124784784,0.9237030922615888,N < 100,,1.8252470216357761,-22.858070423271833,4.614820831944307,4.0332320816460765e-17,sub-0380
0,0.0,0.0,,,,1.3701897305099138,-21.48681847646091,3.8394942152055003,0.5236657463245975,sub-0381
1,-0.6331817020470236,2.898484736252706,0.586461780502044,N < 100,,2.133957475895338,-22.120000178507937,4.612257487139564,0.4763342536753984,sub-0381
2,-1.270626776957533,0.5585675744717206,0.9885408875981233,N < 100,,1.8828861689955696,-22.757445253418446,4.015321558490148,0.0,sub-0381
3,-7.343503873225648,2.480171341716252,0.998466221234868,N < 100,,2.0666574281250134,-28.83032234968656,4.245054875882282,6.994743868317388e-15,sub-0381
0,0.0,0.0,,,1 k̂ > 0.70,0.9126141662043648,-15.816668554184286,3.0781829714872777,0.8151629305502102,sub-0382
1,-0.21806341173268606,0.8451245054740639,0.6018062670434499,N < 100,1 k̂ > 0.70,1.5201484340621845,-16.034731965916972,3.7999887614212087,0.18483706944979536,sub-0382
2,-9.903242017198817,1.361987068942204,0.9999999999998218,N < 100,15 k̂ > 0.70,2.0877388634618868,-25.719910571383096,2.871365462640496,0.0,sub-0382
3,-9.938114873562396,3.2176403488881977,0.9989946066184711,N < 100,,1.6107251895416117,-25.754783427746688,4.1595422388761225,0.0,sub-0382
0,0.0,0.0,,,,2.1937598628493022,-20.154256412422292,5.7310343796699605,0.7409072339143666,sub-0383
1,-1.546881558222827,4.127637063756321,0.646081264539459,N < 100,,1.5149302655900807,-21.70113797064512,4.398266358514027,0.25909276608563514,sub-0383
2,-1.9734741449559285,2.5367613571941985,0.7817008301074722,N < 100,3 k̂ > 0.70,4.784776554206747,-22.127730557378225,6.664589450225028,6.910425044144488e-16,sub-0383
3,-2.5043342061128424,2.1999695795298186,0.8725127077863373,N < 100,1 k̂ > 0.70,4.325070354571683,-22.658590618535136,5.366050271138903,0.0,sub-0383
0,0.0,0.0,,,,1.3199851139368466,-17.85503307283458,3.8628512138148703,0.9995814720681137,sub-0384
1,-3.1198567902940795,2.9449103456113623,0.8552926259085201,N < 100,2 k̂ > 0.70,3.3455678084941094,-20.974889863128652,5.732884950927341,0.00041852793188136306,sub-0384
2,-3.6436342055824227,1.5686100486553383,0.989906194529454,N < 100,,3.2796362003496533,-21.498667278416995,4.262687181355204,3.1688297546976232e-15,sub-0384
3,-6.7532666272443915,3.174284963467454,0.9833103973008213,N < 100,,1.8862429262835867,-24.608299700078966,4.473560574304673,6.13464054916388e-15,sub-0384
0,0.0,0.0,,,,1.9132966729948948,-23.180835976079855,4.030197420915669,0.9999999999999979,sub-0385
1,-0.7254680423417152,0.9458145577267904,0.7784681297528775,N < 100,,2.5135304400699585,-23.906304018421572,4.086557713019253,0.0,sub-0385
2,-2.082342872872964,1.3097988568334216,0.9440621747792088,N < 100,,1.6330667488970134,-25.26317884895282,3.7014378551417324,2.498001805406602e-16,sub-0385
3,-5.300084321574424,3.080071592131973,0.9573534072523583,N < 100,,1.9421077228739707,-28.480920297654276,3.648262097257628,5.3013149425851225e-15,sub-0385
0,0.0,0.0,,,1 k̂ > 0.70,2.442510430295988,-24.006737179381005,4.915441060294835,0.8503979480123427,sub-0387
1,-2.3342194173328403,2.402354643560385,0.8343847013982286,N < 100,,1.7969485873710387,-26.34095659671385,3.996839447954962,1.4925958751731474e-16,sub-0387
2,-2.7085822423091903,2.7121175616168283,0.8410291250447219,N < 100,,2.1975580009722333,-26.715319421690193,3.9976129145452117,3.317438006956002e-17,sub-0387
3,-3.92168396170016,3.461111488002114,0.8714077144164718,N < 100,,1.9429220592623109,-27.928421141081166,4.087887318987416,0.14960205198765705,sub-0387
0,0.0,0.0,,,3 k̂ > 0.70,2.245691548096302,-18.320117218094175,4.668756743128764,0.7890051642453284,sub-0388
1,-2.5651804612069977,3.180615868513998,0.790023943020829,N < 100,,1.1694908675953517,-20.88529767930117,4.503107571180409,0.21099483575467076,sub-0388
2,-3.5686428753818937,3.415778183978267,0.8519313185322887,N < 100,,1.998731006738921,-21.88876009347607,4.648452288144654,5.380152684991562e-16,sub-0388
3,-3.861772680241468,3.0250386277704178,0.8991287376159985,N < 100,2 k̂ > 0.70,6.277551770933865,-22.18188989833564,7.115826180118045,3.893912102481689e-16,sub-0388
0,0.0,0.0,,,,1.914539135421034,-20.003498105455876,4.790693756464093,0.9842719609574098,sub-0389
1,-1.8060807294744317,1.4182186283759302,0.89857707645607,N < 100,,2.832543066336941,-21.809578834930313,5.366665950396361,0.0,sub-0389
2,-3.8714401230812125,1.3402772122323092,0.9980648066469916,N < 100,1 k̂ > 0.70,4.135142469164674,-23.874938228537093,4.92354637498317,0.0,sub-0389
3,-6.187480642635766,3.0604958586036424,0.9783976093073782,N < 100,,1.8082356069257426,-26.190978748091638,4.377190378603754,0.015728039042608073,sub-0389
0,0.0,0.0,,,,2.295154240786384,-33.25959840298188,3.779570147974237,0.7771580651879443,sub-0390
1,-1.5620477344872903,2.1935002757469833,0.7618065033561052,N < 100,2 k̂ > 0.70,1.1600260008698529,-34.82164613746917,3.703070501831661,0.13048856838092512,sub-0390
2,-1.6790472256124573,2.0295281773567457,0.7959690697532733,N < 100,,1.6565161255631116,-34.938645628594344,3.642393652053866,0.03169501540690138,sub-0390
3,-2.3362428879829107,2.7509785669705145,0.8021263071685014,N < 100,,4.4191926195344315,-35.59584129096479,6.100385347673596,0.06065835102422921,sub-0390
0,0.0,0.0,,,,1.6084692597338168,-19.018576667742927,4.415180377899823,1.0,sub-0391
1,-0.8873090145059184,1.2876509182290552,0.7546170852273628,N < 100,,2.48202800315713,-19.905885682248837,4.989387849238661,0.0,sub-0391
2,-3.3198664427649565,2.544615826205154,0.9039962089173017,N < 100,,1.9945227506691865,-22.338443110507875,4.8823239653727875,0.0,sub-0391
3,-4.2479746260680376,1.4417575362645945,0.9983924469263176,N < 100,,1.4722648306902926,-23.26655129381096,3.8146252810478187,0.0,sub-0391
0,0.0,0.0,,,,2.7561906518951718,-23.50606333828214,4.840327190561505,0.8346419297918994,sub-0392
1,-2.088019464777771,1.8148469642372185,0.8750353160178358,N < 100,,1.6499637723917173,-25.59408280305991,4.1590818047625975,0.0,sub-0392
2,-2.134699238249784,2.8927053342559925,0.769730454699497,N < 100,,1.0147129659611083,-25.640762576531927,2.7052783070708974,0.16535807020810078,sub-0392
3,-3.065720398758822,2.2663040180602336,0.9119306678175125,N < 100,,1.6936583102998155,-26.57178373704096,4.114002189347654,1.1940007767322608e-16,sub-0392
0,0.0,0.0,,,,1.327673896407648,-20.904973592189833,3.879713030072893,1.0,sub-0393
1,-1.0908953277760771,0.8351096664308402,0.9042730057988937,N < 100,,2.1451732296700707,-21.99586891996591,4.524517696729036,0.0,sub-0393
2,-2.049952930116441,2.3163234080005752,0.8119224659809214,N < 100,,2.832122128538036,-22.95492652230627,5.224112589156642,0.0,sub-0393
3,-6.78707369385603,2.4057734531436363,0.997607489236873,N < 100,,1.6044411964843759,-27.692047286045863,3.9262267276678253,0.0,sub-0393
0,0.0,0.0,,,,1.6713954773520807,-19.25899302086163,3.5644057509865172,0.6394705111331056,sub-0394
1,-0.7976795954043148,2.686111985662543,0.6167531502827809,N < 100,1 k̂ > 0.70,1.1937322305226947,-20.05667261626595,3.2295549605952862,0.3605294888668925,sub-0394
2,-2.362807084650637,1.6269636897487134,0.9267881388720318,N < 100,,0.8354353800844736,-21.621800105512275,2.398466056219786,2.566225649506131e-17,sub-0394
3,-3.856761378595376,1.2883415622067298,0.998621401444841,N < 100,,0.9324212446527882,-23.11575439945701,2.647562619992099,2.0269848605940935e-15,sub-0394
0,0.0,0.0,,,2 k̂ > 0.70,0.6813812373414634,-12.328436323781851,2.818057146416681,1.0,sub-0395
1,-3.0460892782919373,1.4474158019047612,0.9823326546653715,N < 100,,0.8521400079594528,-15.374525602073788,2.814307354232441,2.0344836926255994e-14,sub-0395
2,-7.692142830910598,2.6672774741642167,0.9980360390316132,N < 100,,2.9506333986792503,-20.02057915469245,3.8073209181604746,0.0,sub-0395
3,-11.515853112477682,3.4657985556241866,0.9995542667171778,N < 100,,1.6863464998995268,-23.84428943625953,4.181355116707028,0.0,sub-0395
0,0.0,0.0,,,2 k̂ > 0.70,2.124433891153633,-21.579853999991983,4.821090801680315,0.881116278802301,sub-0396
1,-0.5909469232116411,1.018914373730595,0.7190349430185836,N < 100,,0.841374815320757,-22.170800923203632,4.385740675046315,0.02391897129402625,sub-0396
2,-1.6327047099630398,1.2918852375942993,0.8968518887669009,N < 100,,1.3210051625867907,-23.212558709955033,3.8986494862443686,0.0,sub-0396
3,-2.010998030894376,2.127672890851062,0.8277122076496976,N < 100,,1.2454247923093973,-23.590852030886364,3.6719611602565148,0.09496474990367326,sub-0396
0,0.0,0.0,,,2 k̂ > 0.70,1.5620656578889676,-8.215503983909004,3.1002970382721466,0.8380773005758227,sub-0398
1,-0.7082437429627273,1.2037874393075245,0.7218500230694435,N < 100,,0.780060121024099,-8.923747726871731,2.2492237703101448,0.0,sub-0398
2,-1.6859370794843365,2.2851461045488626,0.769676189811455,N < 100,2 k̂ > 0.70,1.3244089028954396,-9.90144106339334,2.305281670990238,0.16192269942417686,sub-0398
3,-2.7570258095805915,1.7835804129197301,0.9389213405799084,N < 100,,1.0016045495593533,-10.972529793489596,2.9177539959689454,5.315222783320842e-16,sub-0398
0,0.0,0.0,,,,1.2524751496194744,-40.79313770975368,2.002963316727531,0.6971957075002564,sub-0399
1,-0.8571572590456817,1.5033712145786928,0.7157143093141667,N < 100,1 k̂ > 0.70,0.27790466007765036,-41.65029496879936,3.2386887638513815,5.567280553416253e-18,sub-0399
2,-1.2739082035575446,1.0985085590748458,0.8769085506631094,N < 100,,1.2984967014801863,-42.06704591331121,2.6911388836911803,8.798987621539217e-17,sub-0399
3,-1.3974844385668366,2.5880333380889162,0.7053943471160988,N < 100,,2.8686674492821096,-42.1906221483205,4.145690542761965,0.30280429249974344,sub-0399
0,0.0,0.0,,,1 k̂ > 0.70,1.124718799671239,-16.70668660697057,3.166340462614193,0.74296114795534,sub-0402
1,-0.973560223098513,2.0175651359867794,0.6852895691315862,N < 100,1 k̂ > 0.70,2.596152905627343,-17.68024683006908,3.81307804490232,0.25703885204466037,sub-0402
2,-2.2439618062989464,1.6337397542354688,0.9152034450607893,N < 100,2 k̂ > 0.70,1.9882131032401205,-18.950648413269516,3.806644391518119,0.0,sub-0402
3,-4.93757402100886,3.803180802488598,0.9029035488621184,N < 100,,1.7764204169187021,-21.64426062797943,4.610105206867311,0.0,sub-0402
0,0.0,0.0,,,,1.6113245287196498,-29.468673631047857,3.640374541138302,0.6618525066133938,sub-0403
1,-0.28085268022994825,1.1877629408561456,0.5934602523487097,N < 100,,2.0288819358297108,-29.749526311277812,3.361251340215992,0.1411524119983896,sub-0403
2,-0.5306321942668148,0.6749068554551574,0.7841337001744463,N < 100,,2.3796722601585016,-29.99930582531468,3.587439487199218,1.8650577317903995e-16,sub-0403
3,-0.5705370175380988,1.5964549584056558,0.6395953756633186,N < 100,,2.7136766685419826,-30.039210648585964,4.375230795486653,0.1969950813882164,sub-0403
0,0.0,0.0,,,5 k̂ > 0.70,1.3973737883603796,-13.954232651591703,2.879470942021054,0.9999999999999086,sub-0404
1,-1.3497179487124766,0.9659929243744781,0.9188283597022081,N < 100,2 k̂ > 0.70,0.7610213438608642,-15.30395060030418,2.4755512669637953,0.0,sub-0404
2,-11.656137651417406,1.9171168021622877,0.9999999993992192,N < 100,,1.20895377983933,-25.610370303009113,2.6200518040723697,9.33975119465913e-14,sub-0404
3,-14.674150323441443,3.3080087517087744,0.999995416572372,N < 100,,1.9479492020228517,-28.628382975033144,3.959621775826409,8.926193117986259e-14,sub-0404
0,0.0,0.0,,,1 k̂ > 0.70,1.5862249249002784,-15.766085497175144,4.450618256534654,0.6482977682924118,sub-0405
1,-1.743129199259604,3.1675530277446033,0.7089458690165371,N < 100,6 k̂ > 0.70,3.304552996232391,-17.509214696434746,7.177364899305715,0.3517022317075824,sub-0405
2,-3.668668906941324,1.2274560715324963,0.9985998029721097,N < 100,1 k̂ > 0.70,3.444689883677688,-19.434754404116468,4.858366013722112,7.115949173192944e-15,sub-0405
3,-9.709809357794663,3.2573641028293054,0.9985628899246752,N < 100,,1.8315141321324488,-25.47589485496981,4.4642855945942435,0.0,sub-0405
0,0.0,0.0,,,1 k̂ > 0.70,2.2493604618008654,-21.909080679643832,5.1860478627695565,0.8683377872424743,sub-0406
1,-0.9032081301306487,1.2215415970518113,0.7701679967594717,N < 100,1 k̂ > 0.70,2.5767526683294637,-22.81228880977448,4.900111747442432,1.7627865936542185e-15,sub-0406
2,-2.3878914453324196,2.572546283914479,0.8233535243952825,N < 100,,2.029557394909529,-24.29697212497625,4.612521009260408,0.13166221275752157,sub-0406
3,-3.3482259789184994,0.9601756463702461,0.9997558532347054,N < 100,2 k̂ > 0.70,2.6508507727780515,-25.257306658562335,5.350871378649888,2.4519338442299464e-15,sub-0406
0,0.0,0.0,,,,0.7924822655725385,-14.051478015371105,2.5361247994646634,0.9999999999999982,sub-0408
1,-1.5679267955016432,1.237462434218767,0.8974312965491228,N < 100,1 k̂ > 0.70,1.78468891149679,-15.619404810872748,3.3698311173738715,3.1086244689504383e-15,sub-0408
2,-5.168421180179054,2.09987371295038,0.9930782906441816,N < 100,,2.0758062749863413,-19.21989919555016,4.085942458577566,0.0,sub-0408
3,-6.31808172135556,2.4191356546102543,0.9954954731860112,N < 100,,1.4380435541623182,-20.369559736726664,4.1495715206509125,0.0,sub-0408
0,0.0,0.0,,,,1.3199878201439452,-17.863996931256167,3.2447661313089298,0.5617729977959114,sub-0409
1,-0.1763266949340796,1.9008262691712097,0.5369541496938501,N < 100,,1.0268473042947512,-18.04032362619025,3.453268025340423,0.03811664391578807,sub-0409
2,-0.5961974477235579,2.492299650960395,0.5945308730651959,N < 100,,1.986358037167883,-18.46019437897973,4.34141885321927,0.40011035828830077,sub-0409
3,-2.2728918423755022,2.6031444747515904,0.8087047577538677,N < 100,,1.1768544500017875,-20.136888773631675,3.7365862381392274,0.0,sub-0409
0,0.0,0.0,,,,1.7284116829367322,-25.647635932887873,3.5687464847496373,0.7510571869622065,sub-0410
1,-1.7783196310937388,2.841864489553476,0.7342631801711376,N < 100,,2.266959411108497,-27.42595556398161,4.076391760933342,0.0,sub-0410
2,-1.9042322419654383,2.6045813749993725,0.767643635931436,N < 100,,2.389224051994269,-27.55186817485331,4.556712733408052,0.0,sub-0410
3,-3.76355267567134,4.069659646267659,0.8224606419757208,N < 100,,1.798215493617601,-29.41118860855921,3.8290241862080214,0.24894281303779361,sub-0410
0,0.0,0.0,,,1 k̂ > 0.70,1.6078809438660726,-21.950070756364,5.494284608582028,0.8055741693290385,sub-0411
1,-1.6213279084171957,2.478960614858983,0.7434554889504881,N < 100,,1.651188958016382,-23.571398664781192,4.13982282795721,0.17536514837768058,sub-0411
2,-3.0929494803298523,2.8177142113332074,0.86382795023243,N < 100,,1.6486536560100502,-25.04302023669385,4.345716536127935,0.019060682293280357,sub-0411
3,-3.2022627100060346,2.219009904733111,0.9255044522836225,N < 100,,3.3175032777981124,-25.152333466370035,4.493600387229325,6.026745269363393e-16,sub-0411
0,0.0,0.0,,,1 k̂ > 0.70,1.131914434496651,-24.43055040212834,4.500482507393481,0.3381132647842221,sub-0412
1,-0.28085326595705773,0.9538426142689695,0.6157906879654489,N < 100,,1.7181343685438666,-24.711403668085396,4.338145922109404,8.020080908822826e-17,sub-0412
2,-0.3510058820552846,1.3264915654140255,0.6043458984901257,N < 100,,1.7591650734238786,-24.78155628418363,4.223024198678679,0.38901468295295655,sub-0412
3,-0.6021672513013598,1.150755634520319,0.6996102441003444,N < 100,3 k̂ > 0.70,1.5891839488835802,-25.032717653429696,5.588439327896163,0.27287205226282113,sub-0412
0,0.0,0.0,,,1 k̂ > 0.70,1.313989974510575,-20.819620392673457,3.7441543450735986,0.7403566259580406,sub-0413
1,-1.7398582907976152,2.7180688538642412,0.7389488862854771,N < 100,,1.5172252628184746,-22.559478683471077,4.121239072415221,3.0346946434081984e-17,sub-0413
2,-2.1975881888274316,3.1548798240635967,0.7569633921455907,N < 100,,1.3056573717484061,-23.017208581500885,4.4695785373933035,0.25964337404195936,sub-0413
3,-2.402289680081326,2.877133103239413,0.7981297501892162,N < 100,1 k̂ > 0.70,3.4035788642523124,-23.22191007275478,5.4436486371212585,0.0,sub-0413
0,0.0,0.0,,,,1.4768555011208797,-15.695044886115275,3.1950835750942375,0.7986474236976734,sub-0414
1,-0.4392641921839937,1.2198547137586244,0.640612140792714,N < 100,,0.7367861158837179,-16.134309078299268,2.4719887858538594,0.20135257630232847,sub-0414
2,-4.970093693690003,1.7236368327327454,0.9980335392641451,N < 100,,1.3367242310176184,-20.665138579805273,4.062108879745115,0.0,sub-0414
3,-5.352680108766793,2.338554312676641,0.988956960382783,N < 100,,1.3529734601175984,-21.047724994882067,2.9468982542258977,0.0,sub-0414
0,0.0,0.0,,,,2.3537878690329608,-23.433274326500566,5.140803677271046,0.8782004797721271,sub-0415
1,-1.2306075729280508,1.7301865000796066,0.7615375598393008,N < 100,,1.995414099076837,-24.66388189942861,4.328088181452001,0.12179952022787283,sub-0415
2,-2.103851623916521,1.773898789046387,0.8821897028991598,N < 100,,2.4242310020352598,-25.537125950417085,4.298226760079376,1.134752052366151e-16,sub-0415
3,-2.9357567238267066,2.3795328168716847,0.8913525972239026,N < 100,,1.9889026154466154,-26.369031050327266,4.395347923747763,0.0,sub-0415
0,0.0,0.0,,,,2.109753679950928,-24.1828713881241,4.591414697819287,1.6659378421284337e-15,sub-0416
1,-0.1913716424656755,0.8659305965375672,0.5874542243972857,N < 100,,1.9220934313288867,-24.374243030589774,4.568175564691852,0.6008113137369522,sub-0416
2,-0.4804703402200188,0.9786738172385674,0.688265635771389,N < 100,,2.0523040053253574,-24.66334172834412,4.651363754118651,0.3991886862630462,sub-0416
3,-1.793203352448253,0.9278203342284428,0.9733637490195889,N < 100,,1.9439692533888655,-25.97607474057235,4.570418804548485,6.5052130349130266e-18,sub-0416
0,0.0,0.0,,,1 k̂ > 0.70,1.4338318385769075,-19.586643978358474,3.8571890354601064,0.7988923454895893,sub-0417
1,-2.2344216390599865,2.86079785334089,0.7826129910732136,N < 100,,2.374013316314316,-21.821065617418455,5.0940417163566325,0.201107654510409,sub-0417
2,-2.4671950536104887,2.809716666540865,0.8100536173105335,N < 100,1 k̂ > 0.70,2.7680333405559665,-22.05383903196896,5.181748522178517,0.0,sub-0417
3,-3.028550729411803,1.9142205099059777,0.94319035197538,N < 100,,1.8564686607686631,-22.615194707770282,4.199483378450736,2.39944782792767e-15,sub-0417
0,0.0,0.0,,,,1.0888818308399355,-19.288470156669348,3.494409857333043,0.4702293754223765,sub-0419
1,-0.017944802256977255,1.2598641898163214,0.5056821190224707,N < 100,,2.126602339796322,-19.306414958926325,4.425090026574819,0.5297706245776244,sub-0419
2,-4.813073995318925,2.2146004132515733,0.9851225352565846,N < 100,,1.7276417033328537,-24.101544151988275,3.6744356952768777,0.0,sub-0419
3,-11.264867661562125,3.552951354608874,0.9992392893311001,N < 100,,1.6161125347088485,-30.55333781823147,3.422589601679001,0.0,sub-0419
0,0.0,0.0,,,,1.7857583717845977,-23.949874958419247,4.2877252707661695,0.5945900760068525,sub-0420
1,-1.3356854971824177,2.9297633358718076,0.6757698397571104,N < 100,,2.8708555013606682,-25.285560455601665,6.5558687624521195,0.4054099239931476,sub-0420
2,-3.0058490100172817,1.6247232307230168,0.9678481497884988,N < 100,,1.8572322108885786,-26.95572396843653,4.355657593025103,6.132190092930274e-16,sub-0420
3,-3.7387471089682744,1.8883193874053394,0.9761445080161157,N < 100,,1.9287496179466177,-27.68862206738752,4.235052538612398,0.0,sub-0420
0,0.0,0.0,,,2 k̂ > 0.70,2.9264069672092115,-28.69102993423216,5.043107811086816,0.7514468471787563,sub-0421
1,-0.9661704714110275,2.758832517700144,0.6369094127635586,N < 100,,1.6983916426061512,-29.65720040564318,3.4218598196394385,4.0149717067733046e-17,sub-0421
2,-2.4635727753469894,3.373854049744803,0.7673646291902058,N < 100,,2.80492126255196,-31.154602709579144,3.3193315500434006,0.0,sub-0421
3,-2.5779227214782967,3.9093951258227815,0.745186077361867,N < 100,,1.8593724206468967,-31.268952655710457,3.6306888257599295,0.24855315282124388,sub-0421
0,0.0,0.0,,,1 k̂ > 0.70,1.3312149747465722,-13.420249688187928,3.7852935051384415,1.0,sub-0422
1,-0.522924139902857,0.365767617145528,0.9235930043631281,N < 100,1 k̂ > 0.70,1.551467538711642,-13.943173828090785,3.939697875714178,0.0,sub-0422
2,-6.364261842888661,2.1248323699168026,0.9986285989479904,N < 100,,1.2125970752409576,-19.78451153107659,3.1302351115972242,0.0,sub-0422
3,-6.495248527756617,3.149625435446359,0.9804070247086106,N < 100,,1.933294218701068,-19.915498215944545,4.6172102307277605,1.3877787807814457e-16,sub-0422
0,0.0,0.0,,,,1.6927774017117596,-21.64138987963409,4.278544460032091,0.6775662450574477,sub-0424
1,-2.329248287387175,1.6059935319504863,0.9265191441475992,N < 100,,2.596252537116182,-23.97063816702127,4.556169661519748,0.0,sub-0424
2,-2.6563659896739242,2.7841782985140635,0.8299818031073418,N < 100,,2.6388853735523865,-24.297755869308013,5.104811005927491,0.14733683408328976,sub-0424
3,-4.958662843498289,4.2961562216118905,0.8757927849983025,N < 100,7 k̂ > 0.70,3.379934557286201,-26.600052723132382,7.006730121983615,0.17509692085926373,sub-0424
0,0.0,0.0,,,,1.6439959530304094,-26.847048833699546,4.089459293676371,0.7215721850073776,sub-0425
1,-0.7938227817363241,1.9145970957152152,0.660788520043901,N < 100,,1.7309230694074966,-27.640871615435863,4.167597018650133,0.27842781499262254,sub-0425
2,-2.8699903107463918,2.038402405497761,0.9204286341466839,N < 100,,2.719712318987546,-29.717039144445934,4.109567219237831,5.784189376144928e-16,sub-0425
3,-5.832799427971128,3.410406676696366,0.9563942762442601,N < 100,1 k̂ > 0.70,4.493954206639907,-32.67984826167067,5.757463586600259,0.0,sub-0425
0,0.0,0.0,,,,1.2963704518423673,-26.217750715225456,3.421529755242858,0.7453032736283683,sub-0426
1,-0.7761414231842085,1.0844851921655037,0.7629046815648854,N < 100,,2.2100606153399625,-26.99389213840967,4.122002147423855,1.1943715063408644e-16,sub-0426
2,-1.3952761012381156,1.1985435243997167,0.8778169753818039,N < 100,,1.3306406747491595,-27.613026816463577,3.4173205822179393,1.049265251853546e-17,sub-0426
3,-1.9132942496077368,2.82289557302688,0.7510435144305097,N < 100,,2.9669523990815003,-28.131044964833194,5.137552754384733,0.2546967263716315,sub-0426
0,0.0,0.0,,,,1.6143838945044007,-19.637629781428686,4.339353302741643,1.0,sub-0427
1,-2.0651963987119997,1.644996397349672,0.8953406958190262,N < 100,4 k̂ > 0.70,3.3389600689560672,-21.70282618014069,5.335619270819165,1.3877787807814457e-16,sub-0427
2,-2.4075850660254856,1.6973741811847947,0.9219655301381965,N < 100,,1.784023589500823,-22.04521484745417,4.577846803084549,5.551115123125783e-17,sub-0427
3,-3.461261646025439,1.5589510256672496,0.9867991127656708,N < 100,,2.948180391734605,-23.098891427454127,4.574705235746724,0.0,sub-0427
0,0.0,0.0,,,,1.9012488254505506,-25.13914272814527,4.070869681272856,1.0,sub-0428
1,-0.9723100687088166,1.2228843287541902,0.7867210814772372,N < 100,,1.9704455250408064,-26.11145279685409,4.348099836853843,0.0,sub-0428
2,-2.3643702928933177,1.4956911734545824,0.9430367124186255,N < 100,2 k̂ > 0.70,3.853692505218249,-27.503513021038586,5.139452933333104,4.1042689153670313e-16,sub-0428
3,-2.562099511093738,1.2122378341035405,0.9827222314168762,N < 100,,2.853711675717268,-27.701242239239008,3.9638745403402567,0.0,sub-0428
0,0.0,0.0,,,,1.6754323972884038,-21.669615044239258,3.950674460852298,0.8845967632000484,sub-0429
1,-0.676607220470542,0.7015371304992851,0.8325932946673573,N < 100,,2.162825455582923,-22.346222264709795,4.134855149323027,0.0,sub-0429
2,-0.8956380657926015,1.535296934328638,0.720176098666867,N < 100,,1.7207913354177784,-22.565253110031854,3.8178397696688005,0.11540323679995175,sub-0429
3,-4.957795327715999,2.760258457801744,0.9637634322577515,N < 100,,1.6607725322091367,-26.627410371955257,3.5353315535292626,8.629093130749349e-17,sub-0429
0,0.0,0.0,,,,2.637859757136511,-33.902424715473785,4.453980284854755,0.5442148976417608,sub-0430
1,-0.013804481301963989,1.8670124451284285,0.5029497077461024,N < 100,,2.050365059999393,-33.91622919677573,3.5315107469604263,0.45578510235823927,sub-0430
2,-1.1411396875278115,2.3413203519238532,0.687009549436524,N < 100,,1.8199361304907853,-35.04356440300158,3.2574939000591905,0.0,sub-0430
3,-1.892303665259611,2.407190778132917,0.7840968856392945,N < 100,,1.6302145104388734,-35.794728380733375,3.0807288757836084,4.336808689942018e-19,sub-0430
0,0.0,0.0,,,4 k̂ > 0.70,2.0577313785657134,-25.93349573637758,5.768094070425138,0.6232445512443455,sub-0431
1,-0.21158830973890197,2.231119512624237,0.5377770730735368,N < 100,,1.7634761834017854,-26.145084046116487,4.127625649238792,0.3767554487556545,sub-0431
2,-2.75372320676386,2.809784775287495,0.8364687220150858,N < 100,,1.947659068448674,-28.687218943141442,4.140692436751689,3.4722542561429107e-16,sub-0431
3,-2.8363099422802343,2.8062140135108224,0.8439259048171598,N < 100,,1.3030146563670049,-28.769805678657818,3.9190772017880042,0.0,sub-0431
0,0.0,0.0,,,,1.7191521217487593,-24.032327355709995,4.236389596511341,0.6635214367965512,sub-0432
1,-0.6075645580611901,1.9678332137672694,0.6212433840265761,N < 100,,0.9803276104785479,-24.639891913771187,4.41827524881305,0.33647856320344877,sub-0432
2,-1.4385473977709697,1.9223144893686148,0.7728728519450441,N < 100,1 k̂ > 0.70,2.8933285338913324,-25.470874753480963,5.6306302566156825,6.160375787950961e-17,sub-0432
3,-1.6044966051994347,2.0115826128960763,0.7874570882791629,N < 100,,1.8169146320635512,-25.636823960909425,4.4551103787890325,6.711211447685272e-17,sub-0432
0,0.0,0.0,,,1 k̂ > 0.70,0.8585671211066477,-10.708255166081091,2.7588153275279925,1.0,sub-0433
1,-0.6602459539093228,0.8132650168177099,0.7915599994853534,N < 100,1 k̂ > 0.70,1.6371770927141092,-11.368501119990414,3.32037469434479,4.0245584642661925e-16,sub-0433
2,-6.123319485078509,2.4923832987327823,0.9929912168113335,N < 100,2 k̂ > 0.70,1.8388530856014274,-16.831574651159602,2.9807026568808044,0.0,sub-0433
3,-12.992979126654674,3.859562375713042,0.9996192721153263,N < 100,,1.851353144348637,-23.701234292735762,4.4119257644004355,1.3877787807814457e-16,sub-0433
0,0.0,0.0,,,,2.2230430763999305,-21.34596774783818,5.25199817314538,0.8002535775415334,sub-0434
1,-2.574589283151794,1.799127007676276,0.9237879616894153,N < 100,8 k̂ > 0.70,4.49319262963339,-23.920557030989976,6.6123026154000435,4.596661554788032e-17,sub-0434
2,-3.0726212174862377,3.7236454030761035,0.7953609905456144,N < 100,,1.9239988283166285,-24.418588965324417,4.666254324013089,0.19974642245846674,sub-0434
3,-3.0861271915714426,3.5238042401099654,0.8094290285916006,N < 100,,1.8958233004269798,-24.432094939409623,4.521040496580205,0.0,sub-0434
0,0.0,0.0,,,4 k̂ > 0.70,1.4112266414296124,-17.225007355262484,3.519060959902652,1.0,sub-0435
1,-3.014606544989176,1.1864013327259133,0.9944726811565981,N < 100,,1.2420577029572668,-20.239613900251662,3.7679639211634477,1.1102230246251565e-16,sub-0435
2,-5.778904263837249,3.395805135612957,0.9556014429751264,N < 100,1 k̂ > 0.70,1.2529580860520022,-23.003911619099735,4.127670821941452,0.0,sub-0435
3,-6.590296351402014,3.2871835456446616,0.9775102364202762,N < 100,,1.422983204665049,-23.815303706664498,3.936326396569991,0.0,sub-0435
0,0.0,0.0,,,1 k̂ > 0.70,1.0441119182182705,-21.333796820499032,4.65365256773722,0.8919553643749372,sub-0436
1,-0.8607379781767435,0.35626867535264445,0.9921535373795914,N < 100,,1.6015718132796477,-22.194534798675775,4.327277974921714,0.0,sub-0436
2,-1.2052788822478648,1.8471398555621341,0.742964176950277,N < 100,4 k̂ > 0.70,2.4281368239857923,-22.5390757027469,6.330921985346625,0.027288001622151253,sub-0436
3,-1.7756555850041398,1.9983950813259004,0.8128750431667424,N < 100,,1.8069326523038562,-23.109452405503177,4.641634603296607,0.08075663400291233,sub-0436
0,0.0,0.0,,,,2.0104736139782964,-30.283977327822043,4.070481231516229,0.5329502573143529,sub-0437
1,-0.27498258331600844,0.8925344053495073,0.6209937817783503,N < 100,,1.8425490573021925,-30.558959911138047,4.057301344394825,0.2976413345826013,sub-0437
2,-0.36269206949206456,0.7935226333335288,0.6761881299352088,N < 100,,1.9901451026839934,-30.6466693973141,3.805125458867389,3.3129727149623333e-18,sub-0437
3,-0.5941178808226937,1.0881964670466855,0.7074552219535001,N < 100,,1.9784317742699367,-30.878095208644737,4.407913059172015,0.16940840810304583,sub-0437
0,0.0,0.0,,,,1.750015772549486,-17.50504465404019,3.9617055291636354,0.9700683107521892,sub-0438
1,-0.9295584798790824,1.5176717135235476,0.7298931355139284,N < 100,1 k̂ > 0.70,2.5595762531071378,-18.434603133919275,4.864200626740406,0.029931689247810405,sub-0438
2,-2.231357504329491,1.2116809148893792,0.9672286851514825,N < 100,,2.6436726288907137,-19.736402158369685,3.999428122914033,2.7079811397963734e-16,sub-0438
3,-5.993439618632305,3.0741956953641907,0.9743878544936092,N < 100,,2.067058535337753,-23.4984842726725,4.592392250672103,1.645276796746753e-16,sub-0438
0,0.0,0.0,,,1 k̂ > 0.70,1.8984983539110727,-19.660160429985645,3.553098992325773,0.8669433345428449,sub-0439
1,-2.7659465375315255,2.7318568980734836,0.8443453535238667,N < 100,,1.213903580723434,-22.42610696751717,3.5576349538049215,0.13305666545715944,sub-0439
2,-4.382652962819322,3.0031439032711487,0.9277662826732513,N < 100,,2.2805475179619994,-24.042813392804966,3.906639011698554,3.8490778677687245e-15,sub-0439
3,-10.639009645646786,3.885669974177807,0.9969094056602569,N < 100,,2.0628391283475715,-30.299170075632425,4.072063022279799,0.0,sub-0439
0,0.0,0.0,,,1 k̂ > 0.70,1.549654180714798,-13.325711939364146,3.9406958489291055,0.9999999999999636,sub-0440
1,-1.1317695697892418,0.6741505729873944,0.9534052936575023,N < 100,2 k̂ > 0.70,2.324455654465274,-14.457481509153387,4.4647837645897335,1.7160101464797073e-14,sub-0440
2,-4.858642993305189,1.3480521787680426,0.9998434390769997,N < 100,,1.6046161604145477,-18.184354932669336,3.771828107892512,2.2486140312939135e-14,sub-0440
3,-10.489997780999445,3.6227074290119843,0.9981079711950696,N < 100,,1.8717640050985624,-23.815709720363593,4.241737625456524,0.0,sub-0440
0,0.0,0.0,,,,1.3272275977242587,-17.24224755579931,4.124291786904525,0.5884820691053034,sub-0442
1,-0.25382320461511654,0.798787642297809,0.624666713236645,N < 100,,2.0844972270079527,-17.49607076041443,4.6523886890969814,0.0,sub-0442
2,-0.3844420982144854,1.9081265360529118,0.5798368842414746,N < 100,,1.3806255825907403,-17.626689654013795,4.1391133647842295,3.408220273257281e-17,sub-0442
3,-1.6038518531051107,4.057791775168259,0.6536716799737332,N < 100,1 k̂ > 0.70,3.216315572754226,-18.846099408904422,5.880776544222174,0.4115179308946966,sub-0442
0,0.0,0.0,,,1 k̂ > 0.70,1.458713669333046,-15.594556191070538,3.975928391303987,0.7655845721080017,sub-0443
1,-1.29776277667332,2.2457726076748536,0.718323777936992,N < 100,3 k̂ > 0.70,2.5718055501348416,-16.89231896774386,5.660654205740579,0.2344154278920005,sub-0443
2,-3.955260689057843,1.5523416676628854,0.9945818172193296,N < 100,,3.5496987673869533,-19.549816880128382,4.496738376022615,0.0,sub-0443
3,-8.582657372843007,3.1631461288411993,0.9966694571228673,N < 100,,1.8624418867192354,-24.177213563913547,4.409171052620039,6.418476861114186e-17,sub-0443
0,0.0,0.0,,,,1.7426254743650398,-34.28239000509913,2.9419498756152946,0.8343293277507575,sub-0445
1,-0.05568710675471955,0.4081318789692028,0.554264815937981,N < 100,,1.6316762101228095,-34.33807711185385,3.146695563316769,0.16567067224924575,sub-0445
2,-1.1124171662554367,0.5315498539072692,0.981815623110608,N < 100,,1.881621271995488,-35.39480717135456,3.189787066817648,0.0,sub-0445
3,-1.9545122570620954,1.4569871463553925,0.9101169066723453,N < 100,,1.454324697108093,-36.23690226216122,3.097076308960867,0.0,sub-0445
0,0.0,0.0,,,,2.122662200542205,-21.244488533687715,4.471168624524505,0.859279151675676,sub-0446
1,-0.8581930194738465,1.492571339440901,0.7173463084557028,N < 100,,1.9263385777346682,-22.102681553161567,4.630960079770449,0.09236563299399707,sub-0446
2,-1.5929090555085388,1.3054133929555929,0.8888118003612857,N < 100,,2.0728825356803853,-22.837397589196257,4.359022422682349,1.472507750287968e-17,sub-0446
3,-3.138677384497589,2.5172956228580903,0.8937728260595907,N < 100,,1.6231106854242467,-24.383165918185306,3.606806321842338,0.04835521533032685,sub-0446
0,0.0,0.0,,,,2.294022082232195,-19.517619049723294,3.897327278983412,0.5680287344031504,sub-0447
1,-0.11709472720031933,1.9986714084364754,0.5233591814414571,N < 100,,1.091808324761889,-19.63471377692361,3.2591939713395672,0.4249013859605014,sub-0447
2,-2.9946560068166335,3.4644555263938193,0.806314369959043,N < 100,5 k̂ > 0.70,3.478807947654385,-22.512275056539927,5.52691458058431,0.007069879636347861,sub-0447
3,-3.1222452783556705,1.6694856858225948,0.9692708588023154,N < 100,,1.2441949840631292,-22.63986432807896,3.7860883665082814,2.892651396191326e-16,sub-0447
0,0.0,0.0,,,1 k̂ > 0.70,1.830268516414371,-20.642250727430337,4.155072269109073,0.6918407477050834,sub-0448
1,-0.3476080932072456,1.4371471672153304,0.595560982669636,N < 100,,1.2132801218876845,-20.989858820637593,3.5791223119147975,0.3081592522949176,sub-0448
2,-0.6242359170097043,0.932312988243985,0.7484296199183735,N < 100,1 k̂ > 0.70,1.1694104883327157,-21.26648664444005,3.4521064331006643,0.0,sub-0448
3,-9.403744056571089,2.734019906641703,0.9997086376249816,N < 100,2 k̂ > 0.70,4.482386958415219,-30.04599478400143,4.927197689596554,1.2728533504979822e-16,sub-0448
0,0.0,0.0,,,2 k̂ > 0.70,2.4675431463356765,-33.53957256490092,3.2917540980664355,0.7806841121784618,sub-0449
1,-0.3943359513382223,1.2077938790187064,0.6279742151310164,N < 100,,1.4064519599179046,-33.93390851623914,2.9841919652310027,0.12066905438863502,sub-0449
2,-0.5509243864266757,1.348673597894511,0.6585442959318711,N < 100,,1.6164702828670645,-34.090496951327594,2.5122549781221784,0.0986468334329063,sub-0449
3,-4.067144416500502,1.5249489830441159,0.9961742038789146,N < 100,,1.179953960292296,-37.60671698140142,2.8660246221316776,0.0,sub-0449
0,0.0,0.0,,,,1.7624115312172697,-26.331422678153885,4.211849289368631,0.7802574630847703,sub-0450
1,-1.0837625359801581,2.001230998169753,0.7059350201022613,N < 100,,2.0174969323682457,-27.41518521413404,4.428516826716159,0.2197425369152297,sub-0450
2,-1.5430836129264058,1.9637397962437255,0.7840042175511889,N < 100,,2.0692697853095776,-27.874506291080294,4.2891813184278025,0.0,sub-0450
3,-4.809573599092458,2.6428979501992567,0.96560607049458,N < 100,,1.9871843820150779,-31.140996277246344,3.9893188037186964,7.217533862236003e-16,sub-0450
0,0.0,0.0,,,,2.047982274136067,-22.218982425768846,4.263760173701447,0.6221391902097467,sub-0451
1,-1.0785234351441009,3.4489842570094673,0.6227485725084931,N < 100,,1.387100987873637,-23.29750586091295,2.92131025177238,0.37786080979025044,sub-0451
2,-1.250878925903562,1.7122755419730458,0.7674686920402567,N < 100,,1.0555376446196356,-23.46986135167241,3.1276816523796964,1.23609062348818e-15,sub-0451
3,-1.8027812937179455,1.8135799504180907,0.839899682700409,N < 100,,1.1319630112680072,-24.021763719486792,3.266327918739287,1.783017107681063e-15,sub-0451
0,0.0,0.0,,,,0.9486186719452844,-14.108244931287407,2.1066254392852986,0.9999999999999938,sub-0452
1,-2.2145545008335112,0.7818251873529626,0.9976910418662043,N < 100,,0.6105228629698314,-16.322799432120917,1.667781682970924,0.0,sub-0452
2,-5.605971692272272,2.4416438164991825,0.9891615615578855,N < 100,,1.7233535849890116,-19.71421662355968,3.215274466205069,4.163336342344337e-16,sub-0452
3,-8.511858877202561,1.6629747239606665,0.9999998459744575,N < 100,,0.976121461506209,-22.62010380848997,2.8304040715357153,1.0158540675320182e-14,sub-0452
0,0.0,0.0,,,,1.037188385552927,-15.905322555786247,3.195034997089,0.617614279516463,sub-0453
1,-0.44636488239895566,1.716345896332547,0.6025939434656506,N < 100,4 k̂ > 0.70,1.8070692640771875,-16.351687438185202,4.381889530631962,0.3823857204835378,sub-0453
2,-3.4031094376676476,1.4987968310895947,0.9884132127589946,N < 100,,2.969688078091015,-19.308431993453894,4.2041637303471076,0.0,sub-0453
3,-7.110408350679947,2.3170813554268697,0.9989250083420277,N < 100,,1.6434599593768222,-23.015730906466196,4.270586508417882,1.5076915410583425e-15,sub-0453
0,0.0,0.0,,,2 k̂ > 0.70,3.4979154923178615,-21.576873594288656,5.462385940121293,0.902717163030257,sub-0454
1,-1.966941009913013,2.156977148881106,0.8190885318104097,N < 100,,2.1402282699202884,-23.543814604201664,4.59385821959917,0.03510048958029625,sub-0454
2,-5.8292715196943075,2.7750103570761397,0.9821632947329745,N < 100,,3.0361398173668324,-27.406145113982966,4.285827920237596,4.573433082317953e-15,sub-0454
3,-7.107961477466523,3.547555980852896,0.9774447203624826,N < 100,,1.9577254427740234,-28.68483507175518,4.016014001865709,0.06218234738944227,sub-0454
0,0.0,0.0,,,,1.964445160528783,-22.418719053422222,4.569060381360339,0.6772784723864016,sub-0455
1,-0.22203038761000649,1.1007937096131206,0.579924473949717,N < 100,,2.0256085339257472,-22.640749441032224,4.71157996830745,0.3227215276135995,sub-0455
2,-1.3388617905642928,1.0804351957725091,0.8923619659216683,N < 100,,2.786963132079261,-23.75758084398651,4.608751743783446,0.0,sub-0455
3,-1.745640275156016,1.1071174265875416,0.9425727287756482,N < 100,1 k̂ > 0.70,3.240658243861773,-24.16435932857823,5.126748177084677,0.0,sub-0455
0,0.0,0.0,,,,1.0197758940816695,-17.26849808553246,3.3256807590472,1.0,sub-0457
1,-1.380715502522511,0.9982861621694116,0.9166807338095397,N < 100,,1.7855341589064868,-18.64921358805497,3.943187199604914,5.551115123125783e-16,sub-0457
2,-2.8907419237935823,2.1028561300911814,0.9153837526790081,N < 100,,1.8050029869456985,-20.15924000932604,3.737785710798745,0.0,sub-0457
3,-4.723923540766489,1.9695903739002776,0.9917672258026617,N < 100,,1.4737062520745283,-21.99242162629895,4.239774585806368,0.0,sub-0457
0,0.0,0.0,,,,2.5937982894388973,-22.22623050852645,5.498051637908732,0.8280360755681756,sub-0458
1,-1.5184885434203412,1.6007351526878646,0.8285929093478444,N < 100,,3.8789226861768435,-23.744719051946788,6.41680701736466,6.011321675566592e-17,sub-0458
2,-1.7516474628902197,1.4957608416346178,0.8792155948157847,N < 100,1 k̂ > 0.70,3.3548772321165714,-23.977877971416667,4.953614399139103,0.0,sub-0458
3,-3.2356631284588504,4.007175600480954,0.7903013369856569,N < 100,,1.8792742000151146,-25.4618936369853,4.317562008970655,0.17196392443182598,sub-0458
0,0.0,0.0,,,,1.407477389314375,-18.121717147687647,3.5888421786302254,0.5389023143542641,sub-0459
1,-0.39189541939980543,0.8788131819388924,0.6721786661333998,N < 100,,1.8214185470919448,-18.513612567087453,4.010160413547473,0.0853523309472219,sub-0459
2,-0.6031812832917662,2.195918181931837,0.6082200841417837,N < 100,,1.5846316658394353,-18.724898430979408,3.4071721536162767,0.37574535469851417,sub-0459
3,-2.8445111084027754,2.2245790785508333,0.8994940350681269,N < 100,,1.8105028698900336,-20.966228256090417,4.4749005239380555,0.0,sub-0459
0,0.0,0.0,,,,0.9763208001612889,-37.836349341001814,2.5912580483574597,0.9999999999999986,sub-0460
1,-1.0907415942467722,0.8205662972408363,0.9081180203608441,N < 100,,1.2725899578235953,-38.927090935248586,3.1208040635178538,6.38378239159465e-16,sub-0460
2,-1.1639779258182301,0.8352489330214805,0.9182762661844317,N < 100,,1.3674542936766148,-39.000327266820044,2.2587416915485092,3.9660140381025755e-16,sub-0460
3,-4.259592910457887,2.4632186927040975,0.9581204334558084,N < 100,,1.620550860325232,-42.095942251459704,0.6740036734861738,3.191891195797325e-16,sub-0460
0,0.0,0.0,,,2 k̂ > 0.70,1.4367065361897293,-19.139008781100618,3.6408372740963926,0.9999999999999982,sub-0461
1,-1.2545516904021135,0.8042527505451319,0.9406079231363532,N < 100,2 k̂ > 0.70,2.214725359174769,-20.39356047150273,4.121556734530321,3.191891195797325e-15,sub-0461
2,-3.596068100005464,1.0426695645740462,0.9997185674806617,N < 100,2 k̂ > 0.70,1.5447066865215726,-22.735076881106075,3.5524701240653855,2.7755575615628914e-16,sub-0461
3,-10.435106721435217,3.2276254719661246,0.9993876407561613,N < 100,,1.9842421957625938,-29.574115502535832,4.140152330741958,0.0,sub-0461
0,0.0,0.0,,,,1.8882157120013496,-26.075510288576943,4.2163515330075185,0.9999999999999981,sub-0462
1,-0.3010727762229948,0.30121570545578225,0.8412299018058368,N < 100,,2.2528856499569088,-26.37658306479993,4.311014871113419,1.5543122344752192e-15,sub-0462
2,-1.077194099175637,1.0609249344464717,0.8450268902971438,N < 100,,1.490885568490663,-27.15270438775258,4.059079947669403,7.33071852745142e-16,sub-0462
3,-8.314035049563456,2.378581722419079,0.9997633019190971,N < 100,,4.2158883069069155,-34.389545338140394,3.3544747621898017,0.0,sub-0462
0,0.0,0.0,,,,2.0211006959550866,-19.978710861354728,4.635395874978602,0.9136069215642724,sub-0463
1,-0.7557593923368895,1.1923143967669938,0.7369136271673131,N < 100,,2.1467153949476057,-20.73447025369162,4.9836238137469895,0.009190230754158767,sub-0463
2,-1.5250024036218015,1.3179906922897822,0.8763773305110245,N < 100,,2.667161601108844,-21.503713264976525,4.494140605116306,1.1778499735836444e-16,sub-0463
3,-4.195773005617381,3.236988838273403,0.9025460706957728,N < 100,,1.8847636298676382,-24.174483866972103,4.458885979670278,0.07720284768156879,sub-0463
0,0.0,0.0,,,3 k̂ > 0.70,0.678620939420344,-24.144058161418855,4.832218650920418,0.8095516928831782,sub-0464
1,-0.20580809857989912,0.7880109735721216,0.6030208952676743,N < 100,,0.8200754301926834,-24.34986625999876,4.087359050475598,0.0,sub-0464
2,-1.4199651522548038,1.5651847387952675,0.8178544703016768,N < 100,,1.2085555947691542,-25.56402331367366,3.4507774228825547,0.0,sub-0464
3,-5.540762890189317,4.717409115732959,0.8799096321645193,N < 100,,1.7418636276857156,-29.684821051608175,3.85640945354444,0.1904483071168252,sub-0464
0,0.0,0.0,,,,1.934585391965701,-24.834706441582227,4.356316068625601,0.6336172270330869,sub-0466
1,-0.42232543789974564,1.914335443311345,0.5873027353342478,N < 100,,1.3377753057746689,-25.25703187948197,3.540081514297244,0.366382772966913,sub-0466
2,-0.69630768266296,1.9242958646432968,0.6412681748321851,N < 100,,1.7681691837419053,-25.531014124245182,4.108448631174446,0.0,sub-0466
3,-3.1639041192101054,2.5762812588293844,0.8902933252769041,N < 100,,1.3687297583712776,-27.99861056079233,3.4916120426831347,2.409097227262791e-16,sub-0466
0,0.0,0.0,,,,1.5142121433518214,-29.88607246910542,3.373771795583814,0.999999999999997,sub-0467
1,-0.664643584195904,0.5270007390309853,0.8963782693722473,N < 100,,1.8878968540694105,-30.550716053301326,3.728833957854507,2.6367796834847468e-15,sub-0467
2,-2.17517577174789,0.5796954159637582,0.9999123809475909,N < 100,,1.6352093006668798,-32.06124824085332,3.519197267904824,0.0,sub-0467
3,-3.3718601435837083,1.3600200961578137,0.9934174620055632,N < 100,,1.7176597294730758,-33.25793261268913,3.4417988261170755,7.008282842946301e-16,sub-0467
0,0.0,0.0,,,,1.4060683193861934,-18.0511598041767,4.196231936224708,0.9999999999999998,sub-0469
1,-0.8006845718411109,0.93864007510555,0.803177611082567,N < 100,,2.158425799942841,-18.85184437601781,4.729913153451722,0.0,sub-0469
2,-3.397693703208999,1.5152341532350198,0.9875307986941091,N < 100,,1.5302820692776171,-21.4488535073857,3.927817911032923,9.404689618874673e-16,sub-0469
3,-3.951079433694076,2.2596749495422794,0.9598127036266012,N < 100,,1.545043126562921,-22.002239237870775,4.223251946261356,0.0,sub-0469
0,0.0,0.0,,,,1.7888257867882815,-26.835134077002273,4.20790650156926,0.6706996402075672,sub-0470
1,-1.2768243327722484,2.5820539638531432,0.6895232619234529,N < 100,2 k̂ > 0.70,2.4657859567095155,-28.111958409774523,5.800129266287413,0.32930035979243255,sub-0470
2,-2.533706894952367,1.753614197245222,0.9257497818879772,N < 100,,1.8504988627051315,-29.36884097195464,4.180598187760845,4.564153991826144e-16,sub-0470
3,-2.6420997695752266,2.101144218342276,0.8957060087409026,N < 100,1 k̂ > 0.70,1.7265540904754684,-29.4772338465775,4.45000419782662,0.0,sub-0470
0,0.0,0.0,,,,1.0068695113353066,-18.278173437364178,3.3072359874982524,1.0,sub-0471
1,-1.25193705831499,1.167644805549564,0.8581826445242537,N < 100,,1.8269024478487792,-19.53011049567917,4.268355416308385,9.992007221626409e-16,sub-0471
2,-3.3138657779672673,1.7955209914188186,0.9675269603461685,N < 100,1 k̂ > 0.70,2.6405622658938106,-21.592039215331447,4.41094268725248,0.0,sub-0471
3,-4.036920815023528,1.6740121203975513,0.9920570022018886,N < 100,,1.498497523998056,-22.315094252387706,4.39694182675991,0.0,sub-0471
0,0.0,0.0,,,,1.0222017729866617,-17.010248046242115,3.199632889859052,0.5855002154624424,sub-0472
1,-0.19754569282452117,1.3588928762337076,0.5577916231811862,N < 100,,1.717846893539136,-17.207793739066638,4.040889991103229,0.41449978453755837,sub-0472
2,-1.954415585249663,1.784265348022472,0.8633208551125197,N < 100,,1.3585695056087133,-18.96466363149179,3.909966757446788,0.0,sub-0472
3,-3.6674530018129516,1.6283403180294027,0.9878472171780669,N < 100,,2.38116489369799,-20.677701048055074,4.312094583759196,0.0,sub-0472
0,0.0,0.0,,,1 k̂ > 0.70,2.2654090604332753,-22.597754464790206,5.22280535199633,0.4309852673548243,sub-0474
1,-0.5188076124375574,1.9740940019474182,0.6036506990338795,N < 100,,1.2196797757185474,-23.11656207722777,3.6553497785238553,0.2997353706338077,sub-0474
2,-1.5931406868417772,1.4170441544193488,0.8695508175369272,N < 100,,1.9296999205029444,-24.19089515163198,5.276452371961942,7.651247928877689e-16,sub-0474
3,-1.6373824135338904,2.466783630870898,0.7465819415320932,N < 100,,2.244145262573075,-24.2351368783241,5.700032804638854,0.26927936201136726,sub-0474
0,0.0,0.0,,,1 k̂ > 0.70,1.4255234927001594,-19.479396274511487,2.837633026857998,0.671972113138948,sub-0475
1,-2.3249693523236292,3.6609503085179034,0.7373094776341994,N < 100,,2.035596205004742,-21.804365626835114,4.006706066984587,0.32802788686105155,sub-0475
2,-2.457065712785358,3.0479176191344672,0.789920581026319,N < 100,,1.2336713558132195,-21.936461987296845,3.4112976136367306,7.563231226839457e-17,sub-0475
3,-4.369078659962593,3.5940174458306564,0.8879414625683304,N < 100,,1.3031197768888365,-23.848474934474076,3.3998984140478643,2.5969352536459045e-16,sub-0475
0,0.0,0.0,,,,1.7551115094431848,-18.858342324721256,3.825714139064866,0.9800512553455507,sub-0476
1,-1.6304431455390258,1.6995373697584768,0.8313075829405769,N < 100,,0.8172344094857492,-20.488785470260282,2.530924085196083,0.01994874465444854,sub-0476
2,-3.3086708747818747,2.2935891115725946,0.9254296737234741,N < 100,,1.7558047069365077,-22.16701319950313,3.8710382100200964,0.0,sub-0476
3,-4.413984830237679,1.5087871177405636,0.9982805871057674,N < 100,,1.0195723510327714,-23.27232715495893,3.0211813273442734,1.4131491116176065e-15,sub-0476
0,0.0,0.0,,,,2.194136678469568,-32.770323470074835,3.6087969343166697,0.8016196701122422,sub-0477
1,-0.2663241368509226,0.9508647766518253,0.6102943280759829,N < 100,,2.604712809098933,-33.03664760692575,4.497467449962553,0.19838032988775814,sub-0477
2,-3.1585862973728265,1.7095936856523024,0.9676673871219427,N < 100,1 k̂ > 0.70,2.6101548291884997,-35.92890976744766,3.2986157117572095,0.0,sub-0477
3,-3.220827389103494,1.8555627960836298,0.9586976090645003,N < 100,,1.433542939093451,-35.99115085917832,3.133977229333976,0.0,sub-0477
0,0.0,0.0,,,,1.3024568351207768,-16.43674433035042,4.148059175925794,0.6512585438600256,sub-0478
1,-0.2432963504354948,1.2153971885605435,0.5793294978359926,N < 100,1 k̂ > 0.70,2.1080537296628563,-16.680040680785915,4.748034215465334,0.3487414561399745,sub-0478
2,-2.203622145781438,2.232909472046316,0.8381501922821162,N < 100,,1.4552560901755083,-18.64036647613186,4.285185334261122,4.716606032298288e-17,sub-0478
3,-2.4408999446973194,2.8476025569615415,0.8043265154177397,N < 100,2 k̂ > 0.70,3.05909082959014,-18.877644275047743,5.911688714510555,0.0,sub-0478
0,0.0,0.0,,,1 k̂ > 0.70,1.2609333038546757,-16.451288022621178,3.6965679298186878,1.0,sub-0479
1,-1.1419167080738521,0.7997520816880338,0.9233308069124078,N < 100,,1.9498675938981134,-17.593204730695028,4.277420604787804,1.8596235662471372e-15,sub-0479
2,-4.242452577581309,1.5018144427235485,0.997635118060863,N < 100,,1.4468131155537556,-20.69374060020248,3.535766652604865,0.0,sub-0479
3,-5.903244694816237,2.4130102049330655,0.9927859279076372,N < 100,,1.8893766729175994,-22.354532717437408,4.660008021107837,0.0,sub-0479
0,0.0,0.0,,,,0.8206342642150576,-21.00903401497083,2.6621927912351624,0.5598798304679058,sub-0480
1,-0.06575278801570583,0.910178560370453,0.5287951944070939,N < 100,,1.2919181077277029,-21.074786802986537,3.358545854183123,0.44012016953209754,sub-0480
2,-3.5088321019448436,1.5444912115300973,0.9884518179144277,N < 100,,1.805643569661995,-24.51786611691567,3.7952121980924285,5.008952965438226e-16,sub-0480
3,-5.43068144001154,1.747687352547493,0.9990561456137771,N < 100,,1.3986793895592418,-26.43971545498237,3.6732425136239546,0.0,sub-0480
0,0.0,0.0,,,,1.801484710481223,-23.161489626152537,4.444822466052987,0.6305410265697612,sub-0481
1,-1.092611068250891,3.108017270134003,0.6374106190972099,N < 100,,2.1329908957196295,-24.254100694403427,4.525228139223062,0.36945897343023865,sub-0481
2,-1.2798395972635905,1.1173967633767783,0.8739733121469208,N < 100,,2.640794763280563,-24.441329223416126,4.5406824491146995,4.73632391521337e-16,sub-0481
3,-5.618655324516361,3.1987569112335974,0.9604994992022639,N < 100,2 k̂ > 0.70,5.494811976604925,-28.78014495066889,6.016706253207136,0.0,sub-0481
0,0.0,0.0,,,,1.95179458816294,-24.136586492417706,4.066972921247619,0.9999999999999969,sub-0482
1,-1.5966416582734366,1.1425149913830681,0.9188653363537098,N < 100,,2.513106453140892,-25.73322815069114,4.84570019377843,7.216449660063518e-16,sub-0482
2,-2.2545610449849693,0.8521016820604594,0.9959260960060443,N < 100,,2.5854519169497197,-26.391147537402674,3.844668386536213,1.4710455076283324e-15,sub-0482
3,-4.539096902801182,1.9222879139228213,0.9908944842620449,N < 100,,1.7461426144428582,-28.67568339521889,3.6345968305881797,9.43689570931383e-16,sub-0482
0,0.0,0.0,,,1 k̂ > 0.70,0.7370853772738268,-14.732959182499929,3.1113556574634003,1.0,sub-0483
1,-0.7020223430840558,1.100606644756885,0.7382144526672845,N < 100,,0.8455552567859973,-15.434981525583984,2.802669668740706,1.6653345369377348e-16,sub-0483
2,-2.831685672038894,1.6163196577731043,0.9601074377391303,N < 100,1 k̂ > 0.70,3.2194811449061995,-17.564644854538823,3.9230688183917533,0.0,sub-0483
3,-8.41134643670613,2.750092605535343,0.9988880136171925,N < 100,,1.3834932288604418,-23.144305619206058,4.05934660755077,1.3877787807814457e-16,sub-0483
0,0.0,0.0,,,,1.4863600225671092,-18.42989872773785,4.124957908100962,0.9999999999999958,sub-0484
1,-1.4802699390732812,0.5651286739082532,0.995595127991741,N < 100,,1.9267299944630911,-19.91016866681114,4.377119254016909,5.551115123125783e-17,sub-0484
2,-1.8671648287795488,1.3713093299588965,0.9133367762458077,N < 100,,1.824436861158088,-20.2970635565174,4.305646098413866,0.0,sub-0484
3,-6.0906142610643155,2.150420184045177,0.9976892066607543,N < 100,,1.8259298947445666,-24.520512988802174,4.533359283922214,4.3021142204224816e-15,sub-0484
0,0.0,0.0,,,,2.1541700951294396,-26.113811180582246,4.946857566871834,1.0,sub-0485
1,-0.43845643355929376,0.8188662009863014,0.7038283276943658,N < 100,,1.9568662187383319,-26.55226761414154,4.2313105601468095,0.0,sub-0485
2,-4.6012885436689,2.205131501492792,0.9815391007656863,N < 100,2 k̂ > 0.70,2.9093994024143512,-30.715099724251147,3.9177383396840217,0.0,sub-0485
3,-5.532610149823565,2.582635881974018,0.9839126677581376,N < 100,,1.6843000986464878,-31.64642133040581,3.826075646834618,5.091413401991929e-16,sub-0485
0,0.0,0.0,,,4 k̂ > 0.70,1.5844002199965843,-13.90465826765804,4.634459422591365,0.7230616584064375,sub-0486
1,-0.15194338884533742,0.9718942455079462,0.5621164486893865,N < 100,1 k̂ > 0.70,0.6315312151633864,-14.056601656503377,3.886218118615597,0.030786469588379942,sub-0486
2,-1.1420156910574324,1.1265227740290114,0.8446496544638838,N < 100,1 k̂ > 0.70,1.2845378117829351,-15.046673958715472,3.758129424349544,1.7468540536655736e-16,sub-0486
3,-1.3793415835210432,2.5755579213685325,0.7038654101442019,N < 100,1 k̂ > 0.70,1.2599032500298102,-15.283999851179082,3.6208312676623327,0.24615187200518238,sub-0486
0,0.0,0.0,,,,1.9827694487705405,-27.057816198626234,4.43578665411727,0.5602160822674831,sub-0487
1,-0.15832728950343622,2.066694879064868,0.5305326738292431,N < 100,,2.0965670547137636,-27.216143488129667,4.32207140200654,0.43978391773251674,sub-0487
2,-0.32508214923428547,0.9860979909009084,0.6291735081359471,N < 100,,2.702697669340265,-27.382898347860518,4.276818870334657,2.6386446596179815e-16,sub-0487
3,-0.8097092216683341,2.1591503382071213,0.6461745621797707,N < 100,3 k̂ > 0.70,2.9107412824938894,-27.86752542029457,4.800904004483207,0.0,sub-0487
0,0.0,0.0,,,,2.417856627742286,-18.810506613807902,3.8131094229343336,0.5791565578885642,sub-0488
1,-0.37433821843177384,2.1116729143670643,0.5703522076285612,N < 100,,1.5178158624278544,-19.18484483223968,3.623098276393013,0.4208434421114346,sub-0488
2,-1.7911409162829557,2.442343943118508,0.7683334967427202,N < 100,,1.6279235982350249,-20.60164753009086,3.895378405415089,8.870290661099189e-16,sub-0488
3,-5.554402765154551,2.425831181002589,0.9889803696016577,N < 100,,1.8373444631605558,-24.36490937896245,4.561033934914168,1.7328261221749575e-16,sub-0488
0,0.0,0.0,,,,1.0929403577940655,-18.85860567685593,2.2882603551274427,0.9999999999999826,sub-0489
1,-1.8251192736434696,0.8779318712669482,0.9811860326118181,N < 100,,0.7786410825497214,-20.683724950499396,2.0213143783094045,0.0,sub-0489
2,-5.441304978434692,1.2659851374095579,0.999991385787814,N < 100,,0.8984898584780984,-24.29991065529062,2.2116790473024674,7.16093850883226e-15,sub-0489
3,-7.260404269436403,1.538912611120187,0.9999988084221778,N < 100,,1.5058730220694434,-26.11900994629233,2.6771235859843103,1.6542323066914832e-14,sub-0489
0,0.0,0.0,,,1 k̂ > 0.70,2.1366518320505468,-21.94196595037505,5.13891529320076,0.9187104843146422,sub-0490
1,-3.612475008748464,1.981033603538053,0.9658884517965277,N < 100,,1.5418827763686695,-25.554440959123518,3.9643949872497632,0.0,sub-0490
2,-6.265345447034554,3.612057008317803,0.9585910039185263,N < 100,,1.0944038075397973,-28.207311397409608,4.055945300754929,0.08128951568536325,sub-0490
3,-6.923207808228846,3.447111697360139,0.9777000401750341,N < 100,,1.4997470962445463,-28.8651737586039,3.67874934961398,0.0,sub-0490
0,0.0,0.0,,,,2.130643704765651,-30.35161027284986,4.314792821170122,0.6296597491282764,sub-0491
1,-0.6241545236972694,2.0604364538060977,0.6190259008722504,N < 100,,2.2211338530218936,-30.975764796547132,3.917335703062134,6.6516829735255465e-18,sub-0491
2,-1.274554650093469,1.9089200898885992,0.7478322116952546,N < 100,,2.175321109423237,-31.62616492294333,3.776503331638503,0.0,sub-0491
3,-1.3188145170475334,3.2462301545913426,0.6577243330632601,N < 100,,1.9965545786250454,-31.670424789897396,3.8298751854657724,0.37034025087172373,sub-0491
0,0.0,0.0,,,2 k̂ > 0.70,4.089127504488149,-23.585469623997174,5.286358684874218,0.723267067653775,sub-0492
1,-0.7691117305730613,1.9533826197578512,0.6531110130368969,N < 100,,1.7684699244427116,-24.354581354570236,4.0134248450320715,0.27673293234622504,sub-0492
2,-1.7657658569161976,2.2656452434799816,0.7821177951225603,N < 100,,2.080299891834231,-25.351235480913374,3.9440921126547694,0.0,sub-0492
3,-3.9727120969095564,3.1779571608327943,0.8943654931971737,N < 100,,1.7871053577736138,-27.55818172090673,4.023596641640915,0.0,sub-0492
0,0.0,0.0,,,,2.30355970278687,-20.804286888707686,5.183924475183616,0.6123957916948923,sub-0494
1,-0.09030808685535874,1.0742298392174419,0.5334987176671168,N < 100,,1.938640984539778,-20.894594975563045,4.6012265179989615,0.3876042083051074,sub-0494
2,-2.3647666162576186,1.5565715412648993,0.9356457889703782,N < 100,,2.8971851740981673,-23.1690535049653,4.393364723814194,3.3046406708195066e-16,sub-0494
3,-2.6855960428609684,2.0880214258317733,0.9008119344946172,N < 100,,1.9119694114418397,-23.48988293156865,4.4819874364998045,0.0,sub-0494
0,0.0,0.0,,,,1.5075594163082087,-21.312561665529437,3.8714255553837873,0.5398296647126346,sub-0495
1,-0.24498624143550884,1.990162189293181,0.548985502422575,N < 100,,2.4505997824118593,-21.557547906964942,4.237081302419657,0.0,sub-0495
2,-0.3552438689579791,2.7090111557921563,0.5521654057709974,N < 100,,1.6288993533891263,-21.667805534487414,4.108325597100738,0.4601703352873652,sub-0495
3,-3.965143920499326,2.8541640156459125,0.9176214457634804,N < 100,2 k̂ > 0.70,4.460608260666339,-25.27770558602876,6.043542503319259,5.673979781683374e-16,sub-0495
0,0.0,0.0,,,,1.9860828748720394,-25.969325759469484,4.329387704432862,0.9999999999999988,sub-0496
1,-0.7358460989938838,0.5686754771546866,0.9021612250188009,N < 100,,2.0453500515629806,-26.70517185846337,4.741501888098404,0.0,sub-0496
2,-1.6456938614652152,0.7146474388946134,0.9893550979914216,N < 100,,2.660281504820296,-27.615019620934703,4.387966960537493,1.5929406254185859e-15,sub-0496
3,-2.3050042016529932,1.2420116386910856,0.9682634993831534,N < 100,,2.1026086485073456,-28.274329961122483,4.446929992141944,3.8163916471489756e-17,sub-0496
0,0.0,0.0,,,1 k̂ > 0.70,1.6626072587234135,-22.19046746448014,4.359418295421799,0.8786513133786178,sub-0497
1,-1.2578052805867976,0.962465468332678,0.9043694552227476,N < 100,,2.9052814582666624,-23.448272745066937,4.218565906426411,2.6116951760597915e-15,sub-0497
2,-5.178007859872885,3.6800947819715004,0.9202909185537296,N < 100,,2.0029925302274396,-27.36847532435303,3.9506217147196687,0.12134868662137545,sub-0497
3,-8.817624957730148,3.3296554014669826,0.995954031526682,N < 100,3 k̂ > 0.70,6.34425953018862,-31.008092422210282,5.844636626539263,4.059038071652105e-15,sub-0497
0,0.0,0.0,,,,1.6913475433396938,-21.16688459548427,4.337922211815905,0.5469164831517982,sub-0498
1,-0.5931575212077549,2.8479179656333202,0.582493889949336,N < 100,,1.8768617195381663,-21.760042116692027,4.7477837811451105,0.4530835168482018,sub-0498
2,-1.005304527616972,2.560481172393113,0.6527011303257195,N < 100,,2.515455117037254,-22.17218912310124,5.049719044129999,0.0,sub-0498
3,-1.554067604615926,2.5617607326408876,0.727955214841598,N < 100,,2.341361046957035,-22.720952200100193,5.1201104547989695,7.806255641895632e-17,sub-0498
0,0.0,0.0,,,,1.5934968192216423,-22.595307408550433,4.316924390466567,0.947378900963628,sub-0499
1,-0.48729881074745585,0.8793627829265824,0.7102618737777636,N < 100,,2.074291533294854,-23.082606219297887,4.607834429228142,3.9782839412992033e-16,sub-0499
2,-3.0283841450887747,2.546524454524762,0.8828239360462727,N < 100,,2.206293857297781,-25.623691553639212,4.765127207546627,0.0526210990363731,sub-0499
3,-4.26024257774942,2.4430873620642557,0.9594025447955318,N < 100,1 k̂ > 0.70,2.7867451851471685,-26.855549986299856,5.033405769780783,0.0,sub-0499
0,0.0,0.0,,,,1.7436883101041936,-20.573803319279797,4.202715565509871,0.9999999999999987,sub-0500
1,-0.30392397276959393,0.8044819920887853,0.647206107918436,N < 100,,2.045894773823939,-20.877727292049393,4.854955314737925,7.632783294297951e-16,sub-0500
2,-2.56576947734694,0.8004466502703802,0.999325677542847,N < 100,1 k̂ > 0.70,2.5448254233345207,-23.139572796626737,4.073918896061347,7.912749442810626e-16,sub-0500
3,-9.178763510765686,2.6949537210722907,0.999670277598034,N < 100,,1.7483579866788794,-29.752566830045485,3.786156142779014,0.0,sub-0500
0,0.0,0.0,,,,1.8378935562971268,-31.238849367320356,4.1038684430877845,0.889401611169312,sub-0501
1,-1.0902926313883317,1.6449969221387553,0.7462684675687199,N < 100,2 k̂ > 0.70,1.381159186613026,-32.32914199870869,3.987056627234667,0.11059838883068764,sub-0501
2,-1.4718604318643234,1.3957448164802477,0.8541807596939597,N < 100,,2.1607687967231928,-32.710709799184684,3.903144932482172,4.217966330222421e-16,sub-0501
3,-3.536615974175562,2.626374761947378,0.9109417548445053,N < 100,3 k̂ > 0.70,3.9505704407777156,-34.77546534149592,5.5500689923919015,0.0,sub-0501
0,0.0,0.0,,,,1.0929557918207295,-21.950636854509355,4.651993713315711,0.4355599794677539,sub-0503
1,-0.021958900078028698,0.648594897905994,0.5135040537932889,N < 100,1 k̂ > 0.70,1.6710609200400668,-21.972595754587392,4.346046703557291,0.1262147714918799,sub-0503
2,-0.024721202592292713,1.450099578407367,0.5068008124309038,N < 100,,1.254765007486394,-21.97535805710165,3.8488502024663402,0.43822524904036664,sub-0503
3,-3.938893246202369,2.556938361370697,0.9382773902527931,N < 100,,1.5004980335283857,-25.889530100711728,4.028841787665868,0.0,sub-0503
0,0.0,0.0,,,,1.9014647441347077,-22.15305019254073,4.5699140305202235,0.4854184764666912,sub-0504
1,-1.7459971215364032,2.316091595082479,0.7745318389818043,N < 100,3 k̂ > 0.70,4.524340464374794,-23.89904731407713,6.535352705935911,0.2790112716266161,sub-0504
2,-1.9895353404661478,2.628019037580052,0.7754893084785877,N < 100,2 k̂ > 0.70,0.9969313499626655,-24.142585533006873,4.20259907000351,0.235570251906693,sub-0504
3,-3.226629184923663,2.7626738976083605,0.8785839197941838,N < 100,,1.9106517126343934,-25.37967937746439,4.279297517976563,0.0,sub-0504
0,0.0,0.0,,,8 k̂ > 0.70,4.5756593425825764,-20.529899675488945,7.032386257437272,0.7017277145410238,sub-0505
1,-0.5444300580847017,4.759149177885493,0.5455382599044244,N < 100,,1.9088312993716272,-21.07432973357365,4.575999663760236,0.07420499344275584,sub-0505
2,-0.9844720374672349,6.145376077622481,0.5636371323068669,N < 100,,1.8717542459692456,-21.514371712956184,4.6499081687115575,0.22406729201622588,sub-0505
3,-2.3881849696098616,5.573102414878898,0.6658636548649908,N < 100,,2.8210072911930566,-22.91808464509881,4.411194554143177,0.0,sub-0505
0,0.0,0.0,,,,1.6353567574737709,-15.297961774194196,4.01240565998132,0.9200325129337587,sub-0507
1,-0.9075862828915238,1.4134641943868507,0.7395960841749685,N < 100,,2.454468270801886,-16.205548057085718,4.092325812896359,7.649799233602671e-16,sub-0507
2,-2.4701141227121646,1.3835182926064868,0.9629006320794499,N < 100,1 k̂ > 0.70,2.190560569635511,-17.76807589690636,4.457258333381243,2.3047638487241805e-15,sub-0507
3,-5.375376075089266,3.613256139793178,0.9315826099546728,N < 100,,2.053235528786179,-20.673337849283463,4.599979735199584,0.07996748706623837,sub-0507
0,0.0,0.0,,,,2.9202173213621996,-35.051500395799025,4.345378513126315,0.6287124481561673,sub-0508
1,-0.31629718106427784,2.0380920624096057,0.5616653315203389,N < 100,,2.197444710663911,-35.36779757686331,2.776907357956694,1.3350282300493565e-17,sub-0508
2,-0.6355369703210654,2.6361468456453543,0.5952556025727287,N < 100,,1.78256136542829,-35.687037366120094,2.8822058301052755,0.3712875518438328,sub-0508
3,-1.862645419615938,2.9693673779736067,0.7347644234349383,N < 100,2 k̂ > 0.70,2.0613589471443956,-36.91414581541497,2.5504914599629798,7.041757743587546e-18,sub-0508
0,0.0,0.0,,,,2.4405539183953437,-20.174913150095968,4.2443884018088704,0.5991356262571207,sub-0510
1,-0.44131448101115556,2.252374155159439,0.5776687058829996,N < 100,,1.2671994382432976,-20.616227631107126,3.667579739137953,0.4008643737428792,sub-0510
2,-2.9945071625927975,2.6861778714745297,0.8675284269854258,N < 100,,1.6460846709022914,-23.169420312688764,3.830653164143216,1.2892712797231332e-16,sub-0510
3,-3.3585659749734083,1.845977793032802,0.9655745379837575,N < 100,,1.6911978856816188,-23.533479125069377,4.302040807352469,0.0,sub-0510
0,0.0,0.0,,,,1.7351606795161738,-24.089160436312838,4.047344261659899,1.0,sub-0511
1,-1.577115738330856,0.786551714370838,0.9775238821220897,N < 100,1 k̂ > 0.70,2.483115086768209,-25.666276174643695,4.569670670672818,0.0,sub-0511
2,-2.3768748005281797,1.5916076808597548,0.9323311045675161,N < 100,,1.806214082743656,-26.466035236841023,4.172106047299356,0.0,sub-0511
3,-3.573779762541337,1.631288576471607,0.9857658171529083,N < 100,,2.5543403269492786,-27.66294019885418,4.207584278674632,5.551115123125783e-17,sub-0511
0,0.0,0.0,,,,2.006942781143672,-20.108052309665055,4.390854072211106,0.5508481581475416,sub-0512
1,-0.037622196699495625,0.9441677682945601,0.5158924235118767,N < 100,,1.3723852244085015,-20.14567450636455,3.9071607164556506,0.44915184185245766,sub-0512
2,-1.4936319099994337,1.5142809394026047,0.838022690186885,N < 100,,1.5771742384508178,-21.601684219664488,4.04164697628641,0.0,sub-0512
3,-3.89134620841436,1.8025806871868768,0.9845657577787812,N < 100,,1.601279849631975,-23.999398518079413,3.612923332492435,1.1718057080223332e-15,sub-0512
0,0.0,0.0,,,,1.8252540229039846,-29.331041499349446,3.728243360560364,1.0,sub-0513
1,-0.4746462002439378,0.39082172080147487,0.887718264915133,N < 100,,1.7749632665159656,-29.80568769959339,4.042359936986491,0.0,sub-0513
2,-0.5403421251248952,0.5079223697282914,0.8562967262639859,N < 100,,1.7706873919225794,-29.871383624474344,3.7304416814600336,0.0,sub-0513
3,-2.8293250295213523,1.5558505207295703,0.9655066594590609,N < 100,,1.5288104255670434,-32.1603665288708,3.550689979435307,1.3877787807814457e-17,sub-0513
0,0.0,0.0,,,,2.3233844563548893,-23.175721884937715,5.050256577506183,0.8535831993153521,sub-0514
1,-0.5217656831727346,0.8877456400835968,0.7216473679023784,N < 100,,2.136030790077959,-23.697487568110454,5.06645509330604,0.0,sub-0514
2,-0.7794526766863008,1.080035566453745,0.7647579691297981,N < 100,,2.478512288179057,-23.95517456162402,4.773612962041074,0.0,sub-0514
3,-1.7487602449744628,2.281530474452315,0.778306290319914,N < 100,,1.9115090017231895,-24.92448212991218,4.522666899673299,0.14641680068464827,sub-0514
0,0.0,0.0,,,,1.7865167407145341,-20.96151402563782,4.52781300956315,0.8158937100782137,sub-0515
1,-0.5317812454377684,0.8936393025345872,0.7241028958049853,N < 100,,2.5427600429731507,-21.49329527107559,4.8755835995755,3.224643949604216e-16,sub-0515
2,-2.1189314588598727,2.812541857605482,0.7743911955370548,N < 100,,2.379987882079238,-23.08044548449769,5.110353101928923,0.18410628992178613,sub-0515
3,-3.2272169388267162,3.331473779348242,0.8336539236193274,N < 100,,2.663034280394223,-24.188730964464533,5.641210912136721,0.0,sub-0515
0,0.0,0.0,,,3 k̂ > 0.70,1.6510608858106859,-14.871266003393016,3.67461005277433,0.8592102193132316,sub-0516
1,-1.0046844291589192,1.6270787371850124,0.7315400746354797,N < 100,1 k̂ > 0.70,0.7329106092893185,-15.875950432551935,2.478149609576467,0.14078978068674594,sub-0516
2,-4.823514335870232,1.320649211624695,0.9998700900903262,N < 100,1 k̂ > 0.70,1.327041007394814,-19.694780339263247,4.010824028911671,1.660046143814345e-14,sub-0516
3,-12.702116715293336,2.6552261887837707,0.9999991400144187,N < 100,,2.605241113689266,-27.57338271868635,2.3866552304506854,5.81140495968524e-15,sub-0516
0,0.0,0.0,,,6 k̂ > 0.70,3.9210745717593367,-20.619942905164113,6.504945770931564,0.7767367441317095,sub-0517
1,-1.120578050964994,2.289408964672744,0.6877425755564748,N < 100,,2.0389458479963167,-21.74052095612911,4.787111857792628,2.6822188714014897e-16,sub-0517
2,-2.5841789070157297,4.715652610404759,0.7081541415185307,N < 100,,1.5564960183169239,-23.204121812179842,4.628294011621267,8.249212436322902e-17,sub-0517
3,-2.7769549082078946,4.9945357712827825,0.7108940948849697,N < 100,,1.7226241975961478,-23.396897813372007,4.574882084291049,0.22326325586829024,sub-0517
0,0.0,0.0,,,,1.1913150540698358,-23.645123581697543,3.1931397941994124,0.5995327242748164,sub-0519
1,-0.16782828244345538,1.1884709754912597,0.5561494045699011,N < 100,,2.0923709084961883,-23.812951864141002,4.154947046015486,0.4004672757251837,sub-0519
2,-2.695198746412446,1.6242619044780497,0.9514761022388626,N < 100,,1.3452140348128394,-26.34032232810999,3.453011573340954,0.0,sub-0519
3,-3.4583129384469373,2.4616592996499387,0.919970129506068,N < 100,3 k̂ > 0.70,2.3113367199321986,-27.103436520144484,4.413013220443289,3.7383290907300193e-16,sub-0519
0,0.0,0.0,,,1 k̂ > 0.70,3.4328516079146696,-27.78488698046244,5.4449810208974245,0.8846830345887813,sub-0520
1,-3.9351761051792202,3.0509418196548745,0.9014440066915448,N < 100,,1.6571444167854255,-31.720063085641655,3.8545503511746113,0.016214255469017815,sub-0520
2,-5.170854259835529,3.1389658679521775,0.9502529720996634,N < 100,,2.2466684852683145,-32.95574124029796,3.5688091448960386,2.6762008074947484e-16,sub-0520
3,-5.646889838101714,3.730224974726125,0.9349642733629397,N < 100,1 k̂ > 0.70,1.5627491540729812,-33.431776818564146,3.749789510970456,0.09910270994220059,sub-0520
0,0.0,0.0,,,,1.983557606159365,-28.10692902831707,3.9915781235060583,0.5354860061441088,sub-0521
1,-0.04166152316295335,0.9627240356968921,0.5172586913450196,N < 100,,2.117583770942719,-28.14859055148002,3.990919403029026,0.4645139938558918,sub-0521
2,-0.5203414164787681,0.318952980767632,0.948597531208531,N < 100,,1.793932643078573,-28.62727044479584,4.18514073444154,0.0,sub-0521
3,-1.8158998998581728,2.3226749704443233,0.7828380653855065,N < 100,,1.8018236311253084,-29.922828928175242,3.7870975479318174,0.0,sub-0521
0,0.0,0.0,,,,2.103444390035652,-22.379723850926652,5.0519389690705685,0.7613868206539393,sub-0522
1,-0.9250485950553298,1.71987328314397,0.7046626557248664,N < 100,,1.9714056771857438,-23.30477244598199,4.556285103926039,0.019956705434875852,sub-0522
2,-1.1367644145482698,1.9978893334323102,0.7153160508577674,N < 100,,2.420810451856591,-23.51648826547492,4.492811590110502,6.546776042549449e-17,sub-0522
3,-1.966453735005926,2.853884122775836,0.7546024314286379,N < 100,,1.9242388031827529,-24.34617758593258,4.544785355194031,0.21865647391118467,sub-0522
0,0.0,0.0,,,1 k̂ > 0.70,1.0302812589746513,-22.33089769219989,4.319652737268699,0.5206436052568846,sub-0523
1,-0.8169171825068329,0.667328437204088,0.8895541761417459,N < 100,,1.8444920055025416,-23.147814874706718,4.385189292498953,0.0,sub-0523
2,-1.1866683823542985,4.034462179640584,0.615671854613211,N < 100,,2.4178003712745677,-23.517566074554182,5.099569164694205,0.47935639474311614,sub-0523
3,-2.4692551018136326,2.0311735277871197,0.8879463958172527,N < 100,1 k̂ > 0.70,4.816750480728595,-24.80015279401352,5.598192887506785,0.0,sub-0523
0,0.0,0.0,,,2 k̂ > 0.70,2.326238821628189,-19.597415271040667,5.421762871984264,0.9678119123924633,sub-0524
1,-4.4050068911687,2.6774004188328275,0.9500414001069528,N < 100,,1.4995069709080275,-24.002422162209367,4.026933345234094,0.032188087607536775,sub-0524
2,-5.170535880606362,2.716903810518157,0.97148616071763,N < 100,,1.2036973931093837,-24.767951151647033,4.517328679755132,0.0,sub-0524
3,-5.662465810941589,2.7817359576990044,0.9791040825185738,N < 100,,1.6650243675379164,-25.259881081982254,4.380338361739441,1.9335390493563365e-16,sub-0524
0,0.0,0.0,,,,1.5371317807046243,-18.138979150414585,4.164285288029278,0.8972738266039328,sub-0526
1,-0.5065453199018553,0.7410559619379691,0.7528688321929053,N < 100,,2.2486976451394045,-18.64552447031644,4.63400442971312,1.0961455193720078e-17,sub-0526
2,-1.1787412835648006,1.3327462539223842,0.81177208580768,N < 100,,1.9812234498773247,-19.31772043397938,4.660365643238831,5.3462180355151853e-17,sub-0526
3,-4.632291783624319,4.452045309206259,0.8509429679663849,N < 100,2 k̂ > 0.70,5.554563150575227,-22.771270934038895,7.561172713148552,0.10272617339606713,sub-0526
0,0.0,0.0,,,5 k̂ > 0.70,1.8662075149078277,-15.480920492669586,5.143617052476764,0.9604030464953855,sub-0527
1,-1.9360551728759043,1.9845199564700264,0.8353633296869953,N < 100,,1.3812071515608586,-17.416975665545493,3.8765687637093973,0.0,sub-0527
2,-4.262087342512253,2.6986133683279134,0.9428734731482049,N < 100,,0.8030808618492564,-19.743007835181842,4.169573712148968,0.039596953504614646,sub-0527
3,-5.191245847043398,2.47616551884243,0.9819804408298888,N < 100,,1.637512726255352,-20.672166339712987,4.323328898881481,0.0,sub-0527
0,0.0,0.0,,,,1.8945691337795512,-22.042337207332608,4.75660630418585,1.0,sub-0528
1,-0.5598546189820848,0.8493093661700408,0.7451125030436943,N < 100,,2.111005921255458,-22.602191826314698,4.547927579929284,0.0,sub-0528
2,-2.4824642636840997,1.7263419010403758,0.9247817081964183,N < 100,,2.353174548950867,-24.524801471016712,5.098455664078358,0.0,sub-0528
3,-2.831476820791199,2.2843515635875753,0.8924216734780787,N < 100,,1.9366709540880025,-24.87381402812381,4.383145350544217,2.0187844451680093e-16,sub-0528
0,0.0,0.0,,,,1.9493065097034772,-18.210045660890003,4.215221332591602,0.9795714196299005,sub-0530
1,-2.353632115360285,1.945692891277823,0.8867958258329178,N < 100,,0.8218299159249537,-20.563677776250287,2.5774647886425344,0.02042858037010502,sub-0530
2,-5.353444409353318,2.1583812833218614,0.9934365022883046,N < 100,,0.9907974214086552,-23.56349007024332,2.8049052292284333,0.0,sub-0530
3,-8.216935148955862,1.84201242417745,0.9999959181774146,N < 100,,1.3114942264807437,-26.426980809845862,2.976038353396766,2.650972216226034e-15,sub-0530
0,0.0,0.0,,,14 k̂ > 0.70,0.6785649764456902,-31.858568484787874,3.6480912872065923,0.9999999999999991,sub-0531
1,-0.5469322812675239,0.5486442646740273,0.8405885253232288,N < 100,3 k̂ > 0.70,1.6904138127010266,-32.4055007660554,4.054333809494359,0.0,sub-0531
2,-0.9199346949905047,0.3714877649559557,0.9933633791136168,N < 100,,1.599146960194299,-32.77850317977838,3.6122983990175586,1.4597629200036273e-15,sub-0531
3,-1.4681720152821098,1.2660352422614523,0.8769066241860659,N < 100,,1.8345929818737938,-33.32674050006999,2.9653282816627873,8.326672684688674e-17,sub-0531
0,0.0,0.0,,,,1.4907970045627275,-18.558718594927768,3.8687947081188225,0.8830651627664063,sub-0533
1,-0.9761592477782024,0.42032972303399485,0.9898933683301032,N < 100,,1.6686644363598195,-19.534877842705974,3.958828245043327,0.0,sub-0533
2,-1.0763023927811588,1.6966416303436542,0.7370810470714058,N < 100,,1.5411006670828042,-19.635020987708927,3.6756098916499265,0.11693483723359467,sub-0533
3,-6.776563244274158,2.292104337946691,0.9984441436895976,N < 100,,1.924627739758067,-25.335281839201926,4.51520035228073,4.703383346244955e-18,sub-0533
0,0.0,0.0,,,,1.842332896155044,-21.92717271364638,4.20725935426355,0.8778168206808703,sub-0534
1,-0.1868782357801022,0.6982887448674245,0.6055052964295656,N < 100,,1.6339916893080302,-22.114050949426485,3.9696369535003293,0.12218317931912956,sub-0534
2,-0.5549385819607986,0.8777227923623202,0.7363876196336645,N < 100,,1.6541820319546896,-22.48211129560718,4.313637650972399,1.271849691935491e-16,sub-0534
3,-2.2579950747877495,1.493312140032255,0.9347421924674301,N < 100,,1.5259807102033025,-24.185167788434132,3.7377055903048433,4.618701254788249e-17,sub-0534
0,0.0,0.0,,,,2.0382290006670893,-21.367817990766596,6.35256577838367,0.8426004928623588,sub-0535
1,-3.2346992986701197,3.5950313263221862,0.8158785178520825,N < 100,,1.7935166660489124,-24.60251728943672,4.044146881920405,5.418871784991806e-16,sub-0535
2,-5.52044472814706,4.641963346501712,0.882828916390707,N < 100,1 k̂ > 0.70,0.9435654477630226,-26.88826271891366,3.7543837625867997,0.15739950713764067,sub-0535
3,-6.5636675776740026,4.468164909319769,0.9290815816812625,N < 100,,1.8047379932948704,-27.9314855684406,3.8295451184585403,3.0150192648644194e-17,sub-0535
0,0.0,0.0,,,,1.579164315083747,-20.424641623095102,3.8729113728044546,0.8417351734632929,sub-0537
1,-2.2915660486247775,2.8407655135580154,0.7900722651229422,N < 100,4 k̂ > 0.70,2.876527680395334,-22.716207671719886,6.06077080786859,0.15826482653671117,sub-0537
2,-3.197177273907961,1.2383778226468494,0.9950849080417475,N < 100,1 k̂ > 0.70,1.6878494147173433,-23.621818897003067,4.22844994385623,0.0,sub-0537
3,-5.255956517633058,1.545135748082297,0.9996650549805925,N < 100,,1.8739309867834326,-25.680598140728165,4.107246610371008,0.0,sub-0537
0,0.0,0.0,,,,2.0823438028789174,-30.496344643790337,3.821258511503424,1.0,sub-0538
1,-0.41870922515114906,0.3467588881784748,0.8863789940854381,N < 100,,1.860871428579545,-30.91505386894149,3.81758154346817,0.0,sub-0538
2,-0.7175296749653768,0.28970079504358437,0.9933716114241995,N < 100,,1.8581662099759708,-31.213874318755714,3.982339604729303,9.020562075079397e-17,sub-0538
3,-3.4438879209573052,1.6158759712550645,0.983467055463278,N < 100,,1.4468389201188443,-33.940232564747646,3.3310032046918154,0.0,sub-0538
0,0.0,0.0,,,,1.1981580174128523,-21.4647489220523,3.6940115722420392,0.4060258261955579,sub-0539
1,-0.14038526131042772,1.4201311782985009,0.5393727957307799,N < 100,,1.9700626774344183,-21.605134183362722,4.38814813511039,0.4439294474621669,sub-0539
2,-1.0203004327297034,1.9647105924488375,0.698228876152832,N < 100,,1.4337487199191914,-22.485049354782,4.108047873737534,2.6955212093815135e-18,sub-0539
3,-1.742170487902345,2.177255344060992,0.7881933240317573,N < 100,,1.7691196936282143,-23.206919409954644,4.115022949962111,0.15004472634227528,sub-0539
0,0.0,0.0,,,,1.5704260728392727,-20.82790297086558,3.8783190916237595,0.5402804802910558,sub-0540
1,-0.1441871358734641,2.1805948266434476,0.5263599889058768,N < 100,,1.3736900766018527,-20.972090106739053,3.7996162236708,0.45971951970894476,sub-0540
2,-1.0850281668514574,2.3852856134899993,0.675403638666781,N < 100,,2.2496341843699645,-21.912931137717038,4.486466004646076,3.9692043753326704e-15,sub-0540
3,-7.4588852044571965,2.997009821537163,0.9935908095392048,N < 100,,1.7094106853111868,-28.286788175322776,4.088117738424734,0.0,sub-0540
0,0.0,0.0,,,,2.2139901409330265,-19.40843594356446,4.4559044930481475,0.7490369901898707,sub-0541
1,-1.240131026521503,1.6819422563053696,0.7695363599260034,N < 100,,1.154525908213892,-20.64856697008596,3.3796099454616617,4.435245767171702e-16,sub-0541
2,-2.3942496265381497,3.434197926039217,0.7571545147034688,N < 100,,1.4135217956195139,-21.802685570102604,3.349075283232155,0.2509630098101291,sub-0541
3,-3.1269124980832057,2.353397891754547,0.9080232020759144,N < 100,,1.0472251830139627,-22.535348441647663,3.1158335236690737,0.0,sub-0541
0,0.0,0.0,,,,1.351794740014361,-26.518660855921937,3.806658851804384,0.6286018759542401,sub-0542
1,-0.7934277063036994,1.3562999909791784,0.7207242110230538,N < 100,,2.963724099504681,-27.312088562225636,4.48466044555722,0.0,sub-0542
2,-1.4576751993977979,3.7346015066185787,0.6518486005739133,N < 100,,1.4598273240440376,-27.976336055319734,3.723386443248228,0.3713981240457598,sub-0542
3,-3.792582700277694,2.7811123723778883,0.9136678521335033,N < 100,1 k̂ > 0.70,5.7280258652604115,-30.31124355619963,4.71582216499164,6.020118409004338e-16,sub-0542
0,0.0,0.0,,,,1.5669949479656882,-22.345961319895785,3.8914508431990527,0.4177623553530451,sub-0543
1,-0.7088157558573673,2.970179153999858,0.5943092202059048,N < 100,4 k̂ > 0.70,4.31190624373971,-23.054777075753154,5.21026581573026,0.5822376446469546,sub-0543
2,-1.5240671060951048,1.3651981337079306,0.8678682409145526,N < 100,,1.7187865236073985,-23.87002842599089,4.20199443789173,0.0,sub-0543
3,-2.336523128217692,1.7645543004275428,0.9072723064701746,N < 100,,1.260106766065255,-24.682484448113474,3.8800515385481806,5.345116710353537e-16,sub-0543
0,0.0,0.0,,,,1.6678259214492681,-22.74137149346987,4.0661654060623675,0.7596502223647311,sub-0544
1,-2.8886123406054827,2.7351231408215644,0.8545428093428669,N < 100,,3.580909645384789,-25.629983834075343,4.519364300405223,0.0,sub-0544
2,-3.465498352768776,3.7789921481251008,0.820439949930887,N < 100,,1.903463726495979,-26.20686984623864,4.461460576867709,0.24034977763526885,sub-0544
3,-4.912814459126332,3.988570997134383,0.890973704227346,N < 100,7 k̂ > 0.70,7.245627395650807,-27.654185952596194,7.5840966929778775,0.0,sub-0544
0,0.0,0.0,,,1 k̂ > 0.70,1.5872309556263504,-16.8044547233183,3.7520361731967147,0.9751022976739523,sub-0546
1,-0.8173900288860452,1.2211008703625348,0.7483759349813923,N < 100,1 k̂ > 0.70,0.9018574374562405,-17.621844752204346,2.7574175619359282,0.024897702326048182,sub-0546
2,-5.319618548875649,2.1744480000611555,0.9927859096930919,N < 100,1 k̂ > 0.70,1.32267911090642,-22.12407327219395,3.5316030588658998,0.0,sub-0546
3,-10.151102995099185,2.9564709083542926,0.9997021012487842,N < 100,,1.161562611973069,-26.955557718417488,2.3078195095688234,5.596651614370174e-16,sub-0546
0,0.0,0.0,,,,2.261029200080464,-21.672102033419613,5.08945565167606,0.5494142149315309,sub-0547
1,-0.24478229152166975,4.267694590963423,0.522869604595634,N < 100,,1.7816284356376912,-21.91688432494128,4.61909983984902,0.4505857850684538,sub-0547
2,-0.9032512148689715,3.192405626136291,0.6113876198916571,N < 100,,3.4516283753831,-22.575353248288586,4.5415668620110665,0.0,sub-0547
3,-5.919260335219097,2.9944077852410165,0.9759662746220961,N < 100,1 k̂ > 0.70,7.34785584759813,-27.591362368638706,5.407013848030316,1.5811055806627672e-14,sub-0547
0,0.0,0.0,,,1 k̂ > 0.70,2.2928029892652226,-18.892775948443933,5.114727888184198,0.9863221413186124,sub-0548
1,-1.4066835102410558,1.3173898616258066,0.8571902841579112,N < 100,3 k̂ > 0.70,3.5275826167190694,-20.29945945868499,6.2274946366534385,8.144974816143952e-16,sub-0548
2,-3.0709833674207223,1.4696267343723226,0.9816746971375049,N < 100,1 k̂ > 0.70,3.5490752190687886,-21.963759315864657,4.930664892618322,2.0098845868882883e-15,sub-0548
3,-3.326010661436139,2.294518967107616,0.9264074102152017,N < 100,,2.0095190168950476,-22.218786609880073,4.651008943565838,0.013677858681384741,sub-0548
0,0.0,0.0,,,4 k̂ > 0.70,3.289056439000997,-20.962832474645452,5.637077002988883,0.8218732918100613,sub-0549
1,-1.726896214273614,2.855507595826934,0.7273306974265461,N < 100,,1.8542309387647775,-22.68972868891906,4.448094466158187,0.0,sub-0549
2,-3.4116927650600655,3.367653475761515,0.8444883427426897,N < 100,,2.575504579990623,-24.37452523970552,4.18439102695335,2.572809949000421e-16,sub-0549
3,-3.6238067181794005,3.7030361361073756,0.8361122085497914,N < 100,,1.834473984416312,-24.586639192824848,4.327162745979711,0.1781267081899385,sub-0549
0,0.0,0.0,,,1 k̂ > 0.70,1.3847907121714422,-20.77626163633858,3.81649098530875,0.6753631125649798,sub-0550
1,-1.414624268919555,2.7825169716337457,0.6944126463629864,N < 100,1 k̂ > 0.70,1.297079391177288,-22.190885905258142,3.751438864859782,0.32463688743502017,sub-0550
2,-2.258622017508918,2.4694630406963705,0.8198046063499044,N < 100,1 k̂ > 0.70,2.948959910707399,-23.0348836538475,4.1056615454655585,0.0,sub-0550
3,-5.607894301668098,3.8756510198882563,0.9260452970236949,N < 100,4 k̂ > 0.70,3.1278221549850387,-26.384155938006685,5.354317110707169,4.557985933129061e-16,sub-0550
0,0.0,0.0,,,,2.2328553177531485,-17.249245274544876,4.018979902984184,0.7320980632750851,sub-0551
1,-1.1906820121157704,2.407177210377152,0.6895722645835409,N < 100,,0.8911860049490188,-18.43992728666064,2.845733670847436,0.2679019367249101,sub-0551
2,-2.7636373217093197,1.3325400501423297,0.9809585762399172,N < 100,,1.0799361138706132,-20.01288259625419,3.4199516091359854,4.175480894430609e-15,sub-0551
3,-4.541481032377494,2.9542318182073406,0.9378876025814108,N < 100,,1.6828850660277521,-21.790726306922366,3.5157254142375844,7.084719096106529e-16,sub-0551
0,0.0,0.0,,,,1.6531778901330998,-18.698559325091612,4.291919881640215,0.7748552522273915,sub-0552
1,-0.13981583064275327,1.3044334553997612,0.5426789321829776,N < 100,,2.3568885275295623,-18.83837515573436,4.588194671667223,0.0,sub-0552
2,-2.6823867782449167,3.2689869101239526,0.7940503865969499,N < 100,,2.0499565468181093,-21.38094610333653,4.824722940636967,0.22514474777260904,sub-0552
3,-3.6130428625756874,2.2421944146788366,0.9464522972111061,N < 100,,1.2136330954496264,-22.311602187667297,3.1674086023505703,2.6428556933498258e-18,sub-0552
0,0.0,0.0,,,,0.8620981265749901,-16.935224135515526,2.8355388932499097,0.7817253447439748,sub-0553
1,-0.7690609522985703,1.6757829654370222,0.6768564705053963,N < 100,5 k̂ > 0.70,2.5478241842199987,-17.704285087814092,4.185905656900214,0.21827465525602618,sub-0553
2,-4.91673138101323,2.287121479456927,0.9842123636894524,N < 100,,2.2325857732745162,-21.851955516528754,4.560915089362099,0.0,sub-0553
3,-5.610627171858416,2.8169577927619818,0.9767998073872969,N < 100,,1.396445954317961,-22.545851307373944,4.148459766135637,0.0,sub-0553
0,0.0,0.0,,,,1.8001063431220374,-21.780183705672574,4.215098564820604,0.9999999999999979,sub-0554
1,-1.0030426585889858,0.45862784254797495,0.9856306135138443,N < 100,,1.9405925726831792,-22.78322636426156,4.209043104272156,0.0,sub-0554
2,-1.159266166150453,0.4525308846804636,0.9947925272634308,N < 100,,1.8417957602156805,-22.939449871823026,4.325042909461659,0.0,sub-0554
3,-4.4848442399308635,1.6917548035505146,0.9959873237702995,N < 100,,1.904481455602597,-26.265027945603435,4.216638411874252,5.134781488891349e-15,sub-0554
0,0.0,0.0,,,,1.5408633512205832,-21.68405431838859,3.5112790321905867,0.9889235641524906,sub-0555
1,-3.5889506323743277,1.5509829868103147,0.9896657145351221,N < 100,,0.9245619638526852,-25.273004950762918,2.515177390913765,3.7835472588205475e-15,sub-0555
2,-4.382469516215872,1.7180572692260927,0.9946266409385051,N < 100,,0.9419109572099005,-26.06652383460446,2.371189712821943,4.5528971204162614e-15,sub-0555
3,-5.303779905909083,3.1302841291544174,0.954900086732791,N < 100,,1.6061076405877754,-26.98783422429767,2.6270301230956856,0.011076435847501086,sub-0555
0,0.0,0.0,,,,1.8693077383183871,-26.659083477084103,4.093375238129873,0.5553246757588656,sub-0556
1,-0.1987903792838992,0.8103340710753307,0.5968952962227204,N < 100,,1.415831593009412,-26.857873856368002,3.729222798837193,0.25373692357391237,sub-0556
2,-0.5943223583997934,1.328766471888773,0.6726612899603955,N < 100,,1.3425282301998052,-27.2534058354839,3.443862019682316,0.19093840066722445,sub-0556
3,-3.1643815595441858,1.167912168124191,0.9966300997604816,N < 100,,1.6309063491383275,-29.82346503662829,3.790198677070627,0.0,sub-0556
0,0.0,0.0,,,,1.5591037536971382,-23.580067355987197,4.135930388211147,0.6745926803513542,sub-0557
1,-1.6148267976409638,2.8911997248949275,0.7117593297055185,N < 100,,2.0453285272171002,-25.194894153628162,6.1002080641886485,0.3254073196486469,sub-0557
2,-4.127693431141349,1.6290880788533029,0.9943574555783354,N < 100,,2.959303032080915,-27.70776078712855,4.220731189772233,1.2151033231160887e-15,sub-0557
3,-4.43541895584735,2.1595005097249023,0.9800077818585473,N < 100,,1.7799543455421465,-28.015486311834543,4.131905872613238,0.0,sub-0557
0,0.0,0.0,,,,1.9571818797009009,-24.577085138085494,4.7857241317439065,0.5257095154221014,sub-0558
1,-0.2176958341963111,2.0187744340772262,0.5429369646679759,N < 100,1 k̂ > 0.70,2.458739724491608,-24.7947809722818,4.903299174395677,0.45880245457987023,sub-0558
2,-0.8698318730871462,0.7961299458382047,0.8627098323814044,N < 100,,2.435970228790625,-25.446917011172637,4.745019158688233,4.2507780053520924e-16,sub-0558
3,-3.0952480047838558,2.8273737879915277,0.8631854042530585,N < 100,,1.7722358379990635,-27.67233314286935,4.29746712737112,0.015488029998027938,sub-0558
0,0.0,0.0,,,,1.4874292816115575,-13.35824243757995,3.886867490667976,0.9782377426995776,sub-0560
1,-0.6284665618468832,0.7352638178192804,0.8036551479038869,N < 100,,2.047350872827647,-13.986708999426833,4.257776694843987,3.9555002122569533e-16,sub-0560
2,-6.511788573199491,3.434763265835041,0.9710099171498019,N < 100,,1.9363589967265342,-19.870031010779442,4.581770005761594,0.0,sub-0560
3,-7.23912850407312,3.102600798806188,0.9901823608106533,N < 100,,1.2479174184041548,-20.597370941653068,2.894296503050083,0.021762257300423107,sub-0560
0,0.0,0.0,,,,1.2698072688389719,-22.76459396255187,3.412904669664411,0.7556245828228406,sub-0561
1,-1.2564938616275931,1.533698843001798,0.7936801647185285,N < 100,,1.4070404033975015,-24.021087824179464,3.6651829458299963,9.672874068113596e-17,sub-0561
2,-1.3978584948667017,2.073223236797406,0.7499219254431089,N < 100,,1.25103263292255,-24.162452457418574,4.292293968642714,0.0,sub-0561
3,-1.9767269705086896,2.8032831145103017,0.7596406523566984,N < 100,,2.2482497141728435,-24.74132093306056,5.427012758908334,0.24437541717715947,sub-0561
0,0.0,0.0,,,,1.6968185229207555,-24.764553645158184,3.853653895899619,0.9548481889025534,sub-0562
1,-1.2289139658922847,1.7803138036881287,0.7549907538882618,N < 100,,1.8684640716065584,-25.993467611050473,4.288960668621194,0.04515181109744608,sub-0562
2,-1.887696228849851,1.4825214082310636,0.8985444023726166,N < 100,,2.9190455920144514,-26.65224987400804,4.689781362053549,4.003264839109479e-16,sub-0562
3,-2.12534814540105,1.8276124664307845,0.8775669159900545,N < 100,1 k̂ > 0.70,1.6820353700878488,-26.889901790559236,4.244703125602756,1.0004475546609992e-16,sub-0562
0,0.0,0.0,,,,1.7633496979338494,-16.87614982326604,3.425326653768037,0.5884184707798836,sub-0563
1,-0.07116980390581773,1.0333858268213134,0.527453651880487,N < 100,,0.9028753366561895,-16.947319627171858,2.7519776383308914,0.4115815292201152,sub-0563
2,-4.847290984825477,1.4513345992009652,0.9995809348968573,N < 100,,1.2609998833002045,-21.72344080809151,3.071918981438093,2.1506409536863734e-15,sub-0563
3,-6.807442642035797,2.1619434558749266,0.9991801780637163,N < 100,,1.2189577549878052,-23.683592465301828,3.395747009434889,0.0,sub-0563
0,0.0,0.0,,,,1.2147054346030648,-26.649285514281523,3.135830945439748,0.2643263869953008,sub-0564
1,-0.17906091079090913,1.2764157695790102,0.555782259466655,N < 100,1 k̂ > 0.70,2.058133853740218,-26.82834642507244,4.023381134678434,0.0,sub-0564
2,-0.7043144009477977,2.296682140389859,0.6204512067261022,N < 100,12 k̂ > 0.70,1.4073671981013613,-27.353599915229324,4.5343787550455374,0.5022829786951526,sub-0564
3,-2.2120795387725067,2.8294947818646103,0.7828319159586473,N < 100,1 k̂ > 0.70,1.3871628483489271,-28.861365053054033,3.183855291341407,0.23339063430954674,sub-0564
0,0.0,0.0,,,1 k̂ > 0.70,1.1392022765591752,-11.871606959766293,3.701397289173377,0.9999999999999974,sub-0565
1,-2.1204485315698047,0.9448117420321406,0.9875937037415254,N < 100,,1.0170524027948533,-13.992055491336098,3.338258453470199,0.0,sub-0565
2,-6.462724339059035,2.3693487380115554,0.9968105161808162,N < 100,,2.9452446013907814,-18.334331298825326,4.594817732745703,1.8596235662471372e-15,sub-0565
3,-7.659736213102783,3.042046039509279,0.9940980864475351,N < 100,,1.7290900386842556,-19.531343172869075,4.63359131665421,3.802513859341161e-15,sub-0565
0,0.0,0.0,,,2 k̂ > 0.70,2.7019004347707,-21.986762267722593,5.437767245362847,0.9999999999999999,sub-0566
1,-0.5177336046554988,0.5713661964340677,0.8175671952041762,N < 100,2 k̂ > 0.70,2.9656044855257133,-22.504495872378094,5.858483088375073,6.661338147750939e-16,sub-0566
2,-2.0968020410654598,1.188051873655244,0.9612103702995481,N < 100,1 k̂ > 0.70,2.476515369483028,-24.083564308788056,5.328395249348909,0.0,sub-0566
3,-3.305967865636595,2.0507475075556365,0.946527671462984,N < 100,1 k̂ > 0.70,3.5884672569692113,-25.29273013335919,6.878526080278132,1.1102230246251565e-16,sub-0566
0,0.0,0.0,,,,1.962791832317757,-22.160170180057182,4.639925490592218,0.7805652358989728,sub-0570
1,-0.16827699512123573,0.9085000303772063,0.5734737526399296,N < 100,,1.8512807119601398,-22.328447175178418,4.492171311410348,0.120242842141294,sub-0570
2,-0.6277324262969106,1.3504513088704466,0.6789739674870899,N < 100,,1.8760051979969503,-22.787902606354095,4.523009899558413,2.6062332835296395e-18,sub-0570
3,-1.510058279408005,2.044320850708376,0.7699432953131735,N < 100,,2.030064867171692,-23.67022845946519,4.696181066557451,0.0991919219597332,sub-0570
0,0.0,0.0,,,,2.1681529690290406,-25.29156318737483,4.810505451660974,3.870215514478083e-17,sub-0571
1,-0.021596276238046386,1.8140173401090036,0.5047493835818704,N < 100,,2.916346948659005,-25.31315946361287,6.406619822665445,0.7294653573507218,sub-0571
2,-1.821859327345635,2.9320430754763502,0.7328191734762992,N < 100,1 k̂ > 0.70,1.1654816551010212,-27.11342251472046,4.365063710772961,0.27053464264927823,sub-0571
3,-2.9666413227919612,2.9896803183648766,0.8394728929986499,N < 100,,1.9747107976252356,-28.25820451016679,4.272577585656948,0.0,sub-0571
0,0.0,0.0,,,,1.1766916981827467,-19.874495154596598,3.5635351370471327,0.5708411474293864,sub-0572
1,-0.7876301395082645,2.2431897801330076,0.6372510626346587,N < 100,2 k̂ > 0.70,3.6824372307035507,-20.662125294104865,4.89024499886028,0.0007117114843258968,sub-0572
2,-0.9550365108418966,3.266398895667753,0.6150027468867376,N < 100,,0.9538389309617887,-20.829531665438495,4.382735074715134,0.42844714108628823,sub-0572
3,-1.731577091479938,3.051272480363211,0.7148105061195097,N < 100,,1.4560798317826533,-21.606072246076533,4.169683523670866,0.0,sub-0572
0,0.0,0.0,,,1 k̂ > 0.70,1.9933942102389224,-19.682071910503918,4.430688298101198,0.9999999999999964,sub-0574
1,-0.9434845446578723,0.39956405108709336,0.9908941322733763,N < 100,,2.175664125407385,-20.625556455161792,4.424242209156148,1.2406742300186124e-14,sub-0574
2,-2.3433883109570424,0.5612311171047729,0.9999851296375052,N < 100,,1.8174885904278926,-22.02546022146096,4.430293553749987,5.051514762044462e-15,sub-0574
3,-8.677951453140627,2.9062498651910627,0.9985865608284312,N < 100,,1.775988015460746,-28.360023363644544,4.056407318242964,0.0,sub-0574
0,0.0,0.0,,,,1.0961271849727172,-21.654334784501344,3.4212721112796163,0.7049928710534693,sub-0576
1,-1.4099581519830924,2.55231230146506,0.7096709982043208,N < 100,,1.438152322816979,-23.064292936484442,5.1813334754771825,0.2950071289465309,sub-0576
2,-3.1190721806294945,1.3517290155921908,0.98948564299849,N < 100,,2.363535045741436,-24.773406965130846,4.330492815497814,0.0,sub-0576
3,-3.4300176938864197,1.184628665027515,0.9981068450165912,N < 100,,1.398754971121308,-25.084352478387764,3.9493512368508172,0.0,sub-0576
0,0.0,0.0,,,,0.9728399637683305,-29.42154717208616,1.5845446188127061,0.9999999999999993,sub-0577
1,-2.1781376191285045,0.4275237181917404,0.9999998254231703,N < 100,,0.8598782810365141,-31.599684791214656,1.3483634909845363,0.0,sub-0577
2,-2.6439128028498757,0.6148286343361364,0.9999914694707114,N < 100,,0.7969097350438972,-32.06545997493603,1.3727763144880132,3.885780586188048e-16,sub-0577
3,-6.12610691635007,1.0875361971385364,0.99999999114566,N < 100,,1.9275113451689614,-35.547654088436225,1.578731154963201,1.3877787807814457e-15,sub-0577
0,0.0,0.0,,,,1.8162977216872738,-21.929232469143933,4.2406340176267765,0.9593292518662047,sub-0578
1,-0.5737523631221162,1.0826856633452302,0.7019212882373758,N < 100,,1.609725838275217,-22.50298483226605,4.074417518304556,0.04067074813379566,sub-0578
2,-0.925560595670949,0.7046226952089272,0.9055019832442006,N < 100,,2.1338408716208956,-22.854793064814885,4.2765911041599685,0.0,sub-0578
3,-4.794797643905879,2.6656455324821806,0.9639699245504741,N < 100,,1.6963186776391919,-26.724030113049814,4.03043196107346,9.996344030316351e-17,sub-0578
0,0.0,0.0,,,,1.856285571117027,-26.137123492525973,4.147283650394111,0.8249767539076739,sub-0579
1,-1.2828373304040603,2.066121212780613,0.7326645297542174,N < 100,2 k̂ > 0.70,1.9875052765411085,-27.41996082293003,5.576469549026725,0.17502324609232758,sub-0579
2,-3.090764935971791,1.7510550482790557,0.9612254482369584,N < 100,,1.884588134794365,-29.227888428497764,3.9732896595388314,1.9886553464286702e-16,sub-0579
3,-3.241754490139664,1.8359331404668056,0.9612790678610492,N < 100,,1.6158074532068436,-29.378877982665635,4.048654615008082,0.0,sub-0579
0,0.0,0.0,,,,1.4118968719602387,-19.603831867599297,3.6980118569467226,0.9999999999999646,sub-0580
1,-0.98600649660432,0.34601652563675306,0.997811244225426,N < 100,,1.744972212009841,-20.58983836420361,3.8510730318459925,0.0,sub-0580
2,-2.0200662066897053,0.8400312150391784,0.9919082637710616,N < 100,,1.5623934566223405,-21.623898074288995,3.8749995254098604,0.0,sub-0580
3,-11.596566684474048,2.8477435620318374,0.9999767139039577,N < 100,,1.9064259500794822,-31.200398552073338,4.048041968566722,1.1587952819525071e-13,sub-0580
0,0.0,0.0,,,,1.9702576077301486,-34.776861403314264,3.545417471902994,0.7948123222944056,sub-0581
1,-0.25514214850046013,0.9316752462072562,0.6079012401168099,N < 100,,1.8371020272825143,-35.03200355181471,2.8281364452649913,0.2051876777055947,sub-0581
2,-0.3871783549794836,0.8046229000700168,0.6848100884249393,N < 100,,1.5146133180935122,-35.16403975829374,3.097767979016687,5.162093564511676e-16,sub-0581
3,-3.9822691812960924,1.5505100735486554,0.9948909618630083,N < 100,,1.324590472858283,-38.75913058461035,3.0856285926001648,0.0,sub-0581
0,0.0,0.0,,,1 k̂ > 0.70,0.7143190204986819,-10.728185314749286,2.77995397149047,0.9999999999999108,sub-0582
1,-2.612239213523358,1.0695900611909885,0.9927026040700171,N < 100,,0.8915321666925309,-13.340424528272644,2.6833998290445473,0.0,sub-0582
2,-7.305910101460997,2.0278709397564474,0.9998425652602889,N < 100,,1.8127520311690375,-18.034095416210285,3.5789563883347015,4.066191827689636e-14,sub-0582
3,-11.39568440188595,2.59219928915234,0.9999944904874819,N < 100,,1.5306043272720502,-22.123869716635234,4.085524543090604,8.790190797469677e-14,sub-0582
0,0.0,0.0,,,3 k̂ > 0.70,3.403265638764138,-23.16103795661724,6.600477566328715,0.8233745266941528,sub-0583
1,-2.605957045628288,4.36055629447094,0.7249533485159868,N < 100,,2.1353831248345645,-25.76699500224553,4.692520837155968,0.17662547330584696,sub-0583
2,-4.502626949018581,4.404025409482434,0.8467015776989334,N < 100,,1.987435991446985,-27.663664905635827,4.353002051056897,0.0,sub-0583
3,-4.684521185427919,4.266386317166859,0.8638992398978894,N < 100,,2.8590828823584125,-27.84555914204516,4.386972450123954,2.34594245071551e-16,sub-0583
0,0.0,0.0,,,,2.0590876552513087,-28.24159794101972,4.208834903303304,1.0,sub-0584
1,-0.74811606581018,0.8947300243162492,0.7984608269091087,N < 100,,1.9830141389037321,-28.9897140068299,4.215921970207844,1.942890293094024e-16,sub-0584
2,-1.22103812335967,1.5047279406573064,0.7914514331228448,N < 100,2 k̂ > 0.70,3.518573901071514,-29.46263606437939,5.390008644765297,0.0,sub-0584
3,-2.6828985430302748,1.4689963508085258,0.9661010701385476,N < 100,,2.6707755399237327,-30.924496484049993,3.8946388837149435,0.0,sub-0584
0,0.0,0.0,,,1 k̂ > 0.70,2.3138722531231144,-22.697617276038805,4.152899685854661,0.755653861645095,sub-0585
1,-1.47165791661324,3.2429549039896557,0.6750141610112996,N < 100,,1.6756830801195308,-24.169275192652044,4.034557946372289,0.2080793173362899,sub-0585
2,-2.0095572392109338,3.4858992424051234,0.7178551935713738,N < 100,,1.9806812715176045,-24.707174515249744,4.138053801455389,0.03626682101861523,sub-0585
3,-2.956519296623706,3.8942224269593084,0.7761355052015413,N < 100,,1.9057504605462423,-25.654136572662516,4.333871788121123,0.0,sub-0585
0,0.0,0.0,,,1 k̂ > 0.70,1.8153800622447016,-14.638206475993252,4.5978927015034365,0.8578468413692198,sub-0586
1,-0.7449678005451146,1.0799275690293186,0.7548498474638514,N < 100,2 k̂ > 0.70,2.740304201355873,-15.383174276538368,4.981420497021117,0.0,sub-0586
2,-4.817521753134306,4.01775470531012,0.8847473433572095,N < 100,,1.9450129474339612,-19.45572822912756,4.783749161130673,0.14215315863080225,sub-0586
3,-5.840864104015,2.0444497343401213,0.997861246393643,N < 100,,1.8542725534922462,-20.479070580008255,4.184674210132369,0.0,sub-0586
0,0.0,0.0,,,4 k̂ > 0.70,1.8034435360245247,-20.645981235254588,5.361033417457447,0.6305640431581291,sub-0587
1,-0.19111857320941184,1.717965384862743,0.5442897768618199,N < 100,,1.562861489846148,-20.837099808464,4.251956591521791,0.3694359568418604,sub-0587
2,-5.097192422669636,2.4444212119704156,0.9814760083218927,N < 100,,3.7992897457953116,-25.743173657924224,4.769843850361042,1.7575780814843202e-14,sub-0587
3,-6.3336831151986,3.5597340949048077,0.9624012115207876,N < 100,,1.794669853539875,-26.979664350453184,4.272527512066722,0.0,sub-0587
0,0.0,0.0,,,1 k̂ > 0.70,2.536566686939736,-17.460695776083046,5.0934049957291,0.908308960464341,sub-0588
1,-0.5074065715998408,1.0004011199260487,0.6939938477696916,N < 100,,2.4599923910063857,-17.968102347682894,4.667115118940139,0.0,sub-0588
2,-2.9028004894846866,1.8603022884945635,0.9406663426513936,N < 100,,1.8359415315852905,-20.363496265567733,4.145900756092847,0.0,sub-0588
3,-6.741062391380584,4.091468147900051,0.9502815927420482,N < 100,,1.9050922068672647,-24.201758167463638,4.495042146377801,0.09169103953566451,sub-0588
0,0.0,0.0,,,1 k̂ > 0.70,2.8414456873361336,-22.8349943949448,5.147820482943065,0.7364764524991199,sub-0590
1,-0.2787372942591215,1.8152774175540705,0.561018032498401,N < 100,1 k̂ > 0.70,1.3910701579489686,-23.113731689203924,3.718955719386539,0.11843945439664982,sub-0590
2,-1.306604744311084,2.3538955350837276,0.7105806697944255,N < 100,,1.0970832127328407,-24.14159913925588,4.122666912734518,0.0,sub-0590
3,-1.7996913389739042,2.7324353754832478,0.7449365269235895,N < 100,,1.3717041431889665,-24.6346857339187,3.6705867412664293,0.14508409310423054,sub-0590
0,0.0,0.0,,,5 k̂ > 0.70,2.727882007822851,-26.805061826488462,5.271099247290571,0.8441057680286669,sub-0591
1,-1.5957734791686953,2.2758752413902834,0.7584012660097963,N < 100,,1.877916318444896,-28.400835305657154,3.8945817384818415,0.05848263610171506,sub-0591
2,-2.804935394411185,2.7344098477247796,0.8475051507555602,N < 100,,1.8086674715031408,-29.609997220899643,3.8243443930322143,0.09741159586961812,sub-0591
3,-4.921473990711835,3.1052468082440603,0.943504312713807,N < 100,,2.8986532777924676,-31.726535817200297,3.4652687115454786,0.0,sub-0591
0,0.0,0.0,,,1 k̂ > 0.70,1.7676918810535458,-22.814884439228884,4.166649056505534,1.0,sub-0592
1,-1.8708706959778123,0.4813735035915555,0.999949155505648,N < 100,,2.1360689590335307,-24.685755135206698,4.024804700638946,4.524158825347513e-15,sub-0592
2,-2.2504658437456957,0.3948302807173266,0.9999999940036844,N < 100,,1.9271581379871163,-25.065350282974578,4.325582936633342,7.16093850883226e-15,sub-0592
3,-7.8201419138770625,2.0986474989691093,0.9999028355807855,N < 100,,1.704889091679545,-30.635026353105946,3.608912342253926,0.0,sub-0592
0,0.0,0.0,,,1 k̂ > 0.70,1.500362504010543,-16.023800015304147,4.083316730035526,0.9999999999999988,sub-0593
1,-0.6264376814327548,0.6295433637791767,0.8401481043980081,N < 100,,1.5009043952970016,-16.6502376967369,3.940331830497178,9.08995101411847e-16,sub-0593
2,-5.316647215561841,2.625850235565011,0.978552637048436,N < 100,2 k̂ > 0.70,2.447191094062352,-21.34044723086599,4.210416884751966,1.8216704808308102e-16,sub-0593
3,-7.283857133365924,3.348134967820503,0.9852035486866091,N < 100,,1.9197601932325872,-23.307657148670067,4.629959173466404,1.1622647289044608e-16,sub-0593
0,0.0,0.0,,,,1.5749554957169138,-31.288971569162513,3.305110268722381,0.3894527353705288,sub-0594
1,-0.9708047735588563,2.9105753248998947,0.6306381380105345,N < 100,1 k̂ > 0.70,3.297399982908557,-32.259776342721366,5.714300352139831,0.5009202730371946,sub-0594
2,-2.12198649394512,2.538683638441634,0.7983834308644473,N < 100,,1.3980063395415137,-33.41095806310763,3.684515634399136,1.8346701169703547e-16,sub-0594
3,-2.761053358781158,2.3710286950534365,0.8778884620936178,N < 100,,1.610037348474808,-34.05002492794367,3.004394788090472,0.10962699159227646,sub-0594
0,0.0,0.0,,,3 k̂ > 0.70,2.7532199082162165,-36.881256926064765,4.590871395179764,0.8689356244929946,sub-0596
1,-6.2423162144664275,4.1208785086646165,0.9350887601985997,N < 100,,1.1956805950988965,-43.123573140531185,1.821098855656076,0.0,sub-0596
2,-8.399146416764113,4.4751457542465705,0.96973019912816,N < 100,,1.3278461687377106,-45.280403342828876,2.745673485865128,9.270140714112559e-16,sub-0596
3,-9.52135510829196,5.090555471696391,0.9692855835194434,N < 100,,1.262980375546844,-46.402612034356714,2.469611052405571,0.13106437550700467,sub-0596
0,0.0,0.0,,,,1.086978971008903,-17.331632753020642,3.468345269597269,0.9999999999999979,sub-0597
1,-1.1635929939636185,0.9162388152324217,0.8979517946421494,N < 100,,1.8249001587962859,-18.49522574698426,4.166919077175941,3.0253577421035516e-15,sub-0597
2,-2.488444485044731,1.5987882281943044,0.9402002220733215,N < 100,,1.3907059682781757,-19.82007723806537,3.4980365779557543,1.887379141862766e-15,sub-0597
3,-5.723728177887571,2.127858581725957,0.9964263352831663,N < 100,,1.5904621654194155,-23.055360930908215,4.327339814140808,0.0,sub-0597
0,0.0,0.0,,,,1.8281741565920917,-16.734336525493575,4.464077178946175,0.5592356914582094,sub-0598
1,-0.1711070982415226,2.452520522725949,0.5278107839267967,N < 100,,1.9642897836503157,-16.905443623735096,4.379206468352851,0.4407643085417908,sub-0598
2,-1.5934157868776317,0.8184256643591917,0.9742283123601814,N < 100,1 k̂ > 0.70,2.5334190137422348,-18.327752312371203,4.4971251495590385,0.0,sub-0598
3,-7.367135025261341,3.732416191117692,0.975799156665328,N < 100,,1.9613354487415036,-24.101471550754912,4.605881053448147,2.3462135012586316e-16,sub-0598
0,0.0,0.0,,,3 k̂ > 0.70,1.9319378559644327,-15.542885574825467,4.189084872665598,0.6031615922580724,sub-0599
1,-0.5197401846047871,2.525681978777678,0.5815194446174136,N < 100,6 k̂ > 0.70,1.812003750059182,-16.062625759430254,4.561835456498433,0.3968384077419272,sub-0599
2,-1.1458357155147487,0.8197484105676279,0.9189118548215165,N < 100,,2.386849830548532,-16.688721290340215,4.2159377712987585,6.616500666416468e-16,sub-0599
3,-7.560247572929574,3.4772835656484755,0.9851542677275472,N < 100,,1.8392959840535803,-23.10313314775504,4.39447266599503,0.0,sub-0599
0,0.0,0.0,,,1 k̂ > 0.70,2.180738798921459,-18.41077436505074,4.6775403339882855,0.9136850408311373,sub-0600
1,-1.9907971026501636,2.1699949977468727,0.8205387370208178,N < 100,6 k̂ > 0.70,4.154111330069254,-20.401571467700908,6.392263782764305,1.6388163600360081e-16,sub-0600
2,-3.2476481714883025,2.684206583938143,0.8868432697263662,N < 100,,1.3687571878507043,-21.65842253653905,4.32259601629346,0.08631495916886259,sub-0600
3,-4.460613858386115,2.8119329092367344,0.9436661653574406,N < 100,,1.9756092201248798,-22.871388223436856,4.366779606140559,0.0,sub-0600
0,0.0,0.0,,,,1.758434353884635,-22.044603263858995,4.343314766932691,1.0,sub-0601
1,-2.723483975155876,2.19460409080537,0.892695467380515,N < 100,1 k̂ > 0.70,3.5030503326545923,-24.768087239014868,5.780093330747826,0.0,sub-0601
2,-2.972898243482918,2.3484704021665666,0.8972232363301426,N < 100,,1.918751999561108,-25.017501507341912,4.53402850743929,0.0,sub-0601
3,-3.3006936443673087,2.2782582146281656,0.9263004053944619,N < 100,,1.9886833152658732,-25.34529690822631,4.5371391672731045,0.0,sub-0601
0,0.0,0.0,,,,1.859167173554517,-26.810307698950027,4.369560770157711,0.2917844463487849,sub-0602
1,-0.1752032843484006,2.404918114115803,0.5290380859984711,N < 100,,2.270308020936387,-26.98551098329842,4.733257529240103,0.13579591455289783,sub-0602
2,-0.9663108231648128,1.6102216960311964,0.7257836766985519,N < 100,,1.4879629906189582,-27.77661852211483,4.2499059034902835,0.12100377949457686,sub-0602
3,-1.1868659593393325,3.699343493627983,0.6258309604607403,N < 100,,4.929312710930216,-27.99717365828935,6.89805533837926,0.4514158596037404,sub-0602
0,0.0,0.0,,,1 k̂ > 0.70,1.2063135038733988,-11.900403285243106,3.3458762466224745,1.0,sub-0604
1,-2.38691361050002,1.6399396114556386,0.9272329949989266,N < 100,,0.8780227751989945,-14.287316895743126,2.9617580825559275,1.6958656701149266e-14,sub-0604
2,-6.809147165952561,3.033218583309706,0.9876113979289816,N < 100,,3.034627016688572,-18.709550451195668,4.337209391738463,0.0,sub-0604
3,-9.00762309150133,3.3594688620710245,0.9963327691608899,N < 100,,1.6075988920307842,-20.90802637674443,4.433213427838692,0.0,sub-0604
0,0.0,0.0,,,2 k̂ > 0.70,2.42062974985063,-20.900736830413706,4.895267972340192,0.8647663885106793,sub-0605
1,-0.5343299441171832,1.112831711264008,0.6844408447420188,N < 100,1 k̂ > 0.70,0.9661822533694674,-21.43506677453089,4.333667282852132,0.04475899644800648,sub-0605
2,-1.0558854968905242,1.6770031733871453,0.735530481703977,N < 100,,1.3339020930059518,-21.95662232730423,3.793143236798491,0.008799735363224752,sub-0605
3,-6.827461455594821,4.022771557904074,0.9551708911401307,N < 100,,1.9490806993178613,-27.728198286008528,3.895322905121237,0.08167487967808948,sub-0605
0,0.0,0.0,,,,1.1792530773705878,-18.631096571056236,3.5906650015496258,0.6626336517378714,sub-0606
1,-1.0228602885357603,2.3451025244720407,0.6686428274613238,N < 100,4 k̂ > 0.70,2.084538746427541,-19.653956859591993,4.694532615535424,0.3373663482621259,sub-0606
2,-4.38169724169312,1.9986919423839862,0.9858204404298977,N < 100,,3.1112778934333796,-23.012793812749358,4.411355124655767,2.2171101936525327e-15,sub-0606
3,-4.433486054725421,2.1953634527413386,0.9782811685570104,N < 100,,1.5676839499397912,-23.064582625781654,4.1991000232958156,6.923172972406189e-16,sub-0606
0,0.0,0.0,,,,2.42088622123891,-23.70548159386239,4.887791137070189,0.9290134852989153,sub-0607
1,-0.8917732245116987,0.6655433133441546,0.9098639384635483,N < 100,,2.5868109088288027,-24.59725481837409,5.337103792077168,1.7510435068811872e-15,sub-0607
2,-1.6147423875967473,1.0168824466034903,0.9438493875335006,N < 100,,2.8990841913112937,-25.320223981459144,4.527136942504084,4.26286888998698e-15,sub-0607
3,-5.614525774744601,3.344785182058973,0.9533840936884252,N < 100,,1.866657232183896,-29.320007368606994,3.920971365863643,0.07098651470107875,sub-0607
0,0.0,0.0,,,,2.1349579063513895,-24.17102525397713,4.637908550130781,1.0,sub-0608
1,-1.6025286703819646,1.9497343350236704,0.794439226944877,N < 100,1 k̂ > 0.70,2.784903453417178,-25.773553924359092,5.365644619429697,6.772360450213455e-15,sub-0608
2,-6.256427066742688,3.9758597592993157,0.9422104350066924,N < 100,,3.3515066502752937,-30.427452320719823,6.502976680761109,0.0,sub-0608
3,-6.427519069500557,3.685452639316717,0.9594225762694595,N < 100,1 k̂ > 0.70,3.534388432721261,-30.598544323477693,5.910496806196605,0.0,sub-0608
0,0.0,0.0,,,,3.2045718852223946,-23.63887311406186,5.608825902457724,0.7031334569433544,sub-0609
1,-0.0028610965567121838,3.2895658857691665,0.5003469795956406,N < 100,,2.0772041861829074,-23.641734210618566,4.149971797821871,2.9779493638101133e-17,sub-0609
2,-0.1458005309485202,3.185884749021809,0.5182510365312942,N < 100,,1.9573791604564736,-23.78467364501038,4.0655711618664325,0.0,sub-0609
3,-0.8134403978607061,3.827050605491866,0.5841610934791598,N < 100,,1.991496074674419,-24.45231351192256,4.197230813797045,0.29686654305664556,sub-0609
0,0.0,0.0,,,,1.305853386880908,-26.279966660653777,3.5869396510799625,0.6755208656719528,sub-0610
1,-0.706559393821653,1.8117311397556697,0.6517285122215297,N < 100,,1.5144763232335234,-26.98652605447542,3.950782764124555,0.2507916117889293,sub-0610
2,-2.0850529897753383,1.5413888813193535,0.911925939436464,N < 100,,2.5474041258042424,-28.365019650429105,4.2212695023657245,8.038840003714608e-17,sub-0610
3,-3.6168919330738705,3.766442532457865,0.8315463500199916,N < 100,2 k̂ > 0.70,4.474891567948813,-29.896858593727643,6.063026582259225,0.07368752253911792,sub-0610
0,0.0,0.0,,,,1.4275223937312496,-28.093749018679176,3.3475003937778673,1.0,sub-0611
1,-2.1057633722959412,1.6996321588708776,0.892318440036689,N < 100,,1.568913942073304,-30.19951239097512,3.5832848659751346,8.326672684688674e-17,sub-0611
2,-2.1161046659171134,1.2287817723279655,0.9574757401233595,N < 100,1 k̂ > 0.70,2.7380395102491435,-30.20985368459629,3.849856328700118,0.0,sub-0611
3,-2.5462432863811824,1.5769117877518277,0.9468124238321924,N < 100,,3.6773715198773282,-30.63999230506036,4.604966298771039,5.551115123125783e-17,sub-0611
0,0.0,0.0,,,,1.7254655691818221,-18.654388529487637,4.274291098033893,0.9999999999999991,sub-0612
1,-0.8134942956776996,0.37700310423157324,0.9845279978016412,N < 100,,1.7405710217968056,-19.467882825165333,4.243836242172224,0.0,sub-0612
2,-2.085219773663132,1.0266547738750127,0.9788766487261863,N < 100,,1.8887099078920917,-20.739608303150767,4.3804488450553185,9.114726360900903e-16,sub-0612
3,-5.964268823187847,1.838297437357708,0.9994116169088656,N < 100,,1.9762985097385999,-24.618657352675484,4.6039154361427865,5.737597896793289e-16,sub-0612
0,0.0,0.0,,,,1.1254494851848513,-18.06005420950728,2.79591898787729,0.999999999999941,sub-0613
1,-6.747430101502102,1.219777400974678,0.9999999841419709,N < 100,,0.9015806864266758,-24.807484311009375,2.268887341309794,1.609823385706477e-14,sub-0613
2,-7.217658459850552,1.9509225325188435,0.9998920357798624,N < 100,,0.8508706526266249,-25.277712669357825,1.6897400054988991,1.942890293094024e-16,sub-0613
3,-9.654763132977328,1.7368714948548927,0.9999999864111274,N < 100,,1.459722802996431,-27.7148173424846,3.0315647877821137,4.263256414560601e-14,sub-0613
0,0.0,0.0,,,1 k̂ > 0.70,2.0509435358755406,-25.26499808251632,5.0328552565764,0.5960820419025007,sub-0614
1,-0.29152244157462626,2.4920578381581935,0.5465622898106687,N < 100,,1.3636277390450475,-25.556520524090946,3.374050963713354,0.4039179580974989,sub-0614
2,-1.0666947834542775,1.6783996631662759,0.7374627617199185,N < 100,,1.093141753018347,-26.331692865970595,4.151774458431933,4.467928294024291e-16,sub-0614
3,-1.6554558125888175,2.5448273270763138,0.7423211390673141,N < 100,,1.3775812552355782,-26.920453895105137,3.4142033169395503,0.0,sub-0614
0,0.0,0.0,,,,1.6914397545960789,-34.602380815713296,2.4274310294396844,0.9999999999999986,sub-0615
1,-2.3689232703685086,1.3393885230365883,0.9615247071004356,N < 100,7 k̂ > 0.70,0.7669667458162082,-36.971304086081815,2.998549936165276,0.0,sub-0615
2,-2.666639351525067,2.5352470487583605,0.8535603593540706,N < 100,1 k̂ > 0.70,4.0193901654736806,-37.26902016723837,4.793843484692846,8.049116928532385e-16,sub-0615
3,-3.5255276768116914,1.4403511041819113,0.9928111614508444,N < 100,,1.3136268294176185,-38.12790849252501,2.873251668802551,1.304512053934559e-15,sub-0615
0,0.0,0.0,,,3 k̂ > 0.70,1.936378840144089,-18.264761623227773,4.866756988572709,0.8991143827380164,sub-0616
1,-2.781530700729533,2.4994274959257154,0.8671172502365696,N < 100,,1.5923431627961542,-21.046292323957303,4.43731155787018,0.0,sub-0616
2,-3.914298879553142,2.172010846854698,0.9642394407010905,N < 100,,2.714939315237689,-22.179060502780917,4.761974756798804,0.0,sub-0616
3,-7.679286067288549,4.278671415166613,0.9636558476809682,N < 100,,1.8182539348039546,-25.94404769051632,3.96207832554067,0.10088561726199566,sub-0616
0,0.0,0.0,,,,1.8906798827558775,-24.894573767925472,4.478563235196393,0.47135246626282085,sub-0617
1,-0.006071531403316399,2.1420124193381644,0.5011307998582246,N < 100,,1.1458309560439286,-24.90064529932879,4.478577274984287,0.020846566493157994,sub-0617
2,-0.18268291003872505,1.7793660412468753,0.540886531604328,N < 100,,1.7489190589846504,-25.0772566779642,4.391523271944791,0.09668355448974837,sub-0617
3,-0.9382102448050702,3.1617038798187256,0.6166682448348054,N < 100,3 k̂ > 0.70,3.026256186961781,-25.832784012730542,6.368210161485374,0.41111741275427277,sub-0617
0,0.0,0.0,,,,2.30509946968231,-20.467781646590055,4.416668518645807,0.7415121149150596,sub-0619
1,-1.9609291144990841,2.668295939415794,0.7687996214692219,N < 100,,1.314549827518021,-22.428710761089143,3.9465931076957244,0.21419481491763298,sub-0619
2,-3.445939774366238,2.276172700814302,0.9349767339070795,N < 100,,1.7791185141423669,-23.913721420956293,4.500192712408555,0.0442930701673068,sub-0619
3,-5.8765539616027755,2.3032049843766202,0.9946364922620036,N < 100,,1.7864247209843815,-26.34433560819283,4.300982726294633,4.64065634878108e-16,sub-0619
0,0.0,0.0,,,,0.9882580097521612,-25.194436829246968,3.811208934783017,0.8328268403579207,sub-0620
1,-0.5897687670084988,1.3653022367637981,0.6671181677001641,N < 100,1 k̂ > 0.70,1.4270679589944382,-25.78420559625546,5.133966490136543,0.1671731596420792,sub-0620
2,-0.8813927559888608,0.7014809999102438,0.8955279471158548,N < 100,,1.9642834844854724,-26.075829585235827,3.8622589916830217,9.804799753966962e-17,sub-0620
3,-4.955113283852409,2.2085149860291255,0.9875722237874688,N < 100,,2.440699645242799,-30.149550113099366,3.555685315488322,0.0,sub-0620
0,0.0,0.0,,,,1.9320447051450327,-26.540779700462963,4.3404260555023075,0.29365353957271556,sub-0621
1,-0.24248078404374063,0.8650019776427784,0.6103855169021422,N < 100,,2.457608640065542,-26.783260484506705,4.376607543382246,0.0,sub-0621
2,-0.24919660059882176,2.0082962176475667,0.5493754537257389,N < 100,,2.2235795179721856,-26.789976301061788,4.63241942555037,0.2865193861026303,sub-0621
3,-0.6017347109706508,2.812633184480795,0.584703072086313,N < 100,,3.468468707122416,-27.14251441143362,5.512878142507194,0.41982707432465466,sub-0621
0,0.0,0.0,,,,1.8328513196542953,-23.35955121795667,4.381503134584583,0.9999999999999999,sub-0622
1,-0.5784381924928308,0.6458714374415927,0.8147650173180478,N < 100,,2.009273644100679,-23.9379894104495,4.420545600433096,0.0,sub-0622
2,-2.2490282006795272,1.0937251961465593,0.9801232433997472,N < 100,,1.649256641144175,-25.608579418636197,4.08387105910532,5.187396396539185e-16,sub-0622
3,-3.0923486388807078,1.9380884056334358,0.9447071770525914,N < 100,,1.9529510541470716,-26.45189985683737,4.4439265822569505,3.157196726277789e-16,sub-0622
0,0.0,0.0,,,,1.8466857148549098,-22.179462852408218,4.187993313356218,0.999999999999997,sub-0623
1,-0.9245200669107358,0.9970042233411894,0.8231140953803027,N < 100,,2.055692157441208,-23.103982919318955,4.567657126145815,8.604228440844963e-16,sub-0623
2,-1.011538257651015,0.4077187398307377,0.9934487433244904,N < 100,,1.9313801919459361,-23.191001110059233,4.118434947636889,1.522453098127356e-15,sub-0623
3,-6.196930858558963,2.0281702237102754,0.998876307334828,N < 100,,1.8464917251999053,-28.37639371096718,4.1282398310874875,6.245004513516506e-16,sub-0623
0,0.0,0.0,,,,2.4252447370338963,-33.323707347824964,3.6589445894765804,0.7141798497174793,sub-0624
1,-0.27672922410241974,0.8794074017437867,0.6234965200539767,N < 100,,2.2142548456811455,-33.60043657192739,4.084897632663075,1.2568608768763036e-16,sub-0624
2,-0.6094411705187479,1.223177395177053,0.6908440706887564,N < 100,,2.849226461749018,-33.93314851834372,3.5314663204958285,0.0,sub-0624
3,-1.1667562074280102,2.3807823361945037,0.6879587395630549,N < 100,,1.995452540930822,-34.49046355525299,3.396545382110255,0.2858201502825207,sub-0624
0,0.0,0.0,,,,1.3712035705750996,-16.99059947403114,3.0395385460446,0.5254017147946994,sub-0625
1,-0.45650429594957664,2.9383142021282067,0.5617322882245045,N < 100,,2.1957935495783274,-17.447103769980714,3.7782054181266096,0.4745982852053005,sub-0625
2,-1.2325889997071435,2.7974250935396356,0.6702543287251684,N < 100,,1.167563921521137,-18.223188473738283,3.5809565938140384,1.79629758287249e-17,sub-0625
3,-2.747906971568785,3.5882086496071044,0.7781070519928018,N < 100,,1.3288683987168795,-19.738506445599924,4.026011276563277,1.771315299298193e-17,sub-0625
0,0.0,0.0,,,,1.5983316578797806,-19.935124367922434,3.7165229497298267,1.0,sub-0626
1,-3.6263043657948373,2.320597372204797,0.9409336898139327,N < 100,,1.928895355817857,-23.56142873371727,4.185402607557565,3.394506897791416e-14,sub-0626
2,-4.365510080076152,2.1949417065437062,0.9766436406978469,N < 100,,1.9366386060859084,-24.30063444799859,4.128409008744417,7.271960811294775e-15,sub-0626
3,-11.51155406570362,1.8686085866055941,0.9999999996374107,N < 100,,1.7689113257707147,-31.446678433626055,3.646329438651906,0.0,sub-0626
0,0.0,0.0,,,,1.4491256298205308,-22.143357127274903,3.5806943105638633,0.7715068258198028,sub-0627
1,-1.6395222793125832,0.8467601840476477,0.9735802172639986,N < 100,,1.0844388953940125,-23.782879406587483,3.1667334183083318,0.0,sub-0627
2,-3.772644131521359,2.477442746068188,0.9360953380105331,N < 100,,1.085405613791834,-25.91600125879626,3.0474491575031273,0.0,sub-0627
3,-3.793494657890566,3.978602569259914,0.8298250533768927,N < 100,1 k̂ > 0.70,2.5351912302665283,-25.936851785165466,4.4458183806321925,0.2284931741802054,sub-0627
0,0.0,0.0,,,,1.556740017153221,-22.159631794200074,3.989725865738892,1.0,sub-0628
1,-2.3271186853122883,1.3148453393982686,0.9616264470804282,N < 100,5 k̂ > 0.70,3.0803652079048356,-24.48675047951236,5.031237548848772,2.3037127760972e-15,sub-0628
2,-2.340048599091844,1.3212962449700512,0.9617217225057636,N < 100,,2.676577322980263,-24.499680393291918,4.23067719621831,0.0,sub-0628
3,-5.173829969466189,2.8990901884835134,0.9628400699260269,N < 100,,1.911081278116316,-27.333461763666268,4.392818810198954,0.0,sub-0628
0,0.0,0.0,,,,1.6553824085875557,-24.146335462657937,4.100823861093455,1.0,sub-0629
1,-0.929467228096776,0.6930610007778636,0.9100567370351127,N < 100,,2.022202950006312,-25.075802690754713,4.172051589556934,2.2432227851266696e-16,sub-0629
2,-1.0992821046604622,1.1057465437765805,0.8399259965875163,N < 100,,2.113754439829049,-25.245617567318394,4.615537138406346,0.0,sub-0629
3,-2.0008287769713036,1.6445368886932303,0.8881316386999022,N < 100,,1.8581986336924594,-26.14716423962924,4.339087553068615,0.0,sub-0629
0,0.0,0.0,,,,1.6328838824266054,-19.97594520229056,4.448591695783648,0.6746726822459389,sub-0630
1,-0.48626656247553157,2.434234820088135,0.5791664697934191,N < 100,,1.4500869040506532,-20.462211764766096,3.426991421182018,0.0,sub-0630
2,-0.5662445666358167,2.715889781729201,0.5825780563857506,N < 100,,0.8825354103317581,-20.542189768926377,2.7123989198532104,0.3253273177540493,sub-0630
3,-7.9926093682352075,3.21393471422116,0.9935562155612869,N < 100,,1.4159025040479731,-27.968554570525768,3.591654422777657,2.424919918065703e-14,sub-0630
0,0.0,0.0,,,,1.1247084188968355,-24.3432672791716,3.3270264867806807,0.27059397498843846,sub-0631
1,-0.18895883837943828,1.7234048334595038,0.5436536456946301,N < 100,,1.2529228451887733,-24.532226117551033,3.7439484962370306,0.43933338053395177,sub-0631
2,-1.1370674354930097,1.7331841861388333,0.7441062411826498,N < 100,,2.9906703963962675,-25.48033471466461,4.413601360466192,0.0,sub-0631
3,-1.2503653724094779,2.479648858096562,0.6929574908360779,N < 100,4 k̂ > 0.70,2.642915474268027,-25.593632651581075,4.234077963825857,0.2900726444776101,sub-0631
0,0.0,0.0,,,18 k̂ > 0.70,0.21208204939915148,-37.44368594437607,2.383639254512921,1.0,sub-0632
1,-0.7123561089569446,0.6832658061287862,0.8514275021101196,N < 100,,1.0855444930709197,-38.156042053333024,2.2557384936623746,0.0,sub-0632
2,-0.8736640030923581,0.4724549920901959,0.967785566024422,N < 100,1 k̂ > 0.70,1.1846644849402221,-38.31734994746844,2.1481855429632932,6.475279785903192e-16,sub-0632
3,-1.0735805140551182,1.06588728331546,0.8430849100778735,N < 100,,1.2793058764127805,-38.5172664584312,1.9914891949331077,0.0,sub-0632
0,0.0,0.0,,,,0.8658853353354001,-21.99733641058581,3.128227840021439,0.9999999999999897,sub-0633
1,-2.3489530945282544,1.307347371216716,0.9638109263142804,N < 100,,1.310346702030834,-24.346289505114065,3.9454500322684023,0.0,sub-0633
2,-4.000129969774625,1.4735301219383732,0.9966827852956385,N < 100,,0.8554497837218694,-25.997466380360436,1.882834573633642,2.3037127760972e-15,sub-0633
3,-6.552658486932644,1.4740771431094863,0.9999956107505263,N < 100,,0.9861780383068313,-28.549994897518452,2.0465382437342985,1.7819079545233762e-14,sub-0633
0,0.0,0.0,,,,1.5598867193387231,-34.21820757371506,3.4056785834291228,0.9812215116728282,sub-0638
1,-1.4854407409699792,1.3441830177916962,0.8654393052773507,N < 100,,1.6918402555121883,-35.70364831468505,2.8860001615449926,2.274323326668313e-16,sub-0638
2,-1.6668121512273455,1.8398548339808463,0.8175182174343972,N < 100,1 k̂ > 0.70,1.38615772578041,-35.88501972494242,3.601879403490128,0.01877848832717164,sub-0638
3,-3.4398390651784148,2.6891452977394645,0.8995791148691902,N < 100,2 k̂ > 0.70,2.2342833947829237,-37.65804663889349,4.597685337231912,0.0,sub-0638
0,0.0,0.0,,,,1.4029138345353789,-20.326331403104785,4.178359331974663,0.9731519530077237,sub-0639
1,-1.6357275577551906,2.0239015137195384,0.7905137434558169,N < 100,,1.4551808729202231,-21.962058960859984,4.12087908739336,0.026848046992267706,sub-0639
2,-1.968472981395779,1.5240909924189818,0.9017472663733768,N < 100,,2.5821324066931552,-22.294804384500566,4.443991489794012,1.0137314752843143e-15,sub-0639
3,-5.2157045093154,1.7348586553740204,0.9986782588185709,N < 100,1 k̂ > 0.70,4.497894165616164,-25.542035912420186,5.308179731840455,7.69946172790581e-15,sub-0639
